SPO 2026 01 01 00   57   2.2  -9  697.59  -25.8  -25.8  -26.2  64 -99
SPO 2026 01 01 01   74   2.6  -9  697.65  -26.4  -26.0  -26.1  65 -99
SPO 2026 01 01 02   87   3.0  -9  697.58  -26.8  -26.4  -26.5  66 -99
SPO 2026 01 01 03   60   4.1  -9  697.56  -26.7  -26.0  -26.5  66 -99
SPO 2026 01 01 04   51   4.6  -9  697.39  -26.4  -25.6  -26.3  66 -99
SPO 2026 01 01 05   58   4.5  -9  697.37  -26.3  -25.3  -26.1  67 -99
SPO 2026 01 01 06   64   4.5  -9  697.43  -26.4  -25.5  -26.2  68 -99
SPO 2026 01 01 07   63   4.4  -9  697.36  -26.6  -25.7  -26.2  68 -99
SPO 2026 01 01 08   59   4.7  -9  697.32  -26.5  -25.1  -25.8  68 -99
SPO 2026 01 01 09   65   4.1  -9  697.17  -26.5  -25.4  -25.7  69 -99
SPO 2026 01 01 10   70   4.1  -9  697.06  -26.2  -25.3  -25.5  68 -99
SPO 2026 01 01 11   59   4.3  -9  696.77  -25.6  -24.9  -25.2  67 -99
SPO 2026 01 01 12   41   4.4  -9  696.48  -24.7  -23.9  -24.3  70 -99
SPO 2026 01 01 13   40   5.0  -9  696.31  -23.9  -23.1  -23.5  72 -99
SPO 2026 01 01 14   33   5.6  -9  695.97  -23.7  -22.6  -23.0  70 -99
SPO 2026 01 01 15   37   5.6  -9  695.60  -23.8  -22.6  -23.0  71 -99
SPO 2026 01 01 16   44   5.6  -9  695.31  -24.0  -22.6  -23.3  71 -99
SPO 2026 01 01 17   53   5.4  -9  694.97  -23.8  -22.9  -23.5  70 -99
SPO 2026 01 01 18   66   5.2  -9  694.60  -24.3  -23.4  -23.8  70 -99
SPO 2026 01 01 19   74   5.9  -9  694.30  -24.4  -23.6  -23.9  69 -99
SPO 2026 01 01 20   74   7.4  -9  693.84  -24.2  -23.5  -23.9  68 -99
SPO 2026 01 01 21   79   7.6  -9  693.30  -24.2  -23.3  -23.9  66 -99
SPO 2026 01 01 22   78   7.9  -9  692.72  -24.1  -23.2  -23.8  66 -99
SPO 2026 01 01 23   75   7.6  -9  692.16  -23.2  -22.6  -23.2  68 -99
SPO 2026 01 02 00   72   7.8  -9  691.55  -22.3  -21.5  -22.2  70 -99
SPO 2026 01 02 01   71   7.9  -9  690.73  -22.4  -21.2  -22.0  68 -99
SPO 2026 01 02 02   60   8.1  -9  690.23  -21.6  -20.2  -21.2  69 -99
SPO 2026 01 02 03   47   9.0  -9  689.61  -20.8  -19.8  -20.5  70 -99
SPO 2026 01 02 04   42   9.0  -9  689.37  -20.4  -19.3  -20.0  71 -99
SPO 2026 01 02 05   31   9.8  -9  689.07  -19.6  -18.7  -19.2  69 -99
SPO 2026 01 02 06   31   9.9  -9  688.88  -19.7  -18.8  -19.3  69 -99
SPO 2026 01 02 07   31   9.8  -9  688.80  -20.2  -19.3  -19.7  70 -99
SPO 2026 01 02 08   35   9.5  -9  688.52  -20.2  -19.1  -19.5  70 -99
SPO 2026 01 02 09   38   9.9  -9  688.13  -20.2  -19.1  -19.5  69 -99
SPO 2026 01 02 10   37   9.6  -9  687.66  -20.3  -19.3  -19.7  67 -99
SPO 2026 01 02 11   34   9.5  -9  687.34  -20.4  -19.4  -19.8  67 -99
SPO 2026 01 02 12   31   9.5  -9  686.79  -20.6  -19.7  -20.1  69 -99
SPO 2026 01 02 13   26   9.7  -9  686.37  -20.9  -20.3  -20.6  70 -99
SPO 2026 01 02 14   16   9.3  -9  686.08  -20.8  -20.4  -20.9  70 -99
SPO 2026 01 02 15   14   8.3  -9  685.91  -20.9  -20.5  -20.9  71 -99
SPO 2026 01 02 16    3   7.9  -9  685.89  -20.4  -20.0  -20.4  73 -99
SPO 2026 01 02 17  357   7.4  -9  686.06  -20.3  -20.0  -20.4  73 -99
SPO 2026 01 02 18  352   6.4  -9  686.23  -20.1  -19.6  -20.1  73 -99
SPO 2026 01 02 19  327   6.9  -9  686.53  -19.6  -19.3  -19.7  72 -99
SPO 2026 01 02 20  314   6.3  -9  686.95  -19.2  -18.9  -19.4  70 -99
SPO 2026 01 02 21  299   7.3  -9  687.60  -20.0  -19.1  -20.0  71 -99
SPO 2026 01 02 22  296   7.7  -9  688.29  -20.8  -19.8  -20.8  70 -99
SPO 2026 01 02 23  291   8.0  -9  688.94  -21.2  -20.6  -21.3  71 -99
SPO 2026 01 03 00  289   7.9  -9  689.63  -21.7  -21.1  -21.8  71 -99
SPO 2026 01 03 01  284   7.8  -9  690.38  -21.9  -21.2  -21.9  71 -99
SPO 2026 01 03 02  291   8.0  -9  690.98  -21.9  -21.4  -22.0  72 -99
SPO 2026 01 03 03  290   7.9  -9  691.53  -22.4  -21.8  -22.4  71 -99
SPO 2026 01 03 04  292   7.3  -9  692.10  -22.2  -21.6  -22.3  71 -99
SPO 2026 01 03 05  292   7.4  -9  692.78  -22.0  -21.4  -22.0  71 -99
SPO 2026 01 03 06  295   7.4  -9  693.44  -22.0  -21.4  -22.1  68 -99
SPO 2026 01 03 07  281   6.0  -9  694.05  -22.1  -21.6  -22.2  66 -99
SPO 2026 01 03 08  286   6.0  -9  694.58  -21.9  -21.4  -22.0  69 -99
SPO 2026 01 03 09  287   6.5  -9  695.00  -21.6  -21.0  -21.7  71 -99
SPO 2026 01 03 10  295   5.7  -9  695.31  -21.2  -20.7  -21.3  71 -99
SPO 2026 01 03 11  303   5.7  -9  695.64  -21.0  -20.6  -21.3  68 -99
SPO 2026 01 03 12  306   5.7  -9  695.94  -20.9  -20.6  -21.2  69 -99
SPO 2026 01 03 13  316   5.7  -9  696.13  -20.8  -20.5  -21.1  67 -99
SPO 2026 01 03 14  321   4.4  -9  696.25  -20.9  -20.8  -21.2  70 -99
SPO 2026 01 03 15  324   5.9  -9  696.40  -20.6  -20.5  -20.8  72 -99
SPO 2026 01 03 16  337   5.3  -9  696.45  -20.3  -20.0  -20.5  71 -99
SPO 2026 01 03 17  338   5.9  -9  696.58  -20.4  -20.0  -20.5  72 -99
SPO 2026 01 03 18  342   6.9  -9  696.67  -20.5  -20.2  -20.7  72 -99
SPO 2026 01 03 19  346   6.9  -9  696.81  -20.5  -20.0  -20.6  72 -99
SPO 2026 01 03 20  355   6.0  -9  696.98  -21.1  -20.6  -21.0  73 -99
SPO 2026 01 03 21    4   6.5  -9  696.93  -20.8  -20.4  -20.9  74 -99
SPO 2026 01 03 22    5   7.8  -9  696.71  -20.4  -20.0  -20.4  74 -99
SPO 2026 01 03 23  359   8.3  -9  696.57  -20.4  -19.9  -20.3  74 -99
SPO 2026 01 04 00    3   7.8  -9  696.57  -20.3  -19.5  -20.0  72 -99
SPO 2026 01 04 01    2   7.5  -9  696.46  -20.8  -20.2  -20.7  73 -99
SPO 2026 01 04 02    5   7.3  -9  696.29  -20.7  -20.3  -20.8  73 -99
SPO 2026 01 04 03  359   7.2  -9  696.08  -20.1  -19.7  -20.2  73 -99
SPO 2026 01 04 04  354   6.6  -9  696.05  -19.9  -19.6  -20.0  74 -99
SPO 2026 01 04 05  340   5.3  -9  696.15  -19.1  -18.7  -19.1  75 -99
SPO 2026 01 04 06  337   6.1  -9  696.20  -18.5  -18.1  -18.5  75 -99
SPO 2026 01 04 07  337   5.5  -9  696.23  -18.4  -18.0  -18.4  76 -99
SPO 2026 01 04 08  331   6.1  -9  696.14  -18.4  -18.1  -18.5  76 -99
SPO 2026 01 04 09  335   6.0  -9  696.04  -18.1  -17.8  -18.2  76 -99
SPO 2026 01 04 10  344   5.9  -9  696.00  -18.0  -17.7  -18.1  76 -99
SPO 2026 01 04 11  354   6.6  -9  695.89  -18.2  -17.9  -18.3  75 -99
SPO 2026 01 04 12    3   6.1  -9  695.83  -18.6  -17.9  -18.4  74 -99
SPO 2026 01 04 13  360   6.6  -9  695.59  -19.1  -18.5  -18.8  75 -99
SPO 2026 01 04 14  352   5.9  -9  695.52  -19.8  -19.0  -19.1  74 -99
SPO 2026 01 04 15  352   6.1  -9  695.37  -19.3  -18.8  -19.0  76 -99
SPO 2026 01 04 16  357   5.6  -9  695.20  -18.8  -18.3  -18.8  75 -99
SPO 2026 01 04 17  355   5.3  -9  695.22  -19.3  -18.8  -19.3  75 -99
SPO 2026 01 04 18  356   5.1  -9  695.19  -19.2  -18.7  -19.1  75 -99
SPO 2026 01 04 19    4   5.3  -9  695.01  -19.1  -18.5  -19.1  74 -99
SPO 2026 01 04 20    7   5.5  -9  694.93  -19.8  -19.1  -19.5  74 -99
SPO 2026 01 04 21    9   5.3  -9  694.80  -20.2  -19.2  -19.5  73 -99
SPO 2026 01 04 22   18   5.0  -9  694.67  -19.8  -18.9  -19.4  71 -99
SPO 2026 01 04 23   13   5.5  -9  694.43  -19.9  -19.0  -19.4  71 -99
SPO 2026 01 05 00   20   5.2  -9  694.15  -20.1  -19.3  -19.7  70 -99
SPO 2026 01 05 01   30   5.6  -9  693.91  -20.9  -19.8  -20.2  71 -99
SPO 2026 01 05 02   21   6.8  -9  693.55  -20.8  -19.9  -20.3  69 -99
SPO 2026 01 05 03   21   6.6  -9  693.30  -21.0  -20.1  -20.6  68 -99
SPO 2026 01 05 04   21   6.9  -9  693.13  -21.2  -20.4  -20.9  69 -99
SPO 2026 01 05 05   24   6.4  -9  693.04  -21.3  -20.3  -20.9  69 -99
SPO 2026 01 05 06   17   6.1  -9  693.09  -21.2  -20.5  -21.1  70 -99
SPO 2026 01 05 07   18   6.4  -9  692.91  -21.3  -20.6  -21.2  70 -99
SPO 2026 01 05 08   20   6.1  -9  692.77  -21.8  -21.0  -21.5  71 -99
SPO 2026 01 05 09   13   6.0  -9  692.59  -21.8  -20.9  -21.5  71 -99
SPO 2026 01 05 10   12   6.0  -9  692.50  -21.8  -20.9  -21.6  70 -99
SPO 2026 01 05 11   14   5.7  -9  692.49  -22.3  -21.4  -21.9  70 -99
SPO 2026 01 05 12   21   5.8  -9  692.34  -22.4  -21.6  -21.9  70 -99
SPO 2026 01 05 13   19   5.9  -9  692.27  -22.5  -21.7  -21.8  70 -99
SPO 2026 01 05 14   16   5.9  -9  692.18  -22.4  -21.7  -22.0  68 -99
SPO 2026 01 05 15   12   6.0  -9  692.04  -22.8  -21.8  -22.0  70 -99
SPO 2026 01 05 16   16   5.9  -9  692.03  -22.8  -21.8  -22.0  70 -99
SPO 2026 01 05 17   13   5.6  -9  692.16  -23.1  -22.4  -22.5  70 -99
SPO 2026 01 05 18   13   5.7  -9  692.37  -23.0  -22.3  -22.4  71 -99
SPO 2026 01 05 19   11   5.5  -9  692.51  -23.3  -22.3  -22.5  72 -99
SPO 2026 01 05 20   18   4.8  -9  692.60  -23.3  -22.5  -22.6  70 -99
SPO 2026 01 05 21   19   4.1  -9  692.70  -23.4  -22.3  -22.6  69 -99
SPO 2026 01 05 22   11   4.3  -9  692.83  -23.7  -22.4  -22.6  70 -99
SPO 2026 01 05 23    7   3.4  -9  692.92  -23.7  -22.4  -22.8  70 -99
SPO 2026 01 06 00   14   3.4  -9  693.05  -24.0  -22.8  -23.0  68 -99
SPO 2026 01 06 01   10   3.8  -9  693.14  -24.1  -22.6  -23.0  69 -99
SPO 2026 01 06 02    4   4.0  -9  693.12  -24.2  -22.7  -23.0  70 -99
SPO 2026 01 06 03    6   4.0  -9  693.35  -24.2  -22.9  -23.1  70 -99
SPO 2026 01 06 04  350   3.1  -9  693.58  -24.5  -23.0  -23.4  70 -99
SPO 2026 01 06 05    0   2.5  -9  693.86  -24.6  -23.2  -23.5  69 -99
SPO 2026 01 06 06  324   1.7  -9  694.13  -24.6  -23.4  -23.8  68 -99
SPO 2026 01 06 07  237   2.1  -9  694.32 -999.9  -24.4  -25.0 -99 -99
SPO 2026 01 06 08  216   2.7  -9  694.53 -999.9  -25.3  -25.9 -99 -99
SPO 2026 01 06 09  207   2.5  -9  694.74  -24.7  -24.5  -25.0  74 -99
SPO 2026 01 06 10  184   1.9  -9  695.00  -24.7  -24.7  -25.0  74 -99
SPO 2026 01 06 11  180   2.1  -9  695.18  -25.0  -25.0  -25.3  74 -99
SPO 2026 01 06 12  173   2.6  -9  695.25  -25.5  -25.4  -25.8  74 -99
SPO 2026 01 06 13  175   2.9  -9  695.31  -25.5  -25.4  -25.7  74 -99
SPO 2026 01 06 14  155   3.1  -9  695.28  -25.5  -25.4  -25.7  74 -99
SPO 2026 01 06 15  133   2.7  -9  695.24  -25.5  -25.6  -25.9  73 -99
SPO 2026 01 06 16  121   2.4  -9  695.25  -24.6  -24.6  -25.0  75 -99
SPO 2026 01 06 17  133   3.0  -9  695.30  -24.0  -24.0  -24.2  73 -99
SPO 2026 01 06 18  132   3.4  -9  695.33  -24.2  -24.2  -24.0  73 -99
SPO 2026 01 06 19  102   3.1  -9  695.34  -24.9  -24.4  -24.5  74 -99
SPO 2026 01 06 20   94   2.9  -9  695.24  -25.0  -24.4  -24.4  72 -99
SPO 2026 01 06 21   92   3.2  -9  695.12  -25.0  -24.2  -24.4  72 -99
SPO 2026 01 06 22   87   3.6  -9  694.98  -25.0  -24.3  -24.3  74 -99
SPO 2026 01 06 23   80   3.8  -9  694.96  -25.2  -24.5  -24.5  74 -99
SPO 2026 01 07 00   77   4.1  -9  694.80  -25.2  -24.5  -24.4  75 -99
SPO 2026 01 07 01   83   3.9  -9  694.62  -25.4  -24.7  -24.6  73 -99
SPO 2026 01 07 02   73   4.0  -9  694.47  -25.4  -24.6  -24.5  72 -99
SPO 2026 01 07 03   66   4.2  -9  694.27  -25.1  -24.2  -24.4  72 -99
SPO 2026 01 07 04   69   4.5  -9  694.05  -25.0  -23.9  -24.1  71 -99
SPO 2026 01 07 05   75   4.5  -9  693.93  -25.0  -24.0  -24.1  70 -99
SPO 2026 01 07 06   62   4.8  -9  693.87  -24.7  -23.5  -24.0  68 -99
SPO 2026 01 07 07   59   4.7  -9  693.72  -24.6  -23.4  -24.1  67 -99
SPO 2026 01 07 08   59   4.6  -9  693.62  -24.8  -23.5  -24.0  67 -99
SPO 2026 01 07 09   63   4.4  -9  693.31  -25.1  -23.8  -24.2  67 -99
SPO 2026 01 07 10   56   4.4  -9  693.00  -24.7  -23.7  -24.2  65 -99
SPO 2026 01 07 11   54   4.6  -9  692.79  -24.6  -23.6  -24.2  65 -99
SPO 2026 01 07 12   50   4.8  -9  692.61  -24.6  -23.6  -24.2  65 -99
SPO 2026 01 07 13   52   4.4  -9  692.36  -24.9  -24.2  -24.4  66 -99
SPO 2026 01 07 14   50   4.5  -9  692.18  -24.9  -24.2  -24.6  66 -99
SPO 2026 01 07 15   47   4.5  -9  691.83  -25.1  -24.2  -24.5  67 -99
SPO 2026 01 07 16   51   4.2  -9  691.52  -25.2  -24.4  -24.6  67 -99
SPO 2026 01 07 17   58   3.9  -9  691.34  -25.6  -25.1  -25.0  67 -99
SPO 2026 01 07 18   54   4.4  -9  691.13  -25.4  -24.7  -24.9  67 -99
SPO 2026 01 07 19   51   4.7  -9  690.88  -25.3  -24.4  -24.9  67 -99
SPO 2026 01 07 20   49   4.6  -9  690.64  -25.1  -24.5  -24.7  66 -99
SPO 2026 01 07 21   40   4.7  -9  690.39  -25.1  -23.9  -24.3  66 -99
SPO 2026 01 07 22   37   4.9  -9  690.16  -25.0  -23.7  -24.0  66 -99
SPO 2026 01 07 23   36   5.2  -9  689.83  -24.8  -23.5  -23.9  66 -99
SPO 2026 01 08 00   45   4.7  -9  689.60  -24.8  -23.9  -24.4  65 -99
SPO 2026 01 08 01   49   4.1  -9  689.27  -25.0  -24.4  -24.6  64 -99
SPO 2026 01 08 02   51   4.2  -9  688.77  -25.2  -24.6  -24.9  64 -99
SPO 2026 01 08 03   56   4.0  -9  688.37  -25.4  -24.8  -25.0  65 -99
SPO 2026 01 08 04   53   4.2  -9  688.17  -25.3  -24.6  -25.1  65 -99
SPO 2026 01 08 05   45   4.4  -9  688.00  -25.3  -24.4  -25.0  65 -99
SPO 2026 01 08 06   46   4.4  -9  687.81  -25.3  -24.5  -25.0  65 -99
SPO 2026 01 08 07   51   4.4  -9  687.55  -25.4  -24.6  -25.1  65 -99
SPO 2026 01 08 08   45   4.5  -9  687.17  -25.7  -24.5  -25.1  67 -99
SPO 2026 01 08 09   45   4.8  -9  686.82  -25.7  -24.3  -25.0  67 -99
SPO 2026 01 08 10   47   4.7  -9  686.43  -25.5  -24.5  -25.1  66 -99
SPO 2026 01 08 11   44   5.0  -9  686.10  -25.6  -24.3  -25.0  66 -99
SPO 2026 01 08 12   45   4.9  -9  685.86  -25.6  -24.4  -25.0  66 -99
SPO 2026 01 08 13   43   4.8  -9  685.53  -25.7  -24.8  -25.1  67 -99
SPO 2026 01 08 14   42   4.7  -9  685.16  -25.6  -24.7  -25.2  66 -99
SPO 2026 01 08 15   45   4.7  -9  684.78  -25.7  -24.8  -25.1  66 -99
SPO 2026 01 08 16   47   4.8  -9  684.44  -25.7  -24.5  -25.0  65 -99
SPO 2026 01 08 17   51   4.7  -9  684.25  -25.7  -25.0  -25.3  65 -99
SPO 2026 01 08 18   54   4.3  -9  684.10  -25.8  -25.1  -25.3  64 -99
SPO 2026 01 08 19   62   4.3  -9  683.91  -26.2  -25.5  -25.5  66 -99
SPO 2026 01 08 20   64   4.2  -9  683.70  -26.1  -25.5  -25.4  65 -99
SPO 2026 01 08 21   61   4.3  -9  683.39  -26.0  -25.2  -25.3  65 -99
SPO 2026 01 08 22   62   4.3  -9  683.03  -26.0  -25.2  -25.4  65 -99
SPO 2026 01 08 23   63   4.2  -9  682.93  -25.9  -25.2  -25.4  64 -99
SPO 2026 01 09 00   63   4.3  -9  682.74  -26.0  -25.3  -25.4  64 -99
SPO 2026 01 09 01   65   4.0  -9  682.47  -26.1  -25.5  -25.5  64 -99
SPO 2026 01 09 02   66   3.8  -9  682.24  -26.2  -25.6  -25.7  65 -99
SPO 2026 01 09 03   69   3.6  -9  682.10  -26.3  -25.7  -25.8  65 -99
SPO 2026 01 09 04   69   3.7  -9  682.02  -26.4  -25.6  -25.8  65 -99
SPO 2026 01 09 05   71   3.5  -9  681.90  -26.4  -25.7  -25.8  65 -99
SPO 2026 01 09 06   74   3.5  -9  681.86  -26.5  -25.8  -25.8  65 -99
SPO 2026 01 09 07   76   3.3  -9  681.74  -26.6  -25.8  -25.9  65 -99
SPO 2026 01 09 08   75   3.8  -9  681.58  -26.8  -25.8  -25.8  66 -99
SPO 2026 01 09 09   73   3.7  -9  681.55  -26.9  -25.9  -25.8  67 -99
SPO 2026 01 09 10   70   3.2  -9  681.49  -26.7  -25.9  -25.9  65 -99
SPO 2026 01 09 11   71   2.8  -9  681.48  -26.8  -26.1  -26.0  65 -99
SPO 2026 01 09 12   76   2.6  -9  681.46  -27.1  -26.3  -26.1  66 -99
SPO 2026 01 09 13   75   2.3  -9  681.37  -27.4  -26.7  -26.3  67 -99
SPO 2026 01 09 14   75   2.5  -9  681.27  -27.4  -26.8  -26.4  66 -99
SPO 2026 01 09 15   74   2.9  -9  681.18  -27.6  -26.7  -26.2  67 -99
SPO 2026 01 09 16   78   2.3  -9  681.10  -27.8  -26.6  -26.2  67 -99
SPO 2026 01 09 17   92   2.1  -9  681.08  -27.7  -27.0  -26.6  66 -99
SPO 2026 01 09 18  101   2.0  -9  681.15  -27.8  -26.8  -26.6  66 -99
SPO 2026 01 09 19  101   2.3  -9  681.10  -27.9  -27.1  -26.8  66 -99
SPO 2026 01 09 20  111   2.2  -9  681.03  -27.9  -27.2  -27.0  65 -99
SPO 2026 01 09 21  107   2.2  -9  680.92  -27.9  -27.1  -26.6  64 -99
SPO 2026 01 09 22  125   2.2  -9  680.86  -27.7  -27.0  -26.5  63 -99
SPO 2026 01 09 23  137   2.2  -9  680.84  -27.7  -27.1  -26.6  63 -99
SPO 2026 01 10 00  130   2.4  -9  680.79  -27.9  -27.3  -26.7  63 -99
SPO 2026 01 10 01  134   2.3  -9  680.66  -27.8  -27.2  -26.7  63 -99
SPO 2026 01 10 02  137   2.6  -9  680.48  -27.8  -27.2  -26.9  62 -99
SPO 2026 01 10 03  140   3.0  -9  680.25  -27.6  -27.1  -26.9  62 -99
SPO 2026 01 10 04  149   2.3  -9  680.14  -27.7  -27.4  -27.4  62 -99
SPO 2026 01 10 05  145   2.0  -9  680.05  -27.7  -27.4  -27.3  62 -99
SPO 2026 01 10 06  138   2.5  -9  680.06  -27.8  -27.2  -27.3  62 -99
SPO 2026 01 10 07  137   2.1  -9  679.98  -27.8  -27.3  -27.2  63 -99
SPO 2026 01 10 08  129   1.8  -9  679.95  -28.1  -27.2  -27.2  65 -99
SPO 2026 01 10 09  139   1.5  -9  679.89  -27.9  -27.2  -27.3  65 -99
SPO 2026 01 10 10  126   2.0  -9  679.76  -28.1  -27.1  -27.3  64 -99
SPO 2026 01 10 11  111   1.1  -9  679.67  -28.0  -27.2  -27.3  64 -99
SPO 2026 01 10 12   90   1.3  -9  679.69  -28.3  -27.4  -27.0  65 -99
SPO 2026 01 10 13   78   2.0  -9  679.63  -28.4  -27.6  -27.2  66 -99
SPO 2026 01 10 14   46   1.8  -9  679.50  -28.1  -27.5  -27.0  64 -99
SPO 2026 01 10 15   59   1.8  -9  679.39  -28.5  -27.8  -26.8  66 -99
SPO 2026 01 10 16   48   2.0  -9  679.39  -28.2  -27.9  -27.1  64 -99
SPO 2026 01 10 17   40   2.2  -9  679.41  -28.0  -27.7  -27.3  66 -99
SPO 2026 01 10 18   23   3.0  -9  679.47  -27.6  -26.7  -27.2  67 -99
SPO 2026 01 10 19   25   3.2  -9  679.55  -27.6  -26.5  -27.1  67 -99
SPO 2026 01 10 20   37   3.1  -9  679.57  -27.6  -27.0  -27.0  67 -99
SPO 2026 01 10 21   48   2.8  -9  679.60  -27.6  -27.3  -27.4  64 -99
SPO 2026 01 10 22   41   3.1  -9  679.64  -27.6  -27.2  -27.2  65 -99
SPO 2026 01 10 23   38   3.7  -9  679.58  -27.6  -26.9  -27.0  66 -99
SPO 2026 01 11 00   58   3.2  -9  679.51  -27.7  -27.3  -27.5  65 -99
SPO 2026 01 11 01   66   3.9  -9  679.37  -28.0  -27.5  -27.7  65 -99
SPO 2026 01 11 02   73   3.9  -9  679.12  -28.0  -27.5  -27.8  66 -99
SPO 2026 01 11 03   82   4.1  -9  678.78  -28.0  -27.4  -27.7  65 -99
SPO 2026 01 11 04   92   4.7  -9  678.44  -27.9  -27.3  -27.7  64 -99
SPO 2026 01 11 05   98   5.7  -9  678.14  -27.5  -27.0  -27.3  62 -99
SPO 2026 01 11 06   96   6.1  -9  677.63  -27.3  -26.8  -27.2  61 -99
SPO 2026 01 11 07   91   6.7  -9  677.18  -27.2  -26.5  -27.0  63 -99
SPO 2026 01 11 08   81   6.3  -9  676.80  -26.9  -25.9  -26.3  67 -99
SPO 2026 01 11 09   86   5.9  -9  676.39  -25.9  -25.2  -25.6  70 -99
SPO 2026 01 11 10   85   6.0  -9  675.92  -25.6  -24.7  -24.9  68 -99
SPO 2026 01 11 11   66   5.9  -9  675.61  -24.8  -23.6  -24.3  68 -99
SPO 2026 01 11 12   58   5.6  -9  675.37  -24.9  -23.5  -24.4  67 -99
SPO 2026 01 11 13   58   5.2  -9  675.16  -25.1  -24.1  -24.6  68 -99
SPO 2026 01 11 14   53   5.3  -9  674.93  -24.9  -23.8  -24.6  68 -99
SPO 2026 01 11 15   48   5.9  -9  674.65  -24.8  -23.7  -24.3  69 -99
SPO 2026 01 11 16   45   6.0  -9  674.45  -24.7  -23.5  -24.1  70 -99
SPO 2026 01 11 17   37   6.4  -9  674.37  -24.5  -23.7  -24.0  70 -99
SPO 2026 01 11 18   32   6.3  -9  674.35  -24.4  -23.4  -23.8  71 -99
SPO 2026 01 11 19   30   6.2  -9  674.48  -24.4  -23.4  -23.9  71 -99
SPO 2026 01 11 20   25   6.3  -9  674.50  -24.2  -23.5  -23.8  69 -99
SPO 2026 01 11 21   21   5.7  -9  674.58  -24.3  -23.4  -23.8  69 -99
SPO 2026 01 11 22   16   5.5  -9  674.77  -24.4  -23.5  -23.9  69 -99
SPO 2026 01 11 23   13   5.1  -9  674.91  -24.6  -23.6  -24.1  69 -99
SPO 2026 01 12 00    9   5.6  -9  675.00  -24.6  -23.7  -24.2  70 -99
SPO 2026 01 12 01  359   5.6  -9  675.37  -24.4  -23.7  -24.3  73 -99
SPO 2026 01 12 02  347   5.7  -9  675.61  -24.4  -24.1  -24.4  78 -99
SPO 2026 01 12 03  348   5.9  -9  675.72  -24.2  -24.0  -24.4  77 -99
SPO 2026 01 12 04  349   6.2  -9  675.97  -24.3  -24.1  -24.5  77 -99
SPO 2026 01 12 05  345   5.7  -9  676.35  -24.5  -24.3  -24.7  76 -99
SPO 2026 01 12 06  346   5.4  -9  676.85  -24.8  -24.6  -25.1  76 -99
SPO 2026 01 12 07  344   5.5  -9  677.11  -24.9  -24.7  -25.1  75 -99
SPO 2026 01 12 08  347   5.6  -9  677.41  -25.1  -24.8  -25.3  75 -99
SPO 2026 01 12 09  341   6.1  -9  677.67  -25.1  -24.9  -25.3  75 -99
SPO 2026 01 12 10  335   5.7  -9  677.98  -25.3  -25.2  -25.6  74 -99
SPO 2026 01 12 11  335   5.4  -9  678.31  -25.4  -25.3  -25.7  74 -99
SPO 2026 01 12 12  338   5.2  -9  678.62  -25.2  -25.0  -25.4  74 -99
SPO 2026 01 12 13  341   4.8  -9  678.79  -25.2  -25.0  -25.4  74 -99
SPO 2026 01 12 14  340   4.3  -9  678.90  -25.4  -25.2  -25.6  73 -99
SPO 2026 01 12 15  342   4.6  -9  679.00  -25.2  -25.1  -25.5  74 -99
SPO 2026 01 12 16  341   4.5  -9  679.18  -25.3  -25.1  -25.5  73 -99
SPO 2026 01 12 17  332   4.5  -9  679.47  -25.2  -25.2  -25.6  73 -99
SPO 2026 01 12 18  323   3.9  -9  679.73  -25.2  -25.3  -25.6  72 -99
SPO 2026 01 12 19  327   3.2  -9  679.86  -25.0  -25.0  -25.3  72 -99
SPO 2026 01 12 20  333   3.0  -9  680.02  -24.9  -24.8  -25.1  72 -99
SPO 2026 01 12 21  329   3.3  -9  680.26  -24.9  -24.8  -25.2  71 -99
SPO 2026 01 12 22  329   3.8  -9  680.55  -25.2  -25.2  -25.6  71 -99
SPO 2026 01 12 23  304   4.1  -9  680.75  -25.6  -25.6  -26.0  72 -99
SPO 2026 01 13 00  306   4.2  -9  681.04  -25.9  -26.0  -26.3  71 -99
SPO 2026 01 13 01  312   3.4  -9  681.27  -26.2  -26.4  -26.6  71 -99
SPO 2026 01 13 02  328   2.7  -9  681.33  -26.3  -26.3  -26.7  71 -99
SPO 2026 01 13 03  341   3.3  -9  681.38  -26.2  -26.1  -26.5  72 -99
SPO 2026 01 13 04  324   3.2  -9  681.47  -25.8  -25.8  -26.1  71 -99
SPO 2026 01 13 05  344   3.5  -9  681.60  -25.4  -25.2  -25.6  72 -99
SPO 2026 01 13 06  355   3.6  -9  681.82  -25.3  -25.1  -25.5  74 -99
SPO 2026 01 13 07   17   3.0  -9  682.05  -25.9  -25.2  -25.4  72 -99
SPO 2026 01 13 08  357   2.4  -9  682.31  -26.3  -25.3  -25.7  73 -99
SPO 2026 01 13 09  352   2.7  -9  682.45  -26.9  -25.4  -25.5  73 -99
SPO 2026 01 13 10  359   3.6  -9  682.49  -27.4  -25.9  -25.4  72 -99
SPO 2026 01 13 11   10   3.5  -9  682.55  -27.4  -26.2  -25.5  70 -99
SPO 2026 01 13 12   25   3.5  -9  682.66  -27.5  -26.5  -25.6  69 -99
SPO 2026 01 13 13   38   3.6  -9  682.64  -27.4  -27.0  -25.6  70 -99
SPO 2026 01 13 14   45   3.6  -9  682.57  -27.5  -27.1  -25.9  69 -99
SPO 2026 01 13 15   60   3.1  -9  682.44  -27.7  -27.3  -26.7  69 -99
SPO 2026 01 13 16   70   3.7  -9  682.32  -28.0  -27.4  -26.6  69 -99
SPO 2026 01 13 17   60   3.2  -9  682.42  -28.3  -28.1  -27.4  67 -99
SPO 2026 01 13 18   65   3.8  -9  682.50  -28.3  -27.6  -27.2  66 -99
SPO 2026 01 13 19   51   5.2  -9  682.50  -27.1  -26.4  -26.8  66 -99
SPO 2026 01 13 20   48   6.2  -9  682.49  -26.0  -25.5  -26.0  68 -99
SPO 2026 01 13 21   47   6.3  -9  682.38  -25.9  -25.4  -26.0  68 -99
SPO 2026 01 13 22   50   5.5  -9  682.33  -25.9  -25.4  -26.1  68 -99
SPO 2026 01 13 23   48   5.1  -9  682.23  -25.8  -25.3  -25.9  69 -99
SPO 2026 01 14 00   41   4.3  -9  682.17  -26.4  -25.7  -25.8  69 -99
SPO 2026 01 14 01   46   3.4  -9  682.12  -26.4  -26.1  -25.3  69 -99
SPO 2026 01 14 02   58   2.9  -9  681.94  -26.6  -26.1  -25.7  67 -99
SPO 2026 01 14 03   53   3.8  -9  681.74  -27.3  -26.6  -23.5  66 -99
SPO 2026 01 14 04   59   3.4  -9  681.67  -27.5  -26.3  -23.6  67 -99
SPO 2026 01 14 05   67   3.6  -9  681.61  -27.9  -27.0  -23.9  67 -99
SPO 2026 01 14 06   74   3.3  -9  681.60  -28.1  -27.4  -25.9  65 -99
SPO 2026 01 14 07   67   3.5  -9  681.56  -28.3  -27.4  -26.5  66 -99
SPO 2026 01 14 08   72   3.3  -9  681.47  -28.9  -27.5  -26.1  67 -99
SPO 2026 01 14 09   75   3.0  -9  681.36  -29.1  -27.6  -26.6  67 -99
SPO 2026 01 14 10   73   2.7  -9  681.25  -29.1  -28.1  -26.7  66 -99
SPO 2026 01 14 11   64   2.8  -9  681.15  -29.1  -28.1  -26.5  65 -99
SPO 2026 01 14 12   67   2.7  -9  681.25  -29.3  -28.4  -26.7  72 -99
SPO 2026 01 14 13   81   1.9  -9  681.12  -28.6  -28.0  -26.9  75 -99
SPO 2026 01 14 14  105   2.1  -9  680.98  -28.6  -27.7  -27.4  68 -99
SPO 2026 01 14 15  103   2.6  -9  680.85  -29.2  -28.4  -27.3  66 -99
SPO 2026 01 14 16   97   2.7  -9  680.73  -29.5  -28.9  -27.5  66 -99
SPO 2026 01 14 17   96   2.9  -9  680.71  -29.4  -28.9  -27.8  65 -99
SPO 2026 01 14 18   95   3.4  -9  680.77  -29.5  -28.7  -27.8  65 -99
SPO 2026 01 14 19  102   2.9  -9  680.82  -29.6  -29.1  -28.1  65 -99
SPO 2026 01 14 20  101   3.1  -9  680.83  -29.5  -28.8  -27.7  64 -99
SPO 2026 01 14 21  106   3.1  -9  680.86  -29.3  -28.6  -27.9  63 -99
SPO 2026 01 14 22   95   3.5  -9  680.86  -29.3  -28.5  -28.0  63 -99
SPO 2026 01 14 23   99   3.1  -9  680.87  -29.3  -28.7  -28.1  63 -99
SPO 2026 01 15 00  104   3.2  -9  680.96  -29.2  -28.7  -28.1  63 -99
SPO 2026 01 15 01   98   3.3  -9  680.96  -29.2  -28.6  -28.1  63 -99
SPO 2026 01 15 02  113   2.9  -9  680.91  -29.2  -28.7  -28.7  63 -99
SPO 2026 01 15 03  109   3.1  -9  680.87  -29.3  -28.8  -28.6  62 -99
SPO 2026 01 15 04  110   3.5  -9  680.88  -29.4  -28.7  -28.7  62 -99
SPO 2026 01 15 05  108   2.9  -9  680.89  -29.4  -28.8  -28.7  63 -99
SPO 2026 01 15 06  113   3.4  -9  681.00  -29.2  -28.6  -28.7  63 -99
SPO 2026 01 15 07  114   3.9  -9  681.17  -29.3  -28.8  -28.6  63 -99
SPO 2026 01 15 08  110   4.2  -9  681.24  -29.6  -28.8  -28.3  65 -99
SPO 2026 01 15 09  110   3.8  -9  681.28  -29.7  -28.6  -28.3  65 -99
SPO 2026 01 15 10  116   3.7  -9  681.26  -29.4  -28.6  -28.5  64 -99
SPO 2026 01 15 11  116   3.8  -9  681.32  -29.4  -28.7  -28.5  63 -99
SPO 2026 01 15 12  114   4.1  -9  681.34  -29.5  -28.9  -28.4  64 -99
SPO 2026 01 15 13  110   4.2  -9  681.37  -29.7  -29.1  -28.7  64 -99
SPO 2026 01 15 14  109   3.9  -9  681.38  -29.7  -29.2  -28.7  64 -99
SPO 2026 01 15 15  126   3.8  -9  681.32  -29.7  -29.3  -29.2  63 -99
SPO 2026 01 15 16  134   2.4  -9  681.30  -29.9  -29.6  -29.4  63 -99
SPO 2026 01 15 17  135   3.2  -9  681.33  -30.1  -29.9  -29.8  63 -99
SPO 2026 01 15 18  134   2.9  -9  681.43  -30.1  -29.7  -29.9  63 -99
SPO 2026 01 15 19  135   2.7  -9  681.52  -30.3  -29.9  -30.1  63 -99
SPO 2026 01 15 20  135   2.6  -9  681.67  -30.2  -30.0  -30.1  62 -99
SPO 2026 01 15 21  132   2.7  -9  681.65  -30.2  -29.7  -29.9  62 -99
SPO 2026 01 15 22  127   2.7  -9  681.65  -30.2  -29.8  -29.8  61 -99
SPO 2026 01 15 23  123   2.4  -9  681.77  -30.1  -29.7  -29.5  61 -99
SPO 2026 01 16 00  125   1.6  -9  681.88  -30.1  -29.7  -29.7  61 -99
SPO 2026 01 16 01  120   1.7  -9  681.90  -30.1  -29.6  -29.2  61 -99
SPO 2026 01 16 02  123   1.5  -9  681.86  -30.1  -29.5  -28.6  61 -99
SPO 2026 01 16 03  103   1.8  -9  681.88  -30.2  -29.6  -28.3  62 -99
SPO 2026 01 16 04   76   1.5  -9  681.87  -30.2  -29.6  -28.4  62 -99
SPO 2026 01 16 05   30   1.3  -9  681.92  -29.8  -28.5  -27.9  61 -99
SPO 2026 01 16 06  354   1.1  -9  682.06  -28.5  -28.4  -28.1  58 -99
SPO 2026 01 16 07    7   1.8  -9  682.32  -29.5  -29.2  -28.2  66 -99
SPO 2026 01 16 08    0   2.4  -9  682.49  -30.4  -28.7  -28.0  76 -99
SPO 2026 01 16 09  357   2.1  -9  682.53  -30.6  -29.4  -28.2  75 -99
SPO 2026 01 16 10  352   2.1  -9  682.64  -30.4  -29.2  -28.5  73 -99
SPO 2026 01 16 11  355   2.1  -9  682.67  -30.3  -29.2  -28.4  72 -99
SPO 2026 01 16 12  348   2.0  -9  682.76  -30.2  -29.0  -28.0  72 -99
SPO 2026 01 16 13  352   1.9  -9  682.87  -30.4  -29.4  -28.1  72 -99
SPO 2026 01 16 14  357   1.9  -9  683.01  -30.3  -29.5  -28.4  71 -99
SPO 2026 01 16 15  354   1.9  -9  682.99  -30.3  -29.5  -28.9  72 -99
SPO 2026 01 16 16  353   2.0  -9  683.04  -30.4  -29.6  -29.0  74 -99
SPO 2026 01 16 17  360   1.7  -9  683.29  -30.1  -29.7  -28.5  73 -99
SPO 2026 01 16 18  330   0.8  -9  683.48  -28.8  -28.1  -28.4  66 -99
SPO 2026 01 16 19  276   0.2  -9  683.70  -29.6  -28.3  -29.0  68 -99
SPO 2026 01 16 20  144   0.6  -9  683.81  -30.4  -29.3  -29.2  66 -99
SPO 2026 01 16 21   95   1.1  -9  683.85  -30.3  -29.0  -28.2  66 -99
SPO 2026 01 16 22   87   1.3  -9  683.98  -30.3  -29.1  -28.2  67 -99
SPO 2026 01 16 23   51   1.4  -9  684.08  -29.9  -28.8  -27.5  65 -99
SPO 2026 01 17 00   36   1.0  -9  684.13  -29.7  -28.6  -28.1  63 -99
SPO 2026 01 17 01   60   1.3  -9  684.14  -30.2  -29.2  -28.2  64 -99
SPO 2026 01 17 02   38   2.0  -9  684.10  -30.0  -28.7  -27.8  63 -99
SPO 2026 01 17 03    6   1.8  -9  684.03  -29.5  -28.2  -26.6  67 -99
SPO 2026 01 17 04  135   2.0  -9  684.13  -29.9  -29.3  -29.1  67 -99
SPO 2026 01 17 05   93   2.9  -9  684.19  -30.5  -30.1  -29.7  69 -99
SPO 2026 01 17 06   63   2.9  -9  684.36  -30.2  -29.4  -29.3  65 -99
SPO 2026 01 17 07   53   2.8  -9  684.45  -29.8  -29.3  -28.9  65 -99
SPO 2026 01 17 08   51   2.5  -9  684.48  -29.9  -29.3  -28.2  66 -99
SPO 2026 01 17 09   50   2.3  -9  684.46  -29.9  -29.1  -28.0  66 -99
SPO 2026 01 17 10   21   2.1  -9  684.41  -29.4  -28.7  -28.0  67 -99
SPO 2026 01 17 11    3   2.5  -9  684.40  -29.5  -28.6  -27.9  70 -99
SPO 2026 01 17 12  356   3.4  -9  684.39  -29.3  -28.4  -27.5  69 -99
SPO 2026 01 17 13  349   3.0  -9  684.35  -28.6  -28.1  -28.4  71 -99
SPO 2026 01 17 14  348   3.0  -9  684.27  -28.8  -28.0  -28.3  70 -99
SPO 2026 01 17 15  343   3.1  -9  684.14  -28.0  -27.2  -27.4  71 -99
SPO 2026 01 17 16  328   2.8  -9  684.22  -27.5  -27.2  -27.2  68 -99
SPO 2026 01 17 17  323   3.0  -9  684.27  -27.6  -27.5  -27.6  67 -99
SPO 2026 01 17 18  335   3.3  -9  684.27  -28.6  -27.7  -27.6  70 -99
SPO 2026 01 17 19  337   3.4  -9  684.25  -28.7  -27.8  -27.7  69 -99
SPO 2026 01 17 20  335   3.6  -9  684.29  -28.9  -28.1  -27.8  67 -99
SPO 2026 01 17 21  338   3.4  -9  684.25  -28.8  -28.0  -27.7  68 -99
SPO 2026 01 17 22  335   3.6  -9  684.34  -28.4  -27.5  -27.2  66 -99
SPO 2026 01 17 23  329   3.6  -9  684.32  -28.1  -27.3  -27.2  66 -99
SPO 2026 01 18 00  321   3.3  -9  684.31  -27.3  -27.0  -27.0  65 -99
SPO 2026 01 18 01  320   3.4  -9  684.20  -26.8  -26.6  -26.8  66 -99
SPO 2026 01 18 02  329   3.2  -9  684.17  -27.4  -26.8  -27.1  67 -99
SPO 2026 01 18 03  304   4.2  -9  684.12  -26.3  -26.2  -26.7  67 -99
SPO 2026 01 18 04  305   4.4  -9  684.07  -26.0  -25.8  -26.4  67 -99
SPO 2026 01 18 05  305   4.7  -9  684.13  -26.2  -25.9  -26.4  68 -99
SPO 2026 01 18 06  306   5.2  -9  684.27  -25.7  -25.3  -26.0  66 -99
SPO 2026 01 18 07  300   5.4  -9  684.46  -25.3  -24.8  -25.6  67 -99
SPO 2026 01 18 08  301   5.3  -9  684.49  -25.3  -24.9  -25.6  68 -99
SPO 2026 01 18 09  302   4.7  -9  684.50  -25.4  -25.1  -25.5  69 -99
SPO 2026 01 18 10  304   5.0  -9  684.59  -25.1  -24.7  -25.3  68 -99
SPO 2026 01 18 11  303   5.2  -9  684.65  -24.9  -24.6  -25.1  70 -99
SPO 2026 01 18 12  305   5.3  -9  684.63  -24.8  -24.5  -25.0  70 -99
SPO 2026 01 18 13  306   5.3  -9  684.71  -24.6  -24.3  -24.9  69 -99
SPO 2026 01 18 14  303   5.5  -9  684.76  -24.5  -24.1  -24.6  70 -99
SPO 2026 01 18 15  303   5.8  -9  684.76  -24.2  -23.8  -24.4  70 -99
SPO 2026 01 18 16  303   6.0  -9  684.83  -24.0  -23.7  -24.2  71 -99
SPO 2026 01 18 17  305   5.7  -9  685.00  -24.1  -23.7  -24.1  70 -99
SPO 2026 01 18 18  309   5.4  -9  685.21  -23.9  -23.6  -24.0  70 -99
SPO 2026 01 18 19  299   5.8  -9  685.44  -23.8  -23.2  -23.8  70 -99
SPO 2026 01 18 20  298   6.7  -9  685.61  -23.6  -23.1  -23.7  71 -99
SPO 2026 01 18 21  295   6.8  -9  685.67  -23.8  -23.3  -23.9  71 -99
SPO 2026 01 18 22  298   6.4  -9  685.74  -24.0  -23.5  -24.1  71 -99
SPO 2026 01 18 23  300   6.2  -9  685.85  -23.7  -23.1  -23.9  69 -99
SPO 2026 01 19 00  304   6.4  -9  685.90  -23.9  -23.2  -24.1  68 -99
SPO 2026 01 19 01  307   6.0  -9  685.99  -24.3  -23.7  -24.5  68 -99
SPO 2026 01 19 02  313   6.0  -9  685.96  -24.6  -24.1  -24.7  67 -99
SPO 2026 01 19 03  317   6.0  -9  686.00  -25.3  -24.7  -25.2  66 -99
SPO 2026 01 19 04  323   5.3  -9  686.11  -26.3  -25.8  -26.2  66 -99
SPO 2026 01 19 05  333   4.6  -9  686.33  -27.4  -26.8  -27.3  67 -99
SPO 2026 01 19 06  346   4.5  -9  686.42  -28.3  -27.5  -28.1  67 -99
SPO 2026 01 19 07  355   4.7  -9  686.53  -28.9  -28.1  -28.5  66 -99
SPO 2026 01 19 08  350   5.1  -9  686.52  -29.4  -28.7  -29.3  67 -99
SPO 2026 01 19 09  349   4.5  -9  686.53  -29.8  -29.1  -29.7  67 -99
SPO 2026 01 19 10  349   4.3  -9  686.47  -30.1  -29.3  -30.0  66 -99
SPO 2026 01 19 11  354   4.6  -9  686.46  -30.3  -29.6  -30.2  67 -99
SPO 2026 01 19 12  349   4.9  -9  686.50  -30.4  -29.8  -30.4  69 -99
SPO 2026 01 19 13  345   5.4  -9  686.36  -29.8  -29.4  -29.9  68 -99
SPO 2026 01 19 14  342   4.7  -9  686.41  -29.4  -29.0  -29.6  67 -99
SPO 2026 01 19 15  354   3.7  -9  686.41  -29.1  -28.5  -29.2  67 -99
SPO 2026 01 19 16   11   3.2  -9  686.43  -29.1  -28.5  -29.3  67 -99
SPO 2026 01 19 17   12   3.5  -9  686.38  -29.3  -28.8  -29.5  67 -99
SPO 2026 01 19 18    9   3.5  -9  686.43  -29.6  -28.6  -29.5  66 -99
SPO 2026 01 19 19   13   3.3  -9  686.50  -30.1  -29.0  -29.6  65 -99
SPO 2026 01 19 20   13   3.3  -9  686.60  -29.8  -29.1  -29.5  65 -99
SPO 2026 01 19 21   18   3.0  -9  686.64  -29.7  -29.1  -29.4  63 -99
SPO 2026 01 19 22   28   2.7  -9  686.69  -29.5  -28.8  -29.4  64 -99
SPO 2026 01 19 23   25   2.5  -9  686.72  -29.1  -28.5  -29.0  62 -99
SPO 2026 01 20 00   60   1.8  -9  686.83  -29.8  -29.5  -28.9  61 -99
SPO 2026 01 20 01   62   2.3  -9  686.80  -30.4  -29.8  -28.3  60 -99
SPO 2026 01 20 02   64   3.0  -9  686.69  -30.5  -29.9  -28.0  61 -99
SPO 2026 01 20 03   83   2.9  -9  686.72  -30.7  -30.2  -29.6  61 -99
SPO 2026 01 20 04   82   3.1  -9  686.85  -30.9  -30.2  -29.2  61 -99
SPO 2026 01 20 05   87   3.0  -9  687.00  -31.4  -30.5  -30.0  61 -99
SPO 2026 01 20 06   75   3.5  -9  687.08  -30.8  -30.1  -28.5  61 -99
SPO 2026 01 20 07   74   3.5  -9  687.16  -31.1  -30.3  -27.8  61 -99
SPO 2026 01 20 08   86   3.0  -9  687.35  -31.4  -30.5  -29.3  62 -99
SPO 2026 01 20 09   78   3.3  -9  687.33  -31.5  -30.3  -28.5  63 -99
SPO 2026 01 20 10   81   3.6  -9  687.33  -31.4  -30.5  -28.7  62 -99
SPO 2026 01 20 11   90   3.8  -9  687.49  -31.4  -30.6  -29.5  62 -99
SPO 2026 01 20 12   80   4.1  -9  687.54  -31.3  -30.5  -29.2  62 -99
SPO 2026 01 20 13   79   3.8  -9  687.55  -31.6  -30.9  -29.6  63 -99
SPO 2026 01 20 14   72   3.2  -9  687.66  -31.6  -31.1  -30.1  62 -99
SPO 2026 01 20 15   68   3.2  -9  687.73  -31.7  -31.0  -30.2  63 -99
SPO 2026 01 20 16   81   3.4  -9  687.90  -31.9  -31.3  -30.5  63 -99
SPO 2026 01 20 17   74   3.5  -9  687.97  -31.9  -31.7  -30.9  64 -99
SPO 2026 01 20 18   70   3.8  -9  688.03  -31.9  -31.3  -30.5  64 -99
SPO 2026 01 20 19   66   4.0  -9  688.07  -31.5  -31.0  -30.2  65 -99
SPO 2026 01 20 20   83   3.7  -9  688.14  -31.7  -31.2  -30.4  63 -99
SPO 2026 01 20 21   82   3.6  -9  688.18  -31.7  -31.1  -30.2  63 -99
SPO 2026 01 20 22   84   3.9  -9  688.19  -31.4  -30.8  -30.0  63 -99
SPO 2026 01 20 23   83   4.1  -9  688.19  -31.4  -30.7  -29.9  63 -99
SPO 2026 01 21 00   81   4.1  -9  688.12  -31.2  -30.4  -29.7  62 -99
SPO 2026 01 21 01   84   4.2  -9  688.10  -31.2  -30.5  -29.9  62 -99
SPO 2026 01 21 02   73   4.7  -9  688.07  -31.2  -30.1  -29.9  62 -99
SPO 2026 01 21 03   62   5.0  -9  688.01  -31.0  -29.7  -30.4  63 -99
SPO 2026 01 21 04   60   5.0  -9  687.89  -31.3  -30.0  -30.9  63 -99
SPO 2026 01 21 05   74   4.9  -9  687.71  -31.7  -30.6  -30.7  63 -99
SPO 2026 01 21 06   89   4.5  -9  687.60  -31.6  -30.8  -30.5  64 -99
SPO 2026 01 21 07   88   4.3  -9  687.38  -31.1  -30.1  -29.0  64 -99
SPO 2026 01 21 08   84   4.8  -9  687.14  -30.5  -29.2  -28.4  66 -99
SPO 2026 01 21 09   83   4.7  -9  686.98  -30.4  -28.9  -27.8  67 -99
SPO 2026 01 21 10   77   5.3  -9  686.82  -29.7  -28.4  -27.5  67 -99
SPO 2026 01 21 11   73   4.7  -9  686.57  -26.8  -26.4  -26.3  70 -99
SPO 2026 01 21 12   73   5.4  -9  686.37  -25.9  -25.4  -25.7  69 -99
SPO 2026 01 21 13   68   5.1  -9  686.10  -26.1  -25.6  -26.0  68 -99
SPO 2026 01 21 14   62   5.4  -9  685.91  -25.4  -24.9  -25.5  69 -99
SPO 2026 01 21 15   71   5.2  -9  685.65  -26.9  -26.0  -26.2  67 -99
SPO 2026 01 21 16   78   4.8  -9  685.36  -28.5  -27.7  -27.2  65 -99
SPO 2026 01 21 17   79   5.4  -9  685.13  -28.7  -28.1  -27.5  65 -99
SPO 2026 01 21 18   76   5.5  -9  684.91  -29.0  -28.0  -27.5  65 -99
SPO 2026 01 21 19   80   5.4  -9  684.71  -29.2  -28.3  -27.8  65 -99
SPO 2026 01 21 20   80   5.2  -9  684.56  -29.3  -28.7  -27.7  65 -99
SPO 2026 01 21 21   76   5.1  -9  684.32  -29.2  -28.2  -27.4  65 -99
SPO 2026 01 21 22   76   5.4  -9  684.02  -28.6  -27.6  -27.2  65 -99
SPO 2026 01 21 23   66   5.4  -9  683.83  -27.6  -26.5  -27.1  66 -99
SPO 2026 01 22 00   65   5.5  -9  683.47  -27.3  -26.2  -26.7  67 -99
SPO 2026 01 22 01   67   5.2  -9  683.21  -28.4  -26.8  -26.8  66 -99
SPO 2026 01 22 02   62   5.0  -9  682.99  -28.7  -27.1  -27.3  64 -99
SPO 2026 01 22 03   54   5.3  -9  682.84  -28.5  -26.8  -27.5  64 -99
SPO 2026 01 22 04   51   5.5  -9  682.61  -28.7  -27.0  -27.8  64 -99
SPO 2026 01 22 05   53   5.3  -9  682.49  -29.0  -27.4  -28.3  64 -99
SPO 2026 01 22 06   47   5.7  -9  682.46  -29.0  -27.5  -28.2  65 -99
SPO 2026 01 22 07   48   5.2  -9  682.38  -28.9  -27.6  -28.3  64 -99
SPO 2026 01 22 08   45   5.7  -9  682.17  -29.0  -27.5  -28.2  66 -99
SPO 2026 01 22 09   39   6.1  -9  682.05  -29.2  -27.6  -28.0  67 -99
SPO 2026 01 22 10   38   6.1  -9  681.88  -29.0  -27.6  -28.0  66 -99
SPO 2026 01 22 11   37   6.1  -9  681.75  -28.9  -27.6  -28.0  66 -99
SPO 2026 01 22 12   40   4.9  -9  681.81  -29.0  -27.7  -28.2  65 -99
SPO 2026 01 22 13   31   5.7  -9  681.76  -28.9  -27.8  -28.0  67 -99
SPO 2026 01 22 14   28   5.9  -9  681.66  -28.8  -27.8  -28.1  66 -99
SPO 2026 01 22 15   28   5.7  -9  681.59  -28.8  -27.7  -27.9  66 -99
SPO 2026 01 22 16   25   5.9  -9  681.56  -28.7  -27.9  -28.0  65 -99
SPO 2026 01 22 17   24   5.7  -9  681.58  -28.5  -28.2  -28.4  64 -99
SPO 2026 01 22 18   21   6.2  -9  681.60  -28.5  -27.8  -28.1  65 -99
SPO 2026 01 22 19   26   6.2  -9  681.60  -28.7  -27.8  -28.3  66 -99
SPO 2026 01 22 20   27   6.6  -9  681.61  -28.6  -27.9  -28.0  65 -99
SPO 2026 01 22 21   27   6.6  -9  681.68  -28.5  -27.4  -27.8  65 -99
SPO 2026 01 22 22   25   6.6  -9  681.64  -28.4  -27.4  -27.7  64 -99
SPO 2026 01 22 23   26   6.8  -9  681.67  -28.4  -27.3  -27.6  65 -99
SPO 2026 01 23 00   28   6.7  -9  681.70  -28.5  -27.2  -27.5  65 -99
SPO 2026 01 23 01   27   7.4  -9  681.64  -28.3  -27.1  -27.4  64 -99
SPO 2026 01 23 02   26   7.4  -9  681.57  -28.1  -27.0  -27.4  64 -99
SPO 2026 01 23 03   26   6.9  -9  681.63  -27.9  -26.9  -27.4  65 -99
SPO 2026 01 23 04   22   7.3  -9  681.68  -27.9  -27.0  -27.4  64 -99
SPO 2026 01 23 05   20   7.2  -9  681.75  -27.5  -26.7  -27.1  64 -99
SPO 2026 01 23 06   20   6.7  -9  681.93  -27.2  -26.6  -27.0  64 -99
SPO 2026 01 23 07   20   7.0  -9  682.12  -27.3  -26.6  -27.0  64 -99
SPO 2026 01 23 08   13   7.5  -9  682.34  -26.8  -26.4  -26.8  67 -99
SPO 2026 01 23 09    5   7.6  -9  682.30  -26.9  -25.9  -26.4  68 -99
SPO 2026 01 23 10    5   8.7  -9  682.39  -26.5  -25.8  -26.2  68 -99
SPO 2026 01 23 11    6   8.8  -9  682.70  -26.1  -25.8  -26.2  69 -99
SPO 2026 01 23 12   12   7.0  -9  682.98  -26.7  -26.0  -26.4  67 -99
SPO 2026 01 23 13   16   6.9  -9  683.00  -27.4  -26.8  -27.0  66 -99
SPO 2026 01 23 14   16   8.3  -9  683.03  -27.3  -26.7  -27.0  66 -99
SPO 2026 01 23 15   16   8.7  -9  683.14  -27.2  -26.5  -26.7  66 -99
SPO 2026 01 23 16   15   8.0  -9  683.33  -27.2  -26.7  -26.9  67 -99
SPO 2026 01 23 17   14   7.5  -9  683.44  -27.0  -26.7  -27.0  66 -99
SPO 2026 01 23 18   12   7.3  -9  683.69  -27.4  -26.6  -26.9  67 -99
SPO 2026 01 23 19   16   6.5  -9  683.95  -27.5  -26.8  -27.2  66 -99
SPO 2026 01 23 20   13   6.1  -9  684.23  -27.6  -27.0  -27.0  66 -99
SPO 2026 01 23 21   12   6.3  -9  684.47  -27.4  -26.4  -26.7  66 -99
SPO 2026 01 23 22   13   6.3  -9  684.67  -27.3  -26.4  -26.6  66 -99
SPO 2026 01 23 23   16   5.1  -9  685.07  -27.5  -26.6  -26.9  65 -99
SPO 2026 01 24 00   13   5.4  -9  685.25  -28.1  -27.1  -27.2  66 -99
SPO 2026 01 24 01   17   6.3  -9  685.38  -28.2  -27.3  -27.2  65 -99
SPO 2026 01 24 02   21   6.0  -9  685.56  -28.3  -27.4  -27.4  64 -99
SPO 2026 01 24 03   23   5.7  -9  685.87  -28.5  -27.5  -27.6  64 -99
SPO 2026 01 24 04   20   5.4  -9  686.11  -28.5  -27.6  -27.7  64 -99
SPO 2026 01 24 05   21   5.8  -9  686.40  -28.5  -27.6  -27.7  64 -99
SPO 2026 01 24 06   20   5.4  -9  686.68  -28.3  -27.6  -28.0  65 -99
SPO 2026 01 24 07   20   4.3  -9  687.04  -27.9  -27.5  -28.1  66 -99
SPO 2026 01 24 08    8   6.6  -9  687.23  -27.2  -27.0  -27.4  69 -99
SPO 2026 01 24 09    6   6.2  -9  687.43  -26.9  -26.6  -27.1  69 -99
SPO 2026 01 24 10   13   5.9  -9  687.63  -26.6  -26.3  -26.8  69 -99
SPO 2026 01 24 11   12   5.9  -9  687.71  -26.6  -26.0  -26.5  68 -99
SPO 2026 01 24 12   30   5.1  -9  687.70  -27.9  -26.6  -26.8  67 -99
SPO 2026 01 24 13   34   5.6  -9  687.66  -27.5  -26.4  -26.6  69 -99
SPO 2026 01 24 14   26   5.7  -9  687.70  -27.3  -26.6  -26.8  68 -99
SPO 2026 01 24 15    7   6.0  -9  687.70  -26.5  -26.1  -26.5  70 -99
SPO 2026 01 24 16   17   6.2  -9  687.67  -25.8  -25.5  -25.9  70 -99
SPO 2026 01 24 17    8   6.6  -9  687.73  -25.5  -25.2  -25.6  70 -99
SPO 2026 01 24 18   18   5.5  -9  687.84  -26.2  -25.8  -26.2  69 -99
SPO 2026 01 24 19   10   6.5  -9  687.91  -26.3  -25.7  -26.1  69 -99
SPO 2026 01 24 20    4   7.3  -9  687.90  -26.2  -25.7  -26.0  69 -99
SPO 2026 01 24 21    9   6.9  -9  687.91  -26.3  -25.6  -26.1  68 -99
SPO 2026 01 24 22   21   5.4  -9  687.98  -27.1  -26.6  -27.0  66 -99
SPO 2026 01 24 23   32   6.0  -9  687.84  -28.0  -26.7  -27.0  67 -99
SPO 2026 01 25 00   32   6.3  -9  687.82  -28.0  -26.7  -27.0  66 -99
SPO 2026 01 25 01   29   7.0  -9  687.70  -27.8  -26.6  -27.0  66 -99
SPO 2026 01 25 02   28   7.0  -9  687.47  -27.8  -26.7  -27.1  65 -99
SPO 2026 01 25 03   28   6.4  -9  687.34  -28.1  -27.0  -27.3  65 -99
SPO 2026 01 25 04   33   6.9  -9  687.15  -28.3  -26.9  -27.2  66 -99
SPO 2026 01 25 05   38   6.6  -9  687.07  -28.4  -27.1  -27.3  66 -99
SPO 2026 01 25 06   40   6.1  -9  687.06  -28.3  -27.0  -27.4  66 -99
SPO 2026 01 25 07   39   6.1  -9  686.88  -28.1  -26.9  -27.3  66 -99
SPO 2026 01 25 08   41   6.8  -9  686.73  -28.3  -26.9  -27.2  67 -99
SPO 2026 01 25 09   36   6.6  -9  686.57  -28.4  -26.8  -27.1  68 -99
SPO 2026 01 25 10   38   6.0  -9  686.34  -28.3  -27.0  -27.3  67 -99
SPO 2026 01 25 11   36   5.9  -9  686.15  -28.4  -27.1  -27.4  66 -99
SPO 2026 01 25 12   37   6.0  -9  685.94  -28.4  -27.1  -27.4  67 -99
SPO 2026 01 25 13   35   5.6  -9  685.76  -28.6  -27.4  -27.6  67 -99
SPO 2026 01 25 14   36   5.7  -9  685.54  -28.7  -27.6  -27.7  67 -99
SPO 2026 01 25 15   31   5.6  -9  685.36  -28.2  -27.3  -27.6  68 -99
SPO 2026 01 25 16   35   5.1  -9  685.14  -27.3  -26.7  -27.2  69 -99
SPO 2026 01 25 17   34   5.4  -9  685.03  -26.6  -26.1  -26.6  70 -99
SPO 2026 01 25 18   52   4.8  -9  684.84  -26.1  -25.8  -26.3  70 -99
SPO 2026 01 25 19   58   5.5  -9  684.63  -25.6  -25.2  -25.7  70 -99
SPO 2026 01 25 20   45   5.5  -9  684.53  -25.4  -24.8  -25.3  70 -99
SPO 2026 01 25 21   39   5.3  -9  684.41  -26.4  -24.9  -25.0  68 -99
SPO 2026 01 25 22   39   5.0  -9  684.30  -27.0  -26.0  -25.9  68 -99
SPO 2026 01 25 23   57   5.0  -9  684.15  -27.5  -26.1  -25.8  65 -99
SPO 2026 01 26 00   36   6.2  -9  683.87  -25.6  -25.1  -25.4  70 -99
SPO 2026 01 26 01   33   6.8  -9  683.62  -25.3  -24.9  -25.2  70 -99
SPO 2026 01 26 02   33   7.6  -9  683.42  -25.4  -24.9  -25.3  70 -99
SPO 2026 01 26 03   38   8.0  -9  683.16  -25.5  -25.1  -25.5  70 -99
SPO 2026 01 26 04   39   8.1  -9  683.04  -26.5  -26.0  -26.4  70 -99
SPO 2026 01 26 05   47   7.2  -9  682.96  -27.6  -26.3  -27.2  66 -99
SPO 2026 01 26 06   42   6.9  -9  682.87  -28.1  -27.0  -27.6  66 -99
SPO 2026 01 26 07   42   6.8  -9  682.69  -28.4  -27.3  -27.9  66 -99
SPO 2026 01 26 08   38   6.7  -9  682.59  -28.8  -27.5  -28.0  67 -99
SPO 2026 01 26 09   35   6.9  -9  682.43  -29.1  -27.7  -28.1  67 -99
SPO 2026 01 26 10   31   6.7  -9  682.43  -29.0  -27.8  -28.1  66 -99
SPO 2026 01 26 11   28   6.4  -9  682.48  -29.3  -28.3  -28.4  65 -99
SPO 2026 01 26 12   20   6.4  -9  682.51  -28.4  -28.0  -28.3  66 -99
SPO 2026 01 26 13    6   7.4  -9  682.42  -27.8  -27.5  -27.9  68 -99
SPO 2026 01 26 14  357   6.9  -9  682.37  -27.4  -27.1  -27.5  68 -99
SPO 2026 01 26 15  346   5.8  -9  682.41  -27.4  -27.0  -27.3  69 -99
SPO 2026 01 26 16  355   4.1  -9  682.65  -28.4  -27.4  -27.5  68 -99
SPO 2026 01 26 17    4   4.6  -9  682.80  -29.3  -28.4  -28.1  68 -99
SPO 2026 01 26 18  348   4.6  -9  683.11  -29.1  -28.5  -28.3  68 -99
SPO 2026 01 26 19  324   5.1  -9  683.54  -28.9  -28.2  -28.1  66 -99
SPO 2026 01 26 20  341   4.3  -9  683.84  -29.6  -28.9  -28.4  68 -99
SPO 2026 01 26 21  355   4.1  -9  684.05  -28.8  -28.1  -27.9  69 -99
SPO 2026 01 26 22  351   3.7  -9  684.07  -28.6  -27.1  -26.8  66 -99
SPO 2026 01 26 23   16   4.7  -9  684.11  -29.7  -28.4  -28.1  65 -99
SPO 2026 01 27 00   31   4.3  -9  684.12  -30.0  -28.5  -27.8  66 -99
SPO 2026 01 27 01   47   4.6  -9  684.02  -30.5  -29.4  -28.2  65 -99
SPO 2026 01 27 02   38   4.9  -9  683.79  -30.4  -29.1  -28.6  64 -99
SPO 2026 01 27 03   13   5.8  -9  683.63  -30.0  -29.1  -28.8  65 -99
SPO 2026 01 27 04    4   6.1  -9  683.52  -29.6  -28.7  -28.8  66 -99
SPO 2026 01 27 05    5   5.6  -9  683.65  -29.8  -28.7  -28.7  66 -99
SPO 2026 01 27 06    1   5.9  -9  683.80  -30.3  -29.3  -29.0  65 -99
SPO 2026 01 27 07  359   5.6  -9  683.86  -30.0  -29.1  -28.9  66 -99
SPO 2026 01 27 08  358   5.5  -9  683.80  -30.3  -29.3  -29.1  67 -99
SPO 2026 01 27 09  359   5.6  -9  683.78  -30.3  -29.1  -29.0  67 -99
SPO 2026 01 27 10    3   5.5  -9  683.84  -30.2  -29.2  -29.1  66 -99
SPO 2026 01 27 11    6   5.2  -9  683.86  -30.4  -29.4  -29.3  66 -99
SPO 2026 01 27 12    4   5.3  -9  683.87  -30.8  -29.6  -29.4  66 -99
SPO 2026 01 27 13    1   5.5  -9  683.76  -30.8  -29.8  -29.6  67 -99
SPO 2026 01 27 14    1   5.3  -9  683.68  -31.2  -30.1  -29.9  67 -99
SPO 2026 01 27 15    1   5.1  -9  683.57  -31.3  -30.5  -30.2  67 -99
SPO 2026 01 27 16  354   4.4  -9  683.61  -30.5  -30.1  -30.3  68 -99
SPO 2026 01 27 17  358   4.7  -9  683.67  -30.3  -29.9  -30.3  68 -99
SPO 2026 01 27 18  354   4.5  -9  683.66  -30.8  -30.2  -30.4  68 -99
SPO 2026 01 27 19  359   4.3  -9  683.65  -30.4  -30.1  -30.4  69 -99
SPO 2026 01 27 20  353   3.8  -9  683.70  -30.6  -29.8  -30.2  68 -99
SPO 2026 01 27 21    4   4.3  -9  683.71  -31.5  -29.9  -30.2  65 -99
SPO 2026 01 27 22  360   3.9  -9  683.83  -32.5  -31.2  -30.8  66 -99
SPO 2026 01 27 23  357   3.5  -9  683.90  -31.7  -31.3  -31.1  68 -99
SPO 2026 01 28 00  346   3.2  -9  683.77  -31.7  -31.4  -31.2  72 -99
SPO 2026 01 28 01  343   2.1  -9  683.68  -31.3  -30.8  -30.6  69 -99
SPO 2026 01 28 02    1   1.8  -9  683.49  -30.3  -30.2  -30.0  69 -99
SPO 2026 01 28 03  342   2.0  -9  683.41  -29.3  -29.1  -29.4  70 -99
SPO 2026 01 28 04  351   2.1  -9  683.33  -29.6  -29.4  -29.8  70 -99
SPO 2026 01 28 05   10   1.8  -9  683.44  -30.4  -30.0  -30.6  69 -99
SPO 2026 01 28 06  351   0.8  -9  683.47  -30.8  -30.4  -31.0  66 -99
SPO 2026 01 28 07  285   0.3  -9  683.47  -30.3  -30.0  -30.8  65 -99
SPO 2026 01 28 08   98   0.6  -9  683.34  -31.6  -30.6  -31.6  67 -99
SPO 2026 01 28 09   87   2.0  -9  683.26  -32.9  -31.3  -31.9  69 -99
SPO 2026 01 28 10  126   0.2  -9  683.29  -32.7  -31.9  -32.1  64 -99
SPO 2026 01 28 11  126   0.8  -9  683.23  -33.3  -32.2  -32.2  64 -99
SPO 2026 01 28 12  109   1.6  -9  683.22  -34.2  -33.0  -32.2  66 -99
SPO 2026 01 28 13   79   1.7  -9  683.12  -34.6  -33.3  -31.5  65 -99
SPO 2026 01 28 14   51   2.1  -9  682.98  -33.9  -32.8  -30.8  64 -99
SPO 2026 01 28 15  222   0.6  -9  683.06  -34.2  -33.5  -32.4  66 -99
SPO 2026 01 28 16   96   1.1  -9  682.98  -33.9  -33.4  -31.8  65 -99
SPO 2026 01 28 17   74   1.9  -9  682.98  -34.8  -33.7  -32.0  62 -99
SPO 2026 01 28 18   25   1.5  -9  683.01  -34.7  -31.6  -30.3  62 -99
SPO 2026 01 28 19   24   1.3  -9  682.91  -35.0  -31.5  -30.8  64 -99
SPO 2026 01 28 20   11   2.0  -9  682.82  -34.8  -31.7  -30.2  63 -99
SPO 2026 01 28 21   10   2.8  -9  682.65  -34.4  -31.3  -29.9  63 -99
SPO 2026 01 28 22  347   2.9  -9  682.76  -34.9  -33.0  -31.0  64 -99
SPO 2026 01 28 23  355   3.0  -9  682.68  -33.5  -32.7  -30.5  67 -99
SPO 2026 01 29 00  358   4.3  -9  682.45  -33.9  -32.5  -29.8  67 -99
SPO 2026 01 29 01  359   4.4  -9  682.32  -34.1  -33.0  -29.9  67 -99
SPO 2026 01 29 02  349   4.3  -9  682.18  -34.3  -33.0  -29.7  66 -99
SPO 2026 01 29 03  346   3.9  -9  682.03  -34.3  -32.4  -30.6  67 -99
SPO 2026 01 29 04  341   3.2  -9  681.96  -32.8  -31.3  -30.3  67 -99
SPO 2026 01 29 05  326   2.4  -9  682.05  -32.2  -30.3  -29.8  68 -99
SPO 2026 01 29 06  318   2.3  -9  682.11  -32.6  -29.9  -29.8  67 -99
SPO 2026 01 29 07  318   2.3  -9  682.23  -33.4  -30.4  -29.8  67 -99
SPO 2026 01 29 08  342   2.0  -9  682.15  -33.9  -30.1  -29.5  68 -99
SPO 2026 01 29 09  330   1.9  -9  682.13  -34.1  -30.0  -29.5  69 -99
SPO 2026 01 29 10  331   2.0  -9  682.07  -33.9  -30.2  -29.3  69 -99
SPO 2026 01 29 11  351   2.4  -9  682.13  -34.1  -30.6  -29.4  67 -99
SPO 2026 01 29 12   11   2.0  -9  682.23  -34.0  -30.8  -29.7  65 -99
SPO 2026 01 29 13    5   2.5  -9  682.17  -33.7  -30.3  -29.9  67 -99
SPO 2026 01 29 14  356   3.1  -9  682.19  -33.8  -31.1  -30.4  68 -99
SPO 2026 01 29 15  350   3.6  -9  682.19  -33.8  -31.5  -30.5  68 -99
SPO 2026 01 29 16  353   3.5  -9  682.20  -33.3  -31.0  -30.5  68 -99
SPO 2026 01 29 17  341   3.6  -9  682.37  -34.1  -32.6  -31.9  65 -99
SPO 2026 01 29 18  340   3.0  -9  682.50  -34.5  -33.5  -32.3  65 -99
SPO 2026 01 29 19  343   2.4  -9  682.59  -34.3  -33.3  -32.3  66 -99
SPO 2026 01 29 20  349   2.4  -9  682.68  -33.6  -31.8  -31.1  66 -99
SPO 2026 01 29 21  359   2.8  -9  682.74  -32.6  -31.0  -30.9  64 -99
SPO 2026 01 29 22  357   3.7  -9  682.66  -32.5  -30.1  -30.6  67 -99
SPO 2026 01 29 23    1   4.3  -9  682.58  -32.9  -29.9  -30.3  67 -99
SPO 2026 01 30 00  355   3.3  -9  682.80  -33.0  -31.8  -32.2  67 -99
SPO 2026 01 30 01    6   2.5  -9  682.87  -32.3  -31.6  -32.3  68 -99
SPO 2026 01 30 02    5   2.4  -9  682.80  -32.5  -31.8  -32.5  68 -99
SPO 2026 01 30 03   13   2.6  -9  682.67  -32.1  -31.7  -32.2  68 -99
SPO 2026 01 30 04   39   2.3  -9  682.61  -31.9  -31.6  -31.6  66 -99
SPO 2026 01 30 05   43   3.3  -9  682.50  -33.1  -32.3  -32.4  67 -99
SPO 2026 01 30 06   44   4.4  -9  682.39  -34.2  -32.8  -32.9  67 -99
SPO 2026 01 30 07   54   3.6  -9  682.42  -34.2  -33.1  -32.9  65 -99
SPO 2026 01 30 08   95   2.7  -9  682.45  -35.2  -34.0  -32.9  66 -99
SPO 2026 01 30 09  115   3.2  -9  682.40  -36.6  -35.3  -34.0  67 -99
SPO 2026 01 30 10  103   2.8  -9  682.27  -36.4  -35.2  -34.0  64 -99
SPO 2026 01 30 11   96   2.6  -9  682.31  -36.3  -34.6  -33.4  63 -99
SPO 2026 01 30 12  100   2.4  -9  682.27  -36.4  -35.1  -33.7  63 -99
SPO 2026 01 30 13   97   3.5  -9  682.09  -36.8  -35.2  -33.7  65 -99
SPO 2026 01 30 14   89   4.3  -9  681.94  -36.6  -34.9  -32.5  66 -99
SPO 2026 01 30 15   87   4.4  -9  681.91  -36.4  -34.7  -33.1  65 -99
SPO 2026 01 30 16   85   4.4  -9  681.89  -36.2  -34.9  -32.8  64 -99
SPO 2026 01 30 17   86   5.1  -9  681.81  -36.0  -34.8  -32.8  63 -99
SPO 2026 01 30 18   88   4.4  -9  681.82  -36.5  -35.1  -33.6  65 -99
SPO 2026 01 30 19   88   4.4  -9  681.91  -36.7  -35.2  -33.7  65 -99
SPO 2026 01 30 20   94   4.2  -9  681.87  -36.8  -35.8  -34.1  64 -99
SPO 2026 01 30 21   95   4.2  -9  681.84  -36.9  -35.8  -34.4  63 -99
SPO 2026 01 30 22  104   4.4  -9  681.86  -36.7  -36.2  -34.6  64 -99
SPO 2026 01 30 23   96   4.6  -9  681.79  -36.5  -35.7  -34.3  66 -99
SPO 2026 01 31 00  100   4.9  -9  681.83  -36.3  -35.8  -35.1  67 -99
SPO 2026 01 31 01  101   5.1  -9  681.75  -36.3  -35.8  -34.5  68 -99
SPO 2026 01 31 02   99   5.8  -9  681.61  -35.9  -35.2  -34.0  68 -99
SPO 2026 01 31 03   92   5.5  -9  681.52  -36.1  -35.1  -34.3  68 -99
SPO 2026 01 31 04   96   4.5  -9  681.55  -36.1  -35.1  -34.6  68 -99
SPO 2026 01 31 05  100   4.2  -9  681.67  -36.1  -35.2  -34.6  69 -99
SPO 2026 01 31 06   99   4.8  -9  681.76  -36.2  -35.4  -35.0  68 -99
SPO 2026 01 31 07  101   5.0  -9  681.72  -35.9  -35.2  -34.8  69 -99
SPO 2026 01 31 08  107   4.6  -9  681.72  -36.5  -35.8  -35.1  69 -99
SPO 2026 01 31 09  109   5.4  -9  681.75  -36.6  -35.3  -34.8  69 -99
SPO 2026 01 31 10  108   5.9  -9  681.72  -35.8  -35.1  -34.8  68 -99
SPO 2026 01 31 11  107   6.0  -9  681.85  -35.9  -35.3  -34.6  67 -99
SPO 2026 01 31 12  105   4.4  -9  682.01  -36.1  -35.3  -34.9  68 -99
SPO 2026 01 31 13  103   5.2  -9  682.01  -35.9  -35.2  -34.6  68 -99
SPO 2026 01 31 14  106   6.1  -9  681.88  -35.6  -34.9  -34.3  68 -99
SPO 2026 01 31 15  105   5.0  -9  681.83  -35.9  -35.1  -34.4  66 -99
SPO 2026 01 31 16  111   6.4  -9  681.77  -35.6  -35.0  -34.2  64 -99
SPO 2026 01 31 17  105   5.7  -9  681.79  -35.7  -35.1  -34.7  63 -99
SPO 2026 01 31 18  106   5.2  -9  681.80  -35.7  -34.9  -34.5  64 -99
SPO 2026 01 31 19  108   7.0  -9  681.78  -35.6  -35.0  -34.9  66 -99
SPO 2026 01 31 20  105   6.1  -9  681.90  -35.5  -35.2  -35.0  64 -99
SPO 2026 01 31 21  104   6.3  -9  681.93  -35.5  -34.9  -34.7  63 -99
SPO 2026 01 31 22  103   6.3  -9  681.93  -35.3  -34.7  -34.7  64 -99
SPO 2026 01 31 23  110   6.7  -9  681.87  -35.2  -34.8  -34.7  65 -99
SPO 2026 02 01 00  112   7.4  -9  681.80  -35.0  -34.6  -34.4  65 -99
SPO 2026 02 01 01  103   6.4  -9  681.76  -34.9  -34.4  -34.4  63 -99
SPO 2026 02 01 02  103   5.8  -9  681.53  -35.1  -34.6  -34.7  63 -99
SPO 2026 02 01 03  101   6.9  -9  681.22  -34.9  -34.4  -34.6  63 -99
SPO 2026 02 01 04  101   6.6  -9  681.15  -34.9  -34.4  -34.5  63 -99
SPO 2026 02 01 05  103   8.4  -9  681.01  -34.5  -34.1  -34.3  63 -99
SPO 2026 02 01 06  104   8.2  -9  680.98  -34.4  -34.0  -34.1  63 -99
SPO 2026 02 01 07   98   6.6  -9  681.01  -34.7  -34.1  -34.3  63 -99
SPO 2026 02 01 08  101   6.7  -9  680.94  -35.0  -34.2  -34.3  64 -99
SPO 2026 02 01 09  102   8.0  -9  680.69  -35.0  -34.0  -34.1  65 -99
SPO 2026 02 01 10   96   7.4  -9  680.49  -34.8  -33.9  -34.1  63 -99
SPO 2026 02 01 11   98   7.0  -9  680.20  -34.7  -34.0  -34.2  61 -99
SPO 2026 02 01 12  107   9.1  -9  679.98  -34.6  -34.1  -34.1  62 -99
SPO 2026 02 01 13  102   7.8  -9  679.88  -34.8  -34.3  -34.3  63 -99
SPO 2026 02 01 14   97   8.1  -9  679.66  -35.0  -34.5  -34.6  64 -99
SPO 2026 02 01 15  100   8.0  -9  679.33  -35.1  -34.9  -34.9  63 -99
SPO 2026 02 01 16   98   7.4  -9  679.09  -35.2  -34.9  -34.8  62 -99
SPO 2026 02 01 17  107   7.3  -9  678.89  -35.1  -34.9  -34.9  60 -99
SPO 2026 02 01 18  108   6.8  -9  678.70  -35.2  -34.8  -34.8  62 -99
SPO 2026 02 01 19  107   5.6  -9  678.59  -35.4  -34.9  -35.2  62 -99
SPO 2026 02 01 20  102   5.6  -9  678.31  -35.2  -34.9  -35.0  61 -99
SPO 2026 02 01 21  109   6.4  -9  678.02  -34.9  -34.5  -34.6  60 -99
SPO 2026 02 01 22  110   6.8  -9  677.73  -34.9  -34.6  -34.6  60 -99
SPO 2026 02 01 23  107   6.1  -9  677.47  -34.8  -34.5  -34.5  59 -99
SPO 2026 02 02 00  107   6.5  -9  677.11  -34.6  -34.3  -34.3  59 -99
SPO 2026 02 02 01  110   6.7  -9  676.83  -34.6  -34.3  -34.3  58 -99
SPO 2026 02 02 02  111   6.5  -9  676.40  -34.8  -34.5  -34.5  58 -99
SPO 2026 02 02 03  112   7.3  -9  676.00  -34.5  -34.2  -34.3  58 -99
SPO 2026 02 02 04  112   6.9  -9  675.62  -34.4  -34.0  -34.0  58 -99
SPO 2026 02 02 05  117   7.7  -9  675.31  -34.3  -33.8  -33.9  58 -99
SPO 2026 02 02 06  114   7.5  -9  675.03  -34.0  -33.6  -33.7  58 -99
SPO 2026 02 02 07  115   7.6  -9  674.82  -33.8  -33.4  -33.4  58 -99
SPO 2026 02 02 08  106   6.4  -9  674.88  -34.0  -33.3  -33.4  59 -99
SPO 2026 02 02 09  107   6.5  -9  674.88  -34.2  -33.2  -33.3  60 -99
SPO 2026 02 02 10  106   7.1  -9  674.83  -33.6  -32.9  -33.0  58 -99
SPO 2026 02 02 11  112   7.1  -9  674.83  -33.8  -33.2  -33.1  58 -99
SPO 2026 02 02 12  112   7.3  -9  674.88  -33.8  -33.2  -33.0  58 -99
SPO 2026 02 02 13  108   6.7  -9  675.05  -34.1  -33.5  -33.3  59 -99
SPO 2026 02 02 14  100   6.1  -9  675.06  -34.3  -33.7  -33.7  59 -99
SPO 2026 02 02 15   97   5.0  -9  675.24  -34.7  -34.2  -34.2  59 -99
SPO 2026 02 02 16  106   6.1  -9  675.33  -34.8  -34.5  -34.2  58 -99
SPO 2026 02 02 17  102   4.8  -9  675.81  -35.3  -34.8  -34.7  58 -99
SPO 2026 02 02 18  102   4.5  -9  676.12  -35.8  -35.1  -34.9  59 -99
SPO 2026 02 02 19  100   4.2  -9  676.43  -35.9  -35.3  -35.4  59 -99
SPO 2026 02 02 20  101   4.6  -9  676.64  -36.1  -35.8  -35.6  58 -99
SPO 2026 02 02 21  102   3.9  -9  676.97  -36.2  -35.8  -35.7  57 -99
SPO 2026 02 02 22  101   4.0  -9  677.28  -36.3  -35.9  -35.8  57 -99
SPO 2026 02 02 23   96   4.2  -9  677.65  -36.4  -35.9  -35.7  57 -99
SPO 2026 02 03 00   92   3.8  -9  678.01  -36.7  -36.1  -35.7  57 -99
SPO 2026 02 03 01   85   3.3  -9  678.15  -36.7  -36.0  -34.7  59 -99
SPO 2026 02 03 02   90   2.5  -9  678.41  -36.8  -36.0  -34.4  59 -99
SPO 2026 02 03 03   86   2.5  -9  678.66  -36.8  -35.8  -34.9  59 -99
SPO 2026 02 03 04   41   2.7  -9  678.80  -36.3  -35.3  -34.7  58 -99
SPO 2026 02 03 05   41   1.6  -9  679.12  -36.9  -35.1  -34.0  60 -99
SPO 2026 02 03 06   17   1.9  -9  679.39  -36.8  -34.4  -34.0  58 -99
SPO 2026 02 03 07   14   1.9  -9  679.68  -36.0  -33.7  -33.8  62 -99
SPO 2026 02 03 08   38   1.9  -9  679.98  -37.1  -33.8  -33.3  62 -99
SPO 2026 02 03 09   22   2.3  -9  680.26  -37.4  -32.9  -33.0  62 -99
SPO 2026 02 03 10   35   2.4  -9  680.56  -37.2  -33.6  -33.3  61 -99
SPO 2026 02 03 11   26   2.6  -9  680.79  -36.8  -33.2  -33.3  60 -99
SPO 2026 02 03 12   29   2.2  -9  680.97  -37.5  -33.9  -32.8  61 -99
SPO 2026 02 03 13   26   2.2  -9  681.19  -37.9  -34.6  -33.1  61 -99
SPO 2026 02 03 14   32   2.7  -9  681.30  -37.8  -34.2  -33.1  61 -99
SPO 2026 02 03 15   52   2.6  -9  681.53  -38.2  -35.5  -33.1  60 -99
SPO 2026 02 03 16   56   3.3  -9  681.69  -38.0  -36.3  -32.9  59 -99
SPO 2026 02 03 17   52   3.4  -9  681.89  -37.8  -36.3  -33.4  60 -99
SPO 2026 02 03 18   61   3.0  -9  682.08  -38.0  -36.7  -33.0  60 -99
SPO 2026 02 03 19   59   3.1  -9  682.36  -38.1  -36.5  -33.1  60 -99
SPO 2026 02 03 20   58   3.4  -9  682.62  -38.0  -36.9  -33.0  60 -99
SPO 2026 02 03 21   48   2.5  -9  682.82  -37.8  -36.5  -32.9  59 -99
SPO 2026 02 03 22   53   3.0  -9  683.01  -38.0  -36.5  -32.4  59 -99
SPO 2026 02 03 23   50   3.6  -9  682.99  -37.8  -36.1  -32.0  59 -99
SPO 2026 02 04 00   79   2.8  -9  683.23  -38.1  -37.3  -32.8  59 -99
SPO 2026 02 04 01   80   3.0  -9  683.42  -37.9  -37.1  -33.2  59 -99
SPO 2026 02 04 02   71   3.7  -9  683.40  -37.8  -36.7  -32.4  59 -99
SPO 2026 02 04 03   67   3.6  -9  683.43  -37.6  -36.6  -32.3  60 -99
SPO 2026 02 04 04   77   3.6  -9  683.56  -37.7  -36.9  -33.2  59 -99
SPO 2026 02 04 05   76   3.6  -9  683.80  -37.8  -37.1  -34.1  59 -99
SPO 2026 02 04 06   62   3.5  -9  683.97  -37.6  -36.9  -35.4  59 -99
SPO 2026 02 04 07   70   3.1  -9  684.13  -37.8  -37.1  -36.0  60 -99
SPO 2026 02 04 08   71   3.5  -9  684.20  -37.9  -36.9  -35.9  62 -99
SPO 2026 02 04 09   68   3.2  -9  684.38  -37.9  -36.9  -35.8  63 -99
SPO 2026 02 04 10   66   3.3  -9  684.41  -38.1  -37.1  -35.5  61 -99
SPO 2026 02 04 11   63   3.4  -9  684.48  -37.7  -36.9  -35.0  60 -99
SPO 2026 02 04 12   63   3.3  -9  684.58  -37.5  -36.8  -35.1  61 -99
SPO 2026 02 04 13   58   3.5  -9  684.60  -37.1  -36.6  -34.9  61 -99
SPO 2026 02 04 14   59   3.3  -9  684.59  -36.7  -36.3  -35.4  62 -99
SPO 2026 02 04 15   69   2.9  -9  684.71  -36.7  -36.4  -35.5  62 -99
SPO 2026 02 04 16   72   3.4  -9  684.71  -37.3  -36.6  -35.3  62 -99
SPO 2026 02 04 17   80   3.1  -9  684.78  -36.4  -36.0  -35.2  61 -99
SPO 2026 02 04 18   78   3.3  -9  684.89  -36.4  -35.0  -35.1  62 -99
SPO 2026 02 04 19   94   3.4  -9  685.04  -37.2  -35.9  -35.2  61 -99
SPO 2026 02 04 20   90   3.6  -9  685.08  -37.0  -36.5  -35.5  60 -99
SPO 2026 02 04 21   89   3.6  -9  685.05  -37.0  -36.4  -36.1  59 -99
SPO 2026 02 04 22   96   4.0  -9  685.07  -36.9  -36.4  -36.1  59 -99
SPO 2026 02 04 23   94   3.5  -9  685.01  -36.9  -36.4  -35.9  59 -99
SPO 2026 02 05 00  102   3.9  -9  685.04  -36.8  -36.3  -35.5  59 -99
SPO 2026 02 05 01  108   4.4  -9  684.97  -36.6  -36.2  -35.8  61 -99
SPO 2026 02 05 02  103   3.9  -9  684.81  -36.6  -36.1  -36.2  60 -99
SPO 2026 02 05 03  102   3.8  -9  684.60  -36.5  -36.0  -36.2  60 -99
SPO 2026 02 05 04  105   5.3  -9  684.37  -36.2  -35.7  -35.7  59 -99
SPO 2026 02 05 05  102   5.6  -9  684.25  -36.1  -35.4  -35.0  59 -99
SPO 2026 02 05 06  104   5.0  -9  684.30  -36.0  -35.4  -34.7  59 -99
SPO 2026 02 05 07   95   4.4  -9  684.27  -35.7  -34.9  -34.8  60 -99
SPO 2026 02 05 08   92   5.0  -9  684.13  -35.5  -34.5  -34.4  61 -99
SPO 2026 02 05 09   99   5.4  -9  683.94  -35.6  -34.4  -33.9  62 -99
SPO 2026 02 05 10   96   6.5  -9  683.68  -35.1  -34.0  -33.5  61 -99
SPO 2026 02 05 11   99   5.8  -9  683.63  -35.0  -34.1  -33.8  60 -99
SPO 2026 02 05 12   99   6.0  -9  683.45  -35.0  -34.1  -33.8  60 -99
SPO 2026 02 05 13   98   3.4  -9  683.43  -35.1  -34.6  -34.4  61 -99
SPO 2026 02 05 14   94   4.0  -9  683.21  -35.5  -34.8  -34.7  61 -99
SPO 2026 02 05 15   94   3.8  -9  683.12  -35.2  -34.7  -34.7  62 -99
SPO 2026 02 05 16   87   3.4  -9  683.07  -34.8  -34.6  -34.7  61 -99
SPO 2026 02 05 17   94   5.2  -9  682.98  -35.3  -34.7  -34.6  61 -99
SPO 2026 02 05 18   93   5.2  -9  682.95  -35.5  -34.6  -34.4  61 -99
SPO 2026 02 05 19   91   5.0  -9  683.02  -35.5  -34.7  -34.6  60 -99
SPO 2026 02 05 20   88   4.0  -9  683.02  -35.2  -34.7  -34.6  60 -99
SPO 2026 02 05 21   89   4.9  -9  682.92  -35.1  -34.4  -34.2  59 -99
SPO 2026 02 05 22   86   4.7  -9  682.88  -35.2  -34.6  -34.5  58 -99
SPO 2026 02 05 23   91   5.5  -9  682.78  -35.3  -34.6  -34.4  58 -99
SPO 2026 02 06 00   92   5.7  -9  682.71  -35.2  -34.5  -34.4  58 -99
SPO 2026 02 06 01   93   6.2  -9  682.52  -35.3  -34.6  -34.4  57 -99
SPO 2026 02 06 02   90   5.6  -9  682.37  -35.4  -34.7  -34.4  58 -99
SPO 2026 02 06 03   91   5.1  -9  682.18  -35.5  -34.7  -34.3  58 -99
SPO 2026 02 06 04   94   5.8  -9  682.05  -35.2  -34.5  -34.3  58 -99
SPO 2026 02 06 05   88   5.9  -9  682.09  -35.2  -34.3  -34.0  58 -99
SPO 2026 02 06 06   89   4.4  -9  682.19  -35.3  -34.6  -34.3  58 -99
SPO 2026 02 06 07   88   3.3  -9  682.18  -35.5  -34.9  -34.6  59 -99
SPO 2026 02 06 08   85   5.1  -9  682.12  -35.6  -34.5  -33.6  61 -99
SPO 2026 02 06 09   82   5.2  -9  682.07  -35.7  -34.5  -33.4  62 -99
SPO 2026 02 06 10   79   4.7  -9  682.03  -34.2  -34.1  -33.8  63 -99
SPO 2026 02 06 11   70   4.5  -9  681.99  -31.7  -31.6  -31.8  65 -99
SPO 2026 02 06 12   67   4.7  -9  681.96  -31.0  -30.8  -31.1  65 -99
SPO 2026 02 06 13   64   4.6  -9  682.00  -30.6  -30.4  -30.8  66 -99
SPO 2026 02 06 14   61   4.7  -9  681.92  -30.4  -30.3  -30.6  71 -99
SPO 2026 02 06 15   55   4.2  -9  681.89  -30.0  -30.0  -30.3  70 -99
SPO 2026 02 06 16   56   4.4  -9  681.95  -29.6  -29.5  -29.8  70 -99
SPO 2026 02 06 17   50   4.9  -9  682.02  -29.4  -29.2  -29.7  68 -99
SPO 2026 02 06 18   45   5.1  -9  682.15  -29.4  -29.2  -29.6  67 -99
SPO 2026 02 06 19   34   4.6  -9  682.31  -29.3  -28.9  -29.3  66 -99
SPO 2026 02 06 20   28   4.4  -9  682.28  -29.1  -28.8  -29.1  66 -99
SPO 2026 02 06 21   24   4.3  -9  682.36  -28.7  -28.6  -28.9  66 -99
SPO 2026 02 06 22   17   4.0  -9  682.37  -28.6  -28.5  -28.8  66 -99
SPO 2026 02 06 23   17   4.1  -9  682.30  -28.5  -28.3  -28.7  67 -99
SPO 2026 02 07 00   20   3.9  -9  682.32  -28.3  -28.2  -28.6  66 -99
SPO 2026 02 07 01   16   4.0  -9  682.37  -28.4  -28.2  -28.6  67 -99
SPO 2026 02 07 02    3   4.0  -9  682.43  -28.5  -28.3  -28.7  69 -99
SPO 2026 02 07 03  360   4.3  -9  682.49  -29.1  -28.9  -29.3  70 -99
SPO 2026 02 07 04   18   4.0  -9  682.54  -29.5  -29.4  -29.7  69 -99
SPO 2026 02 07 05   23   3.9  -9  682.69  -29.7  -29.6  -29.9  68 -99
SPO 2026 02 07 06   34   3.2  -9  682.77  -30.0  -29.8  -30.0  73 -99
SPO 2026 02 07 07   12   2.6  -9  682.87  -29.7  -29.6  -29.9  73 -99
SPO 2026 02 07 08   31   2.3  -9  682.86  -29.3  -29.2  -29.4  72 -99
SPO 2026 02 07 09   54   2.5  -9  682.85  -29.1  -29.1  -29.3  71 -99
SPO 2026 02 07 10   57   2.6  -9  682.89  -28.8  -28.9  -29.1  70 -99
SPO 2026 02 07 11   62   2.9  -9  682.90  -28.7  -28.7  -28.8  71 -99
SPO 2026 02 07 12   94   2.0  -9  682.92  -28.5  -28.4  -28.6  71 -99
SPO 2026 02 07 13  113   0.6  -9  682.94  -28.2  -28.1  -28.3  71 -99
SPO 2026 02 07 14  120   0.9  -9  682.92  -28.5  -28.2  -28.5  71 -99
SPO 2026 02 07 15  138   2.0  -9  682.89  -29.2  -28.8  -28.8  70 -99
SPO 2026 02 07 16  139   3.6  -9  682.92  -31.6  -30.0  -29.7  69 -99
SPO 2026 02 07 17  146   2.9  -9  683.04  -31.0  -30.4  -30.4  69 -99
SPO 2026 02 07 18  140   2.6  -9  683.18  -31.1  -30.8  -30.8  69 -99
SPO 2026 02 07 19  134   2.6  -9  683.22  -31.6  -31.3  -31.5  68 -99
SPO 2026 02 07 20  115   2.6  -9  683.27  -32.7  -32.6  -32.8  66 -99
SPO 2026 02 07 21  119   1.8  -9  683.32  -35.0  -33.5  -32.9  64 -99
SPO 2026 02 07 22  155   3.0  -9  683.48  -35.1  -33.4  -32.9  65 -99
SPO 2026 02 07 23  125   3.2  -9  683.40  -35.5  -32.7  -31.8  64 -99
SPO 2026 02 08 00  102   2.9  -9  683.20  -35.1  -32.9  -30.7  66 -99
SPO 2026 02 08 01   74   2.6  -9  683.14  -34.5  -32.3  -29.7  67 -99
SPO 2026 02 08 02   23   2.1  -9  683.20  -34.2  -30.4  -30.0  64 -99
SPO 2026 02 08 03   33   0.8  -9  683.37  -34.7  -31.8  -30.3  66 -99
SPO 2026 02 08 04   49   0.6  -9  683.46  -35.7  -32.2  -30.2  65 -99
SPO 2026 02 08 05  328   0.9  -9  683.52  -34.6  -30.9  -30.7  64 -99
SPO 2026 02 08 06  325   1.6  -9  683.70  -34.5  -32.2  -31.7  65 -99
SPO 2026 02 08 07  314   1.5  -9  683.75  -34.8  -32.1  -31.0  64 -99
SPO 2026 02 08 08  318   1.7  -9  683.78  -33.8  -30.9  -30.1  66 -99
SPO 2026 02 08 09  344   2.3  -9  683.76  -33.0  -31.9  -30.4  68 -99
SPO 2026 02 08 10  359   2.8  -9  683.89  -33.1  -32.4  -30.4  68 -99
SPO 2026 02 08 11  346   2.7  -9  683.94  -32.5  -32.0  -30.7  68 -99
SPO 2026 02 08 12  332   2.6  -9  683.99  -31.8  -31.4  -31.3  67 -99
SPO 2026 02 08 13  328   3.2  -9  684.06  -33.0  -31.3  -31.3  66 -99
SPO 2026 02 08 14  315   2.5  -9  684.27  -33.4  -31.8  -31.6  64 -99
SPO 2026 02 08 15  325   2.2  -9  684.37  -34.6  -32.4  -31.9  64 -99
SPO 2026 02 08 16  343   2.1  -9  684.38  -35.0  -32.4  -31.3  66 -99
SPO 2026 02 08 17  339   1.7  -9  684.56  -35.5  -32.6  -31.8  62 -99
SPO 2026 02 08 18  296   0.4  -9  684.83  -34.6  -31.5  -32.0  60 -99
SPO 2026 02 08 19  194   0.2  -9  684.92  -36.0  -32.6  -32.1  61 -99
SPO 2026 02 08 20  115   1.7  -9  685.11  -36.9  -33.3  -32.2  61 -99
SPO 2026 02 08 21  107   1.7  -9  685.39  -36.0  -33.1  -32.1  61 -99
SPO 2026 02 08 22  108   2.0  -9  685.58  -36.4  -33.3  -31.8  63 -99
SPO 2026 02 08 23  110   1.5  -9  685.63  -37.4  -34.2  -32.1  63 -99
SPO 2026 02 09 00  109   1.8  -9  685.81  -36.3  -35.3  -32.7  65 -99
SPO 2026 02 09 01  129   2.1  -9  685.93  -33.8  -33.8  -33.3  67 -99
SPO 2026 02 09 02  130   1.6  -9  685.91  -32.6  -32.5  -32.6  68 -99
SPO 2026 02 09 03  143   1.1  -9  685.74  -31.6  -31.5  -31.8  68 -99
SPO 2026 02 09 04  135   2.0  -9  685.81  -31.1  -31.1  -31.3  69 -99
SPO 2026 02 09 05  134   2.5  -9  685.89  -31.0  -31.0  -31.1  69 -99
SPO 2026 02 09 06  138   2.6  -9  685.90  -30.8  -30.7  -30.8  69 -99
SPO 2026 02 09 07  120   2.4  -9  685.81  -31.5  -30.9  -30.8  69 -99
SPO 2026 02 09 08  102   2.5  -9  685.78  -32.0  -31.4  -31.2  68 -99
SPO 2026 02 09 09  110   3.3  -9  685.72  -32.3  -31.6  -30.5  68 -99
SPO 2026 02 09 10  120   2.5  -9  685.58  -31.5  -31.2  -31.0  69 -99
SPO 2026 02 09 11  136   2.7  -9  685.46  -31.7  -30.8  -30.7  68 -99
SPO 2026 02 09 12  133   1.9  -9  685.34  -31.5  -31.0  -30.4  68 -99
SPO 2026 02 09 13  127   1.6  -9  684.96  -30.7  -29.7  -28.6  68 -99
SPO 2026 02 09 14  125   2.9  -9  684.59  -31.4  -29.3  -28.3  67 -99
SPO 2026 02 09 15   75   4.2  -9  684.46  -35.8  -32.9  -31.6  64 -99
SPO 2026 02 09 16   72   3.5  -9  684.36  -37.3  -34.7  -32.0  63 -99
SPO 2026 02 09 17   94   3.5  -9  684.20  -38.0  -36.0  -32.5  62 -99
SPO 2026 02 09 18  108   4.2  -9  684.10  -38.8  -37.1  -33.3  63 -99
SPO 2026 02 09 19   95   4.4  -9  683.82  -39.1  -37.3  -33.9  62 -99
SPO 2026 02 09 20  100   4.1  -9  683.74  -39.3  -38.5  -36.5  62 -99
SPO 2026 02 09 21  104   2.4  -9  683.75  -39.7  -39.2  -38.5  61 -99
SPO 2026 02 09 22   93   3.5  -9  683.69  -39.9  -39.1  -38.3  62 -99
SPO 2026 02 09 23  106   4.0  -9  683.52  -40.4  -39.7  -38.9  62 -99
SPO 2026 02 10 00  107   5.2  -9  683.21  -40.4  -39.7  -38.5  62 -99
SPO 2026 02 10 01  107   5.0  -9  683.06  -40.8  -40.2  -39.0  62 -99
SPO 2026 02 10 02  107   4.0  -9  682.97  -40.8  -40.0  -39.2  62 -99
SPO 2026 02 10 03  104   4.0  -9  682.72  -40.6  -39.9  -39.0  62 -99
SPO 2026 02 10 04   98   4.4  -9  682.47  -39.8  -39.2  -38.4  63 -99
SPO 2026 02 10 05  103   4.3  -9  682.32  -40.6  -40.1  -38.2  62 -99
SPO 2026 02 10 06  105   4.1  -9  682.21  -41.1  -40.5  -38.3  62 -99
SPO 2026 02 10 07  106   4.1  -9  682.11  -41.1  -40.4  -38.5  62 -99
SPO 2026 02 10 08  111   4.2  -9  681.95  -41.6  -40.7  -39.1  62 -99
SPO 2026 02 10 09  108   4.5  -9  681.86  -42.0  -40.7  -39.0  63 -99
SPO 2026 02 10 10  100   4.2  -9  681.75  -41.6  -40.6  -39.0  62 -99
SPO 2026 02 10 11   96   4.2  -9  681.59  -41.3  -40.4  -38.9  61 -99
SPO 2026 02 10 12  103   4.0  -9  681.48  -41.4  -40.6  -39.5  62 -99
SPO 2026 02 10 13  111   4.0  -9  681.39  -42.0  -40.8  -39.3  61 -99
SPO 2026 02 10 14  104   4.9  -9  681.16  -41.9  -40.5  -39.0  61 -99
SPO 2026 02 10 15  100   4.7  -9  680.95  -41.6  -40.5  -39.3  61 -99
SPO 2026 02 10 16  104   4.0  -9  680.83  -41.8  -40.8  -39.8  60 -99
SPO 2026 02 10 17  116   4.6  -9  680.78  -41.7  -41.4  -39.9  59 -99
SPO 2026 02 10 18  112   4.6  -9  680.76  -42.2  -41.8  -41.0  59 -99
SPO 2026 02 10 19  121   5.0  -9  680.79  -42.3  -42.0  -41.4  59 -99
SPO 2026 02 10 20  118   4.4  -9  680.82  -42.3  -42.1  -41.8  59 -99
SPO 2026 02 10 21  116   4.0  -9  680.78  -42.3  -41.9  -41.6  58 -99
SPO 2026 02 10 22  120   5.6  -9  680.74  -42.0  -41.6  -40.7  59 -99
SPO 2026 02 10 23  116   5.7  -9  680.64  -41.6  -41.2  -40.1  59 -99
SPO 2026 02 11 00  114   4.7  -9  680.69  -41.6  -41.1  -40.3  58 -99
SPO 2026 02 11 01  111   5.4  -9  680.60  -41.2  -40.5  -40.2  58 -99
SPO 2026 02 11 02  124   5.6  -9  680.65  -41.6  -41.0  -40.3  58 -99
SPO 2026 02 11 03  119   5.5  -9  680.49  -41.6  -40.8  -40.1  58 -99
SPO 2026 02 11 04  113   5.6  -9  680.48  -41.4  -40.6  -39.8  58 -99
SPO 2026 02 11 05  117   5.5  -9  680.62  -41.2  -40.3  -39.7  58 -99
SPO 2026 02 11 06  119   5.8  -9  680.81  -41.2  -40.5  -39.5  58 -99
SPO 2026 02 11 07  117   5.4  -9  680.92  -41.3  -40.5  -39.6  57 -99
SPO 2026 02 11 08  114   6.1  -9  680.88  -41.5  -40.3  -39.5  58 -99
SPO 2026 02 11 09  111   5.9  -9  680.85  -41.8  -40.6  -39.7  60 -99
SPO 2026 02 11 10  115   5.0  -9  680.93  -41.7  -40.8  -40.2  58 -99
SPO 2026 02 11 11  122   4.2  -9  681.10  -41.7  -41.1  -40.1  57 -99
SPO 2026 02 11 12  120   3.2  -9  681.23  -42.0  -41.5  -40.3  58 -99
SPO 2026 02 11 13  105   3.6  -9  681.25  -42.5  -41.7  -40.4  58 -99
SPO 2026 02 11 14  113   2.8  -9  681.37  -42.6  -41.9  -41.1  58 -99
SPO 2026 02 11 15  112   3.7  -9  681.38  -42.7  -42.0  -40.9  58 -99
SPO 2026 02 11 16  102   3.4  -9  681.36  -42.7  -42.0  -40.8  57 -99
SPO 2026 02 11 17  102   3.4  -9  681.47  -42.9  -42.0  -40.9  57 -99
SPO 2026 02 11 18  100   3.8  -9  681.52  -42.8  -41.8  -40.8  58 -99
SPO 2026 02 11 19   99   4.2  -9  681.54  -42.9  -42.0  -40.8  58 -99
SPO 2026 02 11 20   93   4.6  -9  681.64  -42.7  -41.9  -40.5  58 -99
SPO 2026 02 11 21   93   4.3  -9  681.66  -42.7  -41.4  -40.1  58 -99
SPO 2026 02 11 22   96   4.0  -9  681.85  -42.7  -41.2  -40.0  58 -99
SPO 2026 02 11 23   98   3.8  -9  681.99  -42.9  -41.4  -39.7  58 -99
SPO 2026 02 12 00   92   4.3  -9  681.95  -42.9  -41.1  -39.1  58 -99
SPO 2026 02 12 01   86   4.2  -9  681.84  -42.9  -41.3  -38.9  57 -99
SPO 2026 02 12 02   82   4.6  -9  681.77  -42.6  -40.9  -38.3  58 -99
SPO 2026 02 12 03   83   4.1  -9  681.75  -42.9  -41.3  -38.6  58 -99
SPO 2026 02 12 04   92   3.9  -9  681.84  -43.2  -41.4  -39.5  57 -99
SPO 2026 02 12 05   88   4.3  -9  681.94  -43.4  -41.3  -39.7  57 -99
SPO 2026 02 12 06   83   4.1  -9  681.93  -43.3  -41.1  -39.0  57 -99
SPO 2026 02 12 07   87   4.0  -9  681.98  -43.5  -41.2  -39.6  58 -99
SPO 2026 02 12 08   89   3.6  -9  681.96  -43.5  -41.5  -39.8  58 -99
SPO 2026 02 12 09   87   3.4  -9  681.93  -42.6  -41.5  -40.4  60 -99
SPO 2026 02 12 10   93   3.4  -9  681.86  -41.8  -41.1  -40.4  60 -99
SPO 2026 02 12 11   92   3.4  -9  681.93  -41.0  -40.9  -40.9  60 -99
SPO 2026 02 12 12   91   3.5  -9  681.99  -42.2  -40.9  -40.8  60 -99
SPO 2026 02 12 13   89   4.6  -9  681.91  -43.2  -41.4  -40.5  58 -99
SPO 2026 02 12 14   90   4.7  -9  681.91  -43.9  -42.0  -40.3  58 -99
SPO 2026 02 12 15   86   4.4  -9  681.75  -44.1  -42.0  -39.6  58 -99
SPO 2026 02 12 16   95   4.1  -9  681.73  -44.1  -42.2  -39.8  57 -99
SPO 2026 02 12 17   99   4.1  -9  681.84  -44.2  -42.5  -40.0  57 -99
SPO 2026 02 12 18  102   3.6  -9  681.88  -44.4  -42.8  -39.8  57 -99
SPO 2026 02 12 19   95   3.8  -9  681.80  -44.0  -42.8  -39.8  58 -99
SPO 2026 02 12 20   86   4.0  -9  681.67  -44.8  -42.8  -38.6  58 -99
SPO 2026 02 12 21   83   4.0  -9  681.58  -44.0  -42.1  -38.7  59 -99
SPO 2026 02 12 22  124   3.8  -9  681.61  -43.3  -43.1  -40.7  60 -99
SPO 2026 02 12 23  118   3.2  -9  681.64  -42.7  -42.7  -40.8  60 -99
SPO 2026 02 13 00  111   3.3  -9  681.69  -43.7  -42.6  -40.4  59 -99
SPO 2026 02 13 01  100   3.7  -9  681.69  -44.1  -42.4  -39.8  58 -99
SPO 2026 02 13 02   97   3.4  -9  681.51  -44.3  -42.5  -40.1  57 -99
SPO 2026 02 13 03   94   3.8  -9  681.31  -44.4  -42.6  -39.9  57 -99
SPO 2026 02 13 04  102   4.1  -9  681.23  -44.2  -42.7  -40.4  57 -99
SPO 2026 02 13 05   98   4.3  -9  680.97  -44.0  -42.3  -40.4  57 -99
SPO 2026 02 13 06  100   4.4  -9  680.78  -44.0  -42.2  -41.0  57 -99
SPO 2026 02 13 07  102   4.6  -9  680.68  -43.7  -42.4  -41.8  57 -99
SPO 2026 02 13 08   97   4.1  -9  680.67  -44.1  -42.9  -42.3  58 -99
SPO 2026 02 13 09   94   3.9  -9  680.44  -44.3  -42.9  -42.6  59 -99
SPO 2026 02 13 10   93   4.7  -9  680.11  -43.9  -42.8  -42.3  57 -99
SPO 2026 02 13 11   91   5.6  -9  679.82  -43.6  -42.3  -41.2  57 -99
SPO 2026 02 13 12  105   6.3  -9  679.66  -43.2  -41.8  -40.0  58 -99
SPO 2026 02 13 13  113   6.3  -9  679.60  -43.8  -42.1  -41.0  57 -99
SPO 2026 02 13 14  104   5.9  -9  679.41  -42.9  -41.9  -41.5  59 -99
SPO 2026 02 13 15  103   6.8  -9  679.06  -42.4  -41.8  -41.5  58 -99
SPO 2026 02 13 16   95   6.5  -9  678.60  -42.5  -41.9  -41.6  58 -99
SPO 2026 02 13 17   95   5.5  -9  678.37  -42.4  -41.7  -41.6  57 -99
SPO 2026 02 13 18  100   6.4  -9  678.13  -42.0  -41.3  -41.2  58 -99
SPO 2026 02 13 19  103   7.2  -9  678.03  -41.8  -41.2  -41.0  58 -99
SPO 2026 02 13 20  100   6.6  -9  677.77  -41.2  -40.6  -40.4  57 -99
SPO 2026 02 13 21   95   5.6  -9  677.38  -40.7  -39.9  -39.8  57 -99
SPO 2026 02 13 22  100   5.2  -9  677.15  -40.6  -40.0  -39.7  57 -99
SPO 2026 02 13 23  104   6.2  -9  676.92  -40.6  -40.0  -39.9  56 -99
SPO 2026 02 14 00   97   4.8  -9  676.80  -41.2  -40.6  -40.8  56 -99
SPO 2026 02 14 01   95   6.6  -9  676.33  -41.1  -40.4  -40.5  57 -99
SPO 2026 02 14 02  100   7.3  -9  675.68  -40.8  -40.2  -40.2  55 -99
SPO 2026 02 14 03   95   7.1  -9  675.25  -40.7  -40.1  -40.3  56 -99
SPO 2026 02 14 04  102   6.9  -9  674.84  -40.4  -39.9  -39.9  55 -99
SPO 2026 02 14 05  107   6.6  -9  674.52  -40.7  -40.2  -40.2  55 -99
SPO 2026 02 14 06  107   6.4  -9  674.31  -41.0  -40.4  -40.4  54 -99
SPO 2026 02 14 07  109   6.3  -9  673.82  -41.3  -40.7  -40.6  55 -99
SPO 2026 02 14 08  101   7.4  -9  673.12  -41.3  -40.5  -40.5  57 -99
SPO 2026 02 14 09  105   6.4  -9  672.72  -41.9  -41.0  -41.1  58 -99
SPO 2026 02 14 10  108   6.3  -9  672.39  -41.8  -41.3  -41.3  56 -99
SPO 2026 02 14 11  105   6.5  -9  672.11  -42.1  -41.6  -41.7  55 -99
SPO 2026 02 14 12  106   8.1  -9  671.48  -42.6  -42.1  -42.1  55 -99
SPO 2026 02 14 13   99   6.5  -9  671.25  -43.2  -42.7  -42.8  56 -99
SPO 2026 02 14 14   98   6.0  -9  670.87  -43.8  -43.3  -43.4  56 -99
SPO 2026 02 14 15  103   6.2  -9  670.31  -44.4  -43.8  -43.9  55 -99
SPO 2026 02 14 16  103   6.1  -9  669.94  -44.8  -44.3  -44.3  54 -99
SPO 2026 02 14 17  106   6.0  -9  669.65  -44.9  -44.4  -44.4  53 -99
SPO 2026 02 14 18  103   5.5  -9  669.30  -45.1  -44.5  -44.4  54 -99
SPO 2026 02 14 19  100   5.2  -9  669.08  -45.2  -44.8  -44.7  55 -99
SPO 2026 02 14 20  100   5.2  -9  668.89  -45.1  -44.9  -44.6  55 -99
SPO 2026 02 14 21   85   4.8  -9  668.62  -45.0  -44.3  -43.5  55 -99
SPO 2026 02 14 22   79   4.4  -9  668.42  -44.9  -44.2  -42.9  56 -99
SPO 2026 02 14 23   78   4.0  -9  668.28  -45.0  -44.2  -42.5  56 -99
SPO 2026 02 15 00   75   4.2  -9  668.19  -45.2  -43.9  -42.0  55 -99
SPO 2026 02 15 01   66   4.8  -9  668.01  -44.8  -42.9  -40.9  56 -99
SPO 2026 02 15 02   71   3.8  -9  667.90  -44.8  -43.5  -41.2  56 -99
SPO 2026 02 15 03   96   2.9  -9  667.99  -45.1  -43.5  -42.1  56 -99
SPO 2026 02 15 04   82   3.5  -9  667.86  -45.2  -43.1  -41.8  55 -99
SPO 2026 02 15 05   80   3.8  -9  667.94  -45.3  -43.3  -41.0  55 -99
SPO 2026 02 15 06   71   3.1  -9  668.26  -45.2  -43.4  -41.0  56 -99
SPO 2026 02 15 07   29   2.4  -9  668.42  -45.2  -41.9  -40.4  55 -99
SPO 2026 02 15 08    4   2.2  -9  668.69  -44.6  -41.7  -40.2  55 -99
SPO 2026 02 15 09  355   2.1  -9  668.98  -44.8  -41.8  -39.6  57 -99
SPO 2026 02 15 10  351   3.0  -9  669.38  -44.5  -41.8  -38.7  57 -99
SPO 2026 02 15 11  343   3.3  -9  669.80  -44.6  -41.4  -38.5  58 -99
SPO 2026 02 15 12  344   4.1  -9  670.22  -44.3  -42.3  -38.8  59 -99
SPO 2026 02 15 13  341   4.1  -9  670.52  -43.3  -42.4  -40.0  61 -99
SPO 2026 02 15 14  333   4.3  -9  670.84  -41.7  -41.4  -39.9  61 -99
SPO 2026 02 15 15  327   4.9  -9  671.15  -41.1  -40.5  -39.7  60 -99
SPO 2026 02 15 16  314   4.1  -9  671.69  -40.2  -39.9  -39.3  60 -99
SPO 2026 02 15 17  316   4.7  -9  672.11  -39.0  -38.8  -38.5  60 -99
SPO 2026 02 15 18  317   4.2  -9  672.53  -38.2  -37.7  -37.2  60 -99
SPO 2026 02 15 19  317   5.3  -9  672.83  -37.0  -36.5  -36.1  61 -99
SPO 2026 02 15 20  318   5.4  -9  673.30  -37.0  -36.6  -35.9  62 -99
SPO 2026 02 15 21  308   6.0  -9  673.75  -35.2  -35.0  -35.1  63 -99
SPO 2026 02 15 22  310   6.0  -9  674.19  -35.0  -34.6  -34.7  63 -99
SPO 2026 02 15 23  305   7.1  -9  674.54  -35.5  -34.8  -34.8  62 -99
SPO 2026 02 16 00  299   7.4  -9  675.01  -35.0  -34.3  -34.6  63 -99
SPO 2026 02 16 01  294   6.9  -9  675.50  -34.7  -34.0  -34.4  63 -99
SPO 2026 02 16 02  295   7.0  -9  675.84  -35.0  -34.3  -34.4  63 -99
SPO 2026 02 16 03  305   6.7  -9  676.26  -36.1  -35.0  -34.3  62 -99
SPO 2026 02 16 04  312   5.8  -9  676.61  -36.1  -35.3  -34.7  61 -99
SPO 2026 02 16 05  297   6.4  -9  677.19  -33.7  -33.4  -33.6  65 -99
SPO 2026 02 16 06  301   5.3  -9  677.68  -33.0  -32.8  -33.0  65 -99
SPO 2026 02 16 07  320   5.1  -9  678.04  -34.4  -33.6  -33.4  62 -99
SPO 2026 02 16 08  328   5.6  -9  678.44  -35.8  -34.8  -34.3  63 -99
SPO 2026 02 16 09  324   5.3  -9  678.73  -37.2  -35.6  -34.0  63 -99
SPO 2026 02 16 10  341   5.1  -9  678.94  -38.0  -35.8  -34.8  63 -99
SPO 2026 02 16 11  356   5.9  -9  679.17  -38.0  -36.2  -35.2  62 -99
SPO 2026 02 16 12  350   6.2  -9  679.39  -37.9  -36.9  -35.3  63 -99
SPO 2026 02 16 13  340   4.9  -9  679.60  -35.5  -34.9  -34.4  64 -99
SPO 2026 02 16 14  341   4.6  -9  679.90  -36.1  -35.2  -34.6  63 -99
SPO 2026 02 16 15  348   5.0  -9  680.23  -36.7  -35.9  -35.1  63 -99
SPO 2026 02 16 16  339   5.2  -9  680.41  -35.0  -34.6  -34.4  64 -99
SPO 2026 02 16 17  341   5.8  -9  680.57  -34.8  -34.4  -34.1  65 -99
SPO 2026 02 16 18  335   6.3  -9  680.88  -33.3  -33.1  -33.1  66 -99
SPO 2026 02 16 19  331   6.7  -9  681.14  -33.0  -32.9  -33.1  66 -99
SPO 2026 02 16 20  329   6.5  -9  681.43  -33.2  -33.2  -33.3  66 -99
SPO 2026 02 16 21  333   5.9  -9  681.84  -33.3  -33.3  -33.5  66 -99
SPO 2026 02 16 22  343   5.6  -9  682.23  -33.4  -33.4  -33.7  66 -99
SPO 2026 02 16 23  349   6.2  -9  682.57  -33.8  -33.8  -34.1  65 -99
SPO 2026 02 17 00  346   6.3  -9  682.92  -34.6  -34.6  -34.8  65 -99
SPO 2026 02 17 01  354   4.8  -9  683.28  -35.4  -35.2  -35.5  64 -99
SPO 2026 02 17 02    1   5.7  -9  683.49  -36.3  -36.2  -36.5  63 -99
SPO 2026 02 17 03  359   6.5  -9  683.62  -36.9  -37.0  -37.3  63 -99
SPO 2026 02 17 04    2   6.7  -9  683.69  -37.1  -37.2  -37.4  63 -99
SPO 2026 02 17 05    5   7.3  -9  683.78  -36.4  -36.5  -36.8  64 -99
SPO 2026 02 17 06    9   7.3  -9  683.99  -36.1  -36.1  -36.4  64 -99
SPO 2026 02 17 07   13   6.7  -9  684.22  -35.9  -36.0  -36.2  64 -99
SPO 2026 02 17 08   12   6.8  -9  684.32  -35.5  -35.6  -35.9  64 -99
SPO 2026 02 17 09   14   6.8  -9  684.50  -35.1  -35.2  -35.4  64 -99
SPO 2026 02 17 10   15   6.3  -9  684.53  -33.9  -34.0  -34.2  64 -99
SPO 2026 02 17 11   21   6.3  -9  684.65  -33.4  -33.7  -33.8  64 -99
SPO 2026 02 17 12    7   6.6  -9  684.77  -32.7  -32.7  -32.9  66 -99
SPO 2026 02 17 13    7   7.4  -9  684.78  -31.9  -31.8  -32.0  67 -99
SPO 2026 02 17 14   13   8.1  -9  684.81  -32.2  -32.2  -32.4  66 -99
SPO 2026 02 17 15   11   8.4  -9  684.77  -32.7  -32.7  -33.0  66 -99
SPO 2026 02 17 16   12   7.5  -9  684.77  -32.2  -32.2  -32.5  66 -99
SPO 2026 02 17 17   10   7.2  -9  684.87  -31.6  -31.6  -31.8  67 -99
SPO 2026 02 17 18   10   7.2  -9  685.15  -31.5  -31.4  -31.6  67 -99
SPO 2026 02 17 19   10   7.5  -9  685.23  -31.9  -31.9  -32.1  67 -99
SPO 2026 02 17 20    7   7.4  -9  685.37  -33.6  -33.4  -33.7  65 -99
SPO 2026 02 17 21   18   6.5  -9  685.67  -36.6  -36.2  -36.3  61 -99
SPO 2026 02 17 22   18   7.5  -9  685.71  -36.6  -36.3  -36.4  61 -99
SPO 2026 02 17 23   20   7.4  -9  685.85  -35.4  -35.5  -35.6  63 -99
SPO 2026 02 18 00   39   6.2  -9  686.01  -36.3  -36.1  -36.3  64 -99
SPO 2026 02 18 01   56   6.0  -9  685.99  -37.8  -37.4  -37.8  63 -99
SPO 2026 02 18 02   54   5.6  -9  685.90  -39.1  -38.0  -38.6  61 -99
SPO 2026 02 18 03   55   5.4  -9  685.83  -39.5  -38.4  -39.1  58 -99
SPO 2026 02 18 04   58   6.8  -9  685.72  -39.7  -38.5  -39.2  59 -99
SPO 2026 02 18 05   58   7.0  -9  685.68  -39.8  -38.5  -39.3  59 -99
SPO 2026 02 18 06   51   7.1  -9  685.71  -40.0  -38.9  -39.4  59 -99
SPO 2026 02 18 07   52   6.2  -9  685.83  -40.2  -39.1  -39.5  58 -99
SPO 2026 02 18 08   55   6.2  -9  685.84  -40.5  -39.1  -39.5  59 -99
SPO 2026 02 18 09   52   7.2  -9  685.86  -40.3  -38.9  -39.3  61 -99
SPO 2026 02 18 10   50   7.7  -9  685.89  -40.0  -38.9  -39.2  60 -99
SPO 2026 02 18 11   46   7.4  -9  686.14  -39.7  -38.6  -38.9  60 -99
SPO 2026 02 18 12   49   7.0  -9  686.30  -39.7  -38.6  -38.9  60 -99
SPO 2026 02 18 13   48   7.2  -9  686.54  -39.7  -38.8  -38.9  60 -99
SPO 2026 02 18 14   51   6.6  -9  686.70  -39.8  -38.8  -39.0  61 -99
SPO 2026 02 18 15   49   6.7  -9  686.75  -39.5  -38.6  -38.7  61 -99
SPO 2026 02 18 16   51   6.5  -9  686.82  -39.3  -38.4  -38.6  60 -99
SPO 2026 02 18 17   54   6.2  -9  687.07  -39.0  -38.2  -38.6  60 -99
SPO 2026 02 18 18   52   6.1  -9  687.38  -39.8  -39.1  -38.8  61 -99
SPO 2026 02 18 19   48   7.1  -9  687.47  -39.3  -38.4  -38.4  61 -99
SPO 2026 02 18 20   54   6.7  -9  687.61  -39.1  -38.4  -38.6  60 -99
SPO 2026 02 18 21   62   6.5  -9  687.90  -39.4  -38.5  -38.7  60 -99
SPO 2026 02 18 22   59   6.3  -9  688.22  -38.8  -38.3  -38.6  61 -99
SPO 2026 02 18 23   57   6.4  -9  688.46  -38.6  -38.0  -38.4  61 -99
SPO 2026 02 19 00   66   6.1  -9  688.76  -39.4  -38.5  -38.8  60 -99
SPO 2026 02 19 01   60   6.6  -9  689.01  -39.3  -38.3  -38.6  60 -99
SPO 2026 02 19 02   68   5.9  -9  689.19  -39.5  -38.8  -38.9  60 -99
SPO 2026 02 19 03   73   6.1  -9  689.23  -39.8  -39.2  -39.3  60 -99
SPO 2026 02 19 04   73   5.8  -9  689.36  -39.6  -39.0  -38.9  60 -99
SPO 2026 02 19 05   74   6.1  -9  689.48  -39.4  -38.8  -38.8  60 -99
SPO 2026 02 19 06   70   7.1  -9  689.62  -38.8  -38.4  -38.7  61 -99
SPO 2026 02 19 07   66   7.0  -9  689.79  -38.6  -38.0  -38.4  62 -99
SPO 2026 02 19 08   69   6.8  -9  689.90  -39.0  -38.3  -38.6  61 -99
SPO 2026 02 19 09   72   6.7  -9  690.04  -39.4  -38.6  -38.8  61 -99
SPO 2026 02 19 10   85   5.9  -9  690.06  -40.0  -39.6  -39.3  60 -99
SPO 2026 02 19 11   79   6.7  -9  690.04  -39.3  -39.0  -39.1  61 -99
SPO 2026 02 19 12   74   6.7  -9  690.12  -39.4  -39.0  -39.3  61 -99
SPO 2026 02 19 13   75   6.8  -9  690.13  -39.6  -39.3  -39.5  61 -99
SPO 2026 02 19 14   79   5.9  -9  690.14  -40.4  -40.0  -40.1  60 -99
SPO 2026 02 19 15   84   5.6  -9  690.05  -41.3  -40.6  -40.5  59 -99
SPO 2026 02 19 16   80   6.3  -9  689.85  -41.2  -40.5  -40.5  59 -99
SPO 2026 02 19 17   82   6.4  -9  690.00  -41.3  -40.8  -40.7  59 -99
SPO 2026 02 19 18   80   5.8  -9  690.12  -41.7  -40.9  -40.6  58 -99
SPO 2026 02 19 19   80   5.8  -9  690.10  -42.2  -41.3  -40.8  58 -99
SPO 2026 02 19 20   78   5.6  -9  690.11  -42.2  -41.4  -40.8  58 -99
SPO 2026 02 19 21   78   5.7  -9  690.20  -42.1  -41.0  -40.4  58 -99
SPO 2026 02 19 22   77   6.0  -9  690.15  -42.1  -41.0  -40.7  58 -99
SPO 2026 02 19 23   78   5.8  -9  690.14  -42.3  -41.1  -40.5  57 -99
SPO 2026 02 20 00   82   6.0  -9  690.07  -42.2  -41.1  -40.7  57 -99
SPO 2026 02 20 01   78   6.4  -9  689.87  -41.8  -40.7  -40.6  57 -99
SPO 2026 02 20 02   84   6.5  -9  689.67  -41.6  -40.6  -40.3  56 -99
SPO 2026 02 20 03   82   5.7  -9  689.39  -41.5  -40.5  -40.3  57 -99
SPO 2026 02 20 04   83   8.0  -9  688.82  -41.0  -40.1  -40.0  57 -99
SPO 2026 02 20 05   86   7.7  -9  688.45  -40.8  -39.9  -39.7  57 -99
SPO 2026 02 20 06   87   8.1  -9  688.19  -40.4  -39.6  -39.4  57 -99
SPO 2026 02 20 07   90   7.4  -9  687.89  -40.3  -39.5  -39.5  58 -99
SPO 2026 02 20 08   90   7.1  -9  687.37  -40.7  -39.7  -39.8  59 -99
SPO 2026 02 20 09   95   6.7  -9  686.85  -41.0  -39.8  -39.9  59 -99
SPO 2026 02 20 10   92   6.9  -9  686.43  -41.0  -40.0  -40.1  58 -99
SPO 2026 02 20 11   91   7.5  -9  686.08  -41.3  -40.4  -40.5  57 -99
SPO 2026 02 20 12   86   6.9  -9  685.80  -42.0  -41.0  -41.0  58 -99
SPO 2026 02 20 13   83   7.0  -9  685.72  -42.4  -41.6  -41.6  58 -99
SPO 2026 02 20 14   77   6.9  -9  685.62  -43.2  -42.2  -41.9  59 -99
SPO 2026 02 20 15   73   6.8  -9  685.44  -43.3  -42.2  -42.1  58 -99
SPO 2026 02 20 16   70   6.8  -9  685.54  -43.5  -42.2  -42.2  57 -99
SPO 2026 02 20 17   72   7.4  -9  685.61  -43.3  -42.1  -42.1  57 -99
SPO 2026 02 20 18   71   7.3  -9  685.88  -43.3  -41.9  -42.0  58 -99
SPO 2026 02 20 19   72   6.0  -9  686.22  -43.4  -42.4  -42.3  57 -99
SPO 2026 02 20 20   72   6.8  -9  686.21  -43.4  -42.5  -42.2  58 -99
SPO 2026 02 20 21   71   6.7  -9  686.34  -43.2  -41.9  -42.0  57 -99
SPO 2026 02 20 22   69   6.9  -9  686.31  -43.2  -42.0  -42.1  57 -99
SPO 2026 02 20 23   69   7.7  -9  686.15  -43.0  -41.8  -41.9  57 -99
SPO 2026 02 21 00   72   7.3  -9  686.07  -42.9  -41.9  -42.0  57 -99
SPO 2026 02 21 01   74   7.6  -9  686.00  -42.9  -41.9  -42.0  57 -99
SPO 2026 02 21 02   70   7.5  -9  685.76  -43.0  -41.9  -41.9  57 -99
SPO 2026 02 21 03   75   7.4  -9  685.58  -42.9  -42.2  -42.3  57 -99
SPO 2026 02 21 04   72   7.8  -9  685.44  -42.7  -41.8  -42.0  58 -99
SPO 2026 02 21 05   73   6.4  -9  685.44  -43.0  -41.9  -42.0  57 -99
SPO 2026 02 21 06   70   6.4  -9  685.35  -42.9  -41.6  -41.8  56 -99
SPO 2026 02 21 07   70   6.7  -9  685.35  -42.7  -41.5  -41.7  57 -99
SPO 2026 02 21 08   67   5.8  -9  685.20  -42.8  -41.4  -41.6  57 -99
SPO 2026 02 21 09   68   5.4  -9  684.85  -43.3  -41.9  -41.7  57 -99
SPO 2026 02 21 10   75   4.3  -9  684.66  -43.5 -999.9  -41.9  56 -99
SPO 2026 02 21 11   80   6.3  -9  684.22  -43.7 -999.9  -41.6  56 -99
SPO 2026 02 21 12   82   6.3  -9  684.02  -43.8 -999.9  -41.1  56 -99
SPO 2026 02 21 13   84   4.9  -9  683.63  -44.1 -999.9  -40.8  57 -99
SPO 2026 02 21 14   84   5.1  -9  683.38  -43.7 -999.9  -41.1  58 -99
SPO 2026 02 21 15   86   5.1  -9  683.06  -43.4 -999.9  -41.2  58 -99
SPO 2026 02 21 16   84   6.0  -9  682.75  -43.5 -999.9  -40.6  58 -99
SPO 2026 02 21 17   85   5.5  -9  682.61  -43.9 -999.9  -40.0  58 -99
SPO 2026 02 21 18   83   6.1  -9  682.42  -43.4 -999.9  -39.7  59 -99
SPO 2026 02 21 19   82   6.6  -9  682.10  -43.4 -999.9  -39.8  58 -99
SPO 2026 02 21 20   80   6.3  -9  681.80  -43.4 -999.9  -39.9  58 -99
SPO 2026 02 21 21   82   5.8  -9  681.68  -43.5 -999.9  -39.9  57 -99
SPO 2026 02 21 22   76   5.6  -9  681.55  -43.0 -999.9  -40.4  58 -99
SPO 2026 02 21 23   81   4.7  -9  681.50  -43.3 -999.9  -40.4  57 -99
SPO 2026 02 22 00   86   5.7  -9  681.25  -43.6 -999.9  -40.2  56 -99
SPO 2026 02 22 01   83   6.5  -9  680.91  -43.5 -999.9  -40.4  56 -99
SPO 2026 02 22 02   83   4.9  -9  680.83  -43.7 -999.9  -40.8  56 -99
SPO 2026 02 22 03   80   6.3  -9  680.52  -43.9 -999.9  -40.9  57 -99
SPO 2026 02 22 04   79   5.8  -9  680.39  -43.8 -999.9  -41.5  56 -99
SPO 2026 02 22 05   81   5.8  -9  680.43  -44.3 -999.9  -41.8  56 -99
SPO 2026 02 22 06   81   5.6  -9  680.45  -44.4 -999.9  -42.2  56 -99
SPO 2026 02 22 07   73   6.1  -9  680.47  -44.1 -999.9  -42.2  57 -99
SPO 2026 02 22 08   70   6.3  -9  680.30  -43.9 -999.9  -42.1  57 -99
SPO 2026 02 22 09   70   6.5  -9  680.15  -44.0 -999.9  -42.3  58 -99
SPO 2026 02 22 10   75   5.7  -9  680.13  -44.6 -999.9  -42.7  56 -99
SPO 2026 02 22 11   69   6.2  -9  679.96  -44.4 -999.9  -43.0  57 -99
SPO 2026 02 22 12   64   6.5  -9  679.93  -44.1 -999.9  -43.0  58 -99
SPO 2026 02 22 13   60   6.9  -9  679.75  -43.5 -999.9  -42.8  59 -99
SPO 2026 02 22 14   60   6.2  -9  679.66  -44.2 -999.9  -42.8  58 -99
SPO 2026 02 22 15   60   6.1  -9  679.61  -44.6 -999.9  -43.0  58 -99
SPO 2026 02 22 16   56   5.9  -9  679.63  -44.6 -999.9  -43.2  57 -99
SPO 2026 02 22 17   49   5.8  -9  679.84  -45.1 -999.9  -43.3  56 -99
SPO 2026 02 22 18   45   6.5  -9  679.92  -44.7 -999.9  -43.2  58 -99
SPO 2026 02 22 19   48   6.5  -9  679.89  -44.9 -999.9  -43.5  57 -99
SPO 2026 02 22 20   47   6.5  -9  679.93  -45.1 -999.9  -43.7  57 -99
SPO 2026 02 22 21   44   6.4  -9  680.01  -44.9 -999.9  -43.5  57 -99
SPO 2026 02 22 22   43   6.3  -9  680.18  -45.1 -999.9  -43.8  57 -99
SPO 2026 02 22 23   36   6.9  -9  680.24  -45.1 -999.9  -43.8  57 -99
SPO 2026 02 23 00   29   6.9  -9  680.30  -44.9 -999.9  -43.9  56 -99
SPO 2026 02 23 01   30   6.7  -9  680.32  -45.1 -999.9  -44.1  57 -99
SPO 2026 02 23 02   34   6.4  -9  680.43  -45.3 -999.9  -44.1  57 -99
SPO 2026 02 23 03   38   6.1  -9  680.41  -45.5 -999.9  -44.3  57 -99
SPO 2026 02 23 04   38   6.6  -9  680.52  -45.4  -44.4  -44.2  57 -99
SPO 2026 02 23 05   35   6.5  -9  680.65  -45.5  -44.4  -44.3  56 -99
SPO 2026 02 23 06   32   6.8  -9  680.78  -45.4  -44.3  -44.3  56 -99
SPO 2026 02 23 07   29   6.8  -9  680.87  -45.6  -44.7  -44.8  56 -99
SPO 2026 02 23 08   30   6.4  -9  680.98  -45.9  -44.7  -44.8  56 -99
SPO 2026 02 23 09   26   6.5  -9  680.96  -45.9  -45.0  -45.0  56 -99
SPO 2026 02 23 10   30   6.3  -9  681.10  -45.8  -44.8  -44.8  56 -99
SPO 2026 02 23 11   30   6.3  -9  681.21  -45.9  -44.8  -44.9  56 -99
SPO 2026 02 23 12   24   7.2  -9  681.23  -45.6  -45.0  -45.0  55 -99
SPO 2026 02 23 13   25   6.9  -9  681.22  -45.9  -45.4  -45.3  55 -99
SPO 2026 02 23 14   34   6.6  -9  681.27  -46.5  -45.4  -45.3  57 -99
SPO 2026 02 23 15   38   6.2  -9  681.46  -46.4  -45.5  -45.5  57 -99
SPO 2026 02 23 16   34   6.9  -9  681.42  -46.2  -45.1  -45.1  57 -99
SPO 2026 02 23 17   38   7.5  -9  681.55  -46.1  -45.1  -45.0  57 -99
SPO 2026 02 23 18   45   7.4  -9  681.76  -46.4  -45.3  -45.3  57 -99
SPO 2026 02 23 19   40   7.6  -9  681.92  -46.5  -45.6  -45.4  57 -99
SPO 2026 02 23 20   36   7.6  -9  682.07  -46.4  -45.6  -45.3  57 -99
SPO 2026 02 23 21   31   7.5  -9  682.18  -46.1  -45.0  -45.0  56 -99
SPO 2026 02 23 22   37   7.6  -9  682.22  -46.1  -45.1  -45.0  57 -99
SPO 2026 02 23 23   38   7.8  -9  682.40  -46.2  -45.3  -44.9  57 -99
SPO 2026 02 24 00   38   6.8  -9  682.64  -46.1  -45.3  -45.2  57 -99
SPO 2026 02 24 01   46   6.9  -9  682.75  -46.6  -45.6  -45.7  57 -99
SPO 2026 02 24 02   57   5.9  -9  682.82  -46.9  -45.9  -46.1  54 -99
SPO 2026 02 24 03   67   6.0  -9  682.76  -47.5  -46.4  -46.3  55 -99
SPO 2026 02 24 04   63   7.3  -9  682.74  -47.1  -46.0  -46.3  55 -99
SPO 2026 02 24 05   62   6.9  -9  682.86  -46.8  -45.7  -46.0  55 -99
SPO 2026 02 24 06   65   6.1  -9  682.89  -47.4  -46.4  -46.4  55 -99
SPO 2026 02 24 07   63   6.5  -9  682.91  -47.3  -46.3  -46.4  55 -99
SPO 2026 02 24 08   61   7.8  -9  682.91  -46.5  -45.6  -45.8  57 -99
SPO 2026 02 24 09   62   8.1  -9  682.87  -46.3  -45.3  -45.5  58 -99
SPO 2026 02 24 10   56   8.1  -9  682.81  -46.0  -45.1  -45.4  57 -99
SPO 2026 02 24 11   61   7.4  -9  682.89  -46.2  -45.1  -45.4  57 -99
SPO 2026 02 24 12   63   8.1  -9  682.79  -45.9  -44.9  -45.1  57 -99
SPO 2026 02 24 13   64   8.5  -9  682.75  -45.5  -44.6  -44.6  57 -99
SPO 2026 02 24 14   62   8.4  -9  682.66  -45.3  -44.3  -44.3  58 -99
SPO 2026 02 24 15   61   8.8  -9  682.58  -45.1  -44.1  -44.0  58 -99
SPO 2026 02 24 16   61   8.1  -9  682.73  -45.6  -44.5  -44.0  58 -99
SPO 2026 02 24 17   63   6.8  -9  683.00  -45.5  -44.4  -44.0  57 -99
SPO 2026 02 24 18   60   6.9  -9  683.17  -45.3  -43.8  -43.8  58 -99
SPO 2026 02 24 19   65   7.4  -9  683.14  -45.2  -44.2  -44.1  57 -99
SPO 2026 02 24 20   69   7.8  -9  683.07  -45.4  -44.7  -44.4  57 -99
SPO 2026 02 24 21   66   7.9  -9  683.25  -45.4  -44.2  -44.2  57 -99
SPO 2026 02 24 22   61   7.4  -9  683.38  -45.2  -44.0  -44.1  57 -99
SPO 2026 02 24 23   61   6.9  -9  683.48  -45.3  -44.1  -44.2  57 -99
SPO 2026 02 25 00   63   6.9  -9  683.53  -45.5  -44.3  -44.3  56 -99
SPO 2026 02 25 01   65   7.0  -9  683.44  -45.3  -44.1  -44.0  56 -99
SPO 2026 02 25 02   67   7.4  -9  683.37  -45.3  -44.2  -44.0  56 -99
SPO 2026 02 25 03   70   7.9  -9  683.25  -45.0  -44.0  -43.9  56 -99
SPO 2026 02 25 04   63   7.6  -9  683.38  -44.5  -43.3  -43.4  56 -99
SPO 2026 02 25 05   62   6.9  -9  683.60  -44.3  -43.1  -43.2  56 -99
SPO 2026 02 25 06   70   7.0  -9  683.82  -44.7  -43.7  -43.4  56 -99
SPO 2026 02 25 07   66   6.9  -9  683.86  -44.5  -43.3  -42.8  56 -99
SPO 2026 02 25 08   68   6.7  -9  683.86  -44.8  -43.5  -42.7  57 -99
SPO 2026 02 25 09   74   6.7  -9  683.92  -45.0  -43.5  -42.9  58 -99
SPO 2026 02 25 10   76   5.9  -9  683.83  -45.2  -43.9  -43.0  56 -99
SPO 2026 02 25 11   79   6.3  -9  683.73  -45.9  -44.3  -42.8  56 -99
SPO 2026 02 25 12   81   6.0  -9  683.62  -45.8  -44.4  -42.7  56 -99
SPO 2026 02 25 13   85   6.2  -9  683.52  -45.9  -44.6  -42.7  57 -99
SPO 2026 02 25 14   90   5.5  -9  683.42  -46.3  -45.2  -44.5  57 -99
SPO 2026 02 25 15   91   5.2  -9  683.14  -47.0  -45.7  -43.3  57 -99
SPO 2026 02 25 16   99   5.6  -9  682.96  -47.3  -45.6  -43.3  56 -99
SPO 2026 02 25 17  100   5.5  -9  682.89  -47.5  -45.9  -43.9  56 -99
SPO 2026 02 25 18   98   5.5  -9  682.86  -47.7  -45.9  -44.0  56 -99
SPO 2026 02 25 19   92   5.5  -9  682.74  -47.6  -45.8  -43.7  55 -99
SPO 2026 02 25 20   93   5.4  -9  682.56  -47.4  -45.5  -43.8  56 -99
SPO 2026 02 25 21   99   6.1  -9  682.29  -47.6  -45.7  -43.6  55 -99
SPO 2026 02 25 22  105   5.6  -9  682.19  -47.2  -45.4  -44.2  55 -99
SPO 2026 02 25 23  103   5.0  -9  682.12  -47.0  -45.7  -45.0  55 -99
SPO 2026 02 26 00  105   4.5  -9  682.04  -47.8  -46.5  -45.7  54 -99
SPO 2026 02 26 01   95   4.5  -9  681.97  -48.0  -47.0  -46.2  53 -99
SPO 2026 02 26 02   96   4.1  -9  681.93  -48.4  -47.4  -46.6  54 -99
SPO 2026 02 26 03   95   4.3  -9  681.92  -48.7  -47.7  -46.5  53 -99
SPO 2026 02 26 04   89   4.5  -9  682.01  -48.8  -47.7  -46.7  53 -99
SPO 2026 02 26 05   78   4.3  -9  682.01  -49.0  -48.1  -46.7  53 -99
SPO 2026 02 26 06   83   4.6  -9  682.08  -49.2  -48.0  -46.4  53 -99
SPO 2026 02 26 07   88   3.7  -9  682.33  -49.3  -48.5  -46.6  53 -99
SPO 2026 02 26 08   90   3.6  -9  682.50  -49.3  -48.1  -46.4  54 -99
SPO 2026 02 26 09   84   4.2  -9  682.57  -49.0  -47.7  -46.2  55 -99
SPO 2026 02 26 10   85   5.4  -9  682.66  -48.9  -47.6  -45.9  55 -99
SPO 2026 02 26 11   88   4.6  -9  682.93  -49.2  -47.8  -46.2  54 -99
SPO 2026 02 26 12   83   4.9  -9  683.01  -49.2  -47.9  -45.6  54 -99
SPO 2026 02 26 13   86   5.3  -9  683.09  -49.4  -47.7  -45.6  55 -99
SPO 2026 02 26 14   82   4.9  -9  683.15  -49.6  -47.7  -45.9  56 -99
SPO 2026 02 26 15   83   4.6  -9  683.33  -49.3  -47.4  -45.9  56 -99
SPO 2026 02 26 16   83   3.9  -9  683.52  -49.1  -47.5  -46.1  55 -99
SPO 2026 02 26 17   80   5.0  -9  683.75  -49.0  -47.5  -45.6  55 -99
SPO 2026 02 26 18   80   4.6  -9  684.07  -49.1  -47.7  -45.6  56 -99
SPO 2026 02 26 19   80   4.5  -9  684.32  -49.2  -47.7  -45.4  55 -99
SPO 2026 02 26 20   80   5.0  -9  684.48  -49.2  -47.9  -45.3  55 -99
SPO 2026 02 26 21   77   5.0  -9  684.68  -48.9  -47.4  -44.1  55 -99
SPO 2026 02 26 22   75   5.6  -9  684.88  -48.8  -47.1  -43.6  55 -99
SPO 2026 02 26 23   78   4.7  -9  685.21  -49.0  -47.3  -44.1  54 -99
SPO 2026 02 27 00   74   5.6  -9  685.41  -48.6  -46.2  -43.4  55 -99
SPO 2026 02 27 01   76   5.0  -9  685.72  -48.6  -46.3  -43.6  55 -99
SPO 2026 02 27 02   81   4.6  -9  685.98  -48.7  -46.7  -44.1  54 -99
SPO 2026 02 27 03   79   4.5  -9  686.14  -48.5  -46.4  -43.9  55 -99
SPO 2026 02 27 04   83   4.1  -9  686.39  -48.7  -46.9  -44.3  54 -99
SPO 2026 02 27 05   81   5.0  -9  686.44  -48.3  -46.7  -44.0  54 -99
SPO 2026 02 27 06   88   5.1  -9  686.78  -48.4  -47.2  -44.5  54 -99
SPO 2026 02 27 07   89   5.9  -9  686.91  -48.5  -47.1  -44.5  54 -99
SPO 2026 02 27 08   91   5.5  -9  687.10  -48.6  -46.8  -44.0  55 -99
SPO 2026 02 27 09  103   5.1  -9  687.15  -49.2  -47.2  -44.7  56 -99
SPO 2026 02 27 10  105   5.7  -9  687.12  -49.0  -47.4  -43.8  54 -99
SPO 2026 02 27 11  102   4.9  -9  687.09  -49.1  -47.4  -44.0  54 -99
SPO 2026 02 27 12  103   4.3  -9  687.05  -49.0  -47.3  -45.0  54 -99
SPO 2026 02 27 13  106   3.9  -9  687.09  -48.5  -47.5  -44.7  55 -99
SPO 2026 02 27 14  104   6.2  -9  686.77  -48.7  -46.7  -43.0  56 -99
SPO 2026 02 27 15   97   5.1  -9  686.84  -48.2  -45.7  -43.5  56 -99
SPO 2026 02 27 16  103   5.1  -9  686.88  -48.4  -46.1  -43.4  56 -99
SPO 2026 02 27 17   96   5.3  -9  686.95  -47.2  -44.9  -43.7  56 -99
SPO 2026 02 27 18   92   5.5  -9  687.04  -47.5  -45.8  -43.8  57 -99
SPO 2026 02 27 19   85   6.0  -9  687.00  -47.0  -45.1  -43.7  56 -99
SPO 2026 02 27 20   82   5.3  -9  687.09  -47.3  -45.6  -44.1  56 -99
SPO 2026 02 27 21   89   2.7  -9  687.16  -46.6  -45.6  -44.9  55 -99
SPO 2026 02 27 22   82   4.7  -9  686.92  -47.4  -46.4  -44.5  55 -99
SPO 2026 02 27 23   85   6.0  -9  687.00  -47.9  -46.1  -44.4  54 -99
SPO 2026 02 28 00   89   5.2  -9  687.05  -48.1  -46.3  -45.3  54 -99
SPO 2026 02 28 01   83   6.2  -9  687.05  -47.9  -46.0  -45.1  54 -99
SPO 2026 02 28 02   94   5.3  -9  687.14  -48.2  -46.5  -45.8  54 -99
SPO 2026 02 28 03   98   4.9  -9  687.15  -49.0  -47.4  -46.5  53 -99
SPO 2026 02 28 04   86   5.2  -9  687.13  -49.1  -47.9  -46.1  53 -99
SPO 2026 02 28 05   87   5.5  -9  687.19  -49.0  -47.5  -46.1  53 -99
SPO 2026 02 28 06   83   5.5  -9  687.19  -49.3  -47.8  -46.5  54 -99
SPO 2026 02 28 07   82   6.0  -9  687.09  -49.3  -48.0  -46.4  53 -99
SPO 2026 02 28 08   81   4.5  -9  687.03  -49.5  -48.3  -47.3  54 -99
SPO 2026 02 28 09   82   5.4  -9  686.91  -49.8  -48.1  -46.9  55 -99
SPO 2026 02 28 10   83   6.2  -9  686.88  -49.7  -48.0  -46.6  55 -99
SPO 2026 02 28 11   80   5.1  -9  686.99  -49.7  -48.5  -46.9  53 -99
SPO 2026 02 28 12   77   5.6  -9  686.95  -49.1  -47.7  -46.8  54 -99
SPO 2026 02 28 13   77   6.8  -9  686.85  -49.1  -47.8  -46.3  55 -99
SPO 2026 02 28 14   82   6.0  -9  686.88  -49.4  -47.7  -46.2  55 -99
SPO 2026 02 28 15   82   6.4  -9  686.71  -49.6  -48.0  -45.9  55 -99
SPO 2026 02 28 16   82   6.0  -9  686.72  -49.5  -47.7  -45.7  55 -99
SPO 2026 02 28 17   85   5.4  -9  686.66  -49.8  -47.5  -45.8  54 -99
SPO 2026 02 28 18   79   6.7  -9  686.60  -49.8  -47.6  -45.1  55 -99
SPO 2026 02 28 19   77   6.0  -9  686.71  -49.6  -48.0  -45.4  54 -99
SPO 2026 02 28 20   69   5.6  -9  686.75  -49.6  -48.2  -45.2  55 -99
SPO 2026 02 28 21   71   5.7  -9  686.67  -49.9  -47.7  -45.2  54 -99
SPO 2026 02 28 22   73   5.9  -9  686.54  -49.9  -47.4  -45.6  54 -99
SPO 2026 02 28 23   76   5.9  -9  686.38  -50.0  -47.7  -46.0  53 -99
SPO 2026 03 01 00   85   4.9  -9  686.30  -50.2  -48.6  -46.4  53 -99
SPO 2026 03 01 01   87   5.2  -9  686.15  -49.9  -48.4  -46.8  53 -99
SPO 2026 03 01 02   81   5.4  -9  685.93  -49.8  -48.4  -46.8  53 -99
SPO 2026 03 01 03   80   6.0  -9  685.67  -49.8  -48.5  -47.0  53 -99
SPO 2026 03 01 04   81   6.3  -9  685.49  -49.7  -48.5  -47.0  53 -99
SPO 2026 03 01 05   85   5.6  -9  685.34  -49.5  -48.2  -47.4  53 -99
SPO 2026 03 01 06   82   5.9  -9  685.12  -49.7  -48.5  -47.5  53 -99
SPO 2026 03 01 07   82   5.0  -9  684.99  -49.4  -48.3  -47.2  53 -99
SPO 2026 03 01 08   86   4.9  -9  684.76  -49.6  -48.3  -47.6  54 -99
SPO 2026 03 01 09   91   4.6  -9  684.54  -50.1  -48.4  -47.8  55 -99
SPO 2026 03 01 10   91   5.3  -9  684.21  -50.5  -48.4  -47.8  54 -99
SPO 2026 03 01 11   90   4.0  -9  684.04  -50.4  -49.1  -48.5  53 -99
SPO 2026 03 01 12   90   4.8  -9  683.87  -50.6  -48.9  -48.4  53 -99
SPO 2026 03 01 13   98   4.2  -9  683.64  -50.9  -49.2  -48.5  54 -99
SPO 2026 03 01 14   83   6.3  -9  683.22  -51.0  -49.0  -47.9  55 -99
SPO 2026 03 01 15   85   6.1  -9  682.96  -51.2  -49.5  -48.0  54 -99
SPO 2026 03 01 16   88   5.3  -9  682.80  -51.0  -49.2  -47.9  54 -99
SPO 2026 03 01 17   85   6.0  -9  682.67  -51.2  -49.4  -47.4  54 -99
SPO 2026 03 01 18   87   5.9  -9  682.69  -51.2  -49.2  -47.7  54 -99
SPO 2026 03 01 19   86   6.5  -9  682.63  -51.3  -49.4  -47.6  54 -99
SPO 2026 03 01 20   82   6.5  -9  682.54  -51.1  -49.7  -47.6  54 -99
SPO 2026 03 01 21   81   6.5  -9  682.35  -51.1  -49.7  -47.6  54 -99
SPO 2026 03 01 22   86   5.4  -9  682.28  -51.2  -50.1  -48.4  53 -99
SPO 2026 03 01 23   88   5.6  -9  682.29  -51.4  -50.0  -48.4  52 -99
SPO 2026 03 02 00   83   6.1  -9  682.18  -51.5  -49.9  -48.4  52 -99
SPO 2026 03 02 01   82   6.1  -9  682.04  -51.5  -50.3  -48.7  52 -99
SPO 2026 03 02 02   84   6.1  -9  681.94  -51.4  -50.1  -49.0  52 -99
SPO 2026 03 02 03   80   5.9  -9  681.82  -51.5  -50.3  -49.0  52 -99
SPO 2026 03 02 04   81   5.4  -9  681.94  -51.6  -49.9  -49.1  51 -99
SPO 2026 03 02 05   86   6.5  -9  681.77  -52.0  -50.5  -49.2  52 -99
SPO 2026 03 02 06   81   6.0  -9  681.77  -51.8  -50.5  -49.3  52 -99
SPO 2026 03 02 07   84   5.2  -9  681.96  -52.1  -50.5  -49.0  52 -99
SPO 2026 03 02 08   87   5.1  -9  682.12  -52.7  -50.2  -48.6  52 -99
SPO 2026 03 02 09   87   5.1  -9  682.08  -53.5  -51.0  -48.9  53 -99
SPO 2026 03 02 10   85   5.7  -9  682.08  -52.9  -50.9  -49.2  52 -99
SPO 2026 03 02 11   86   5.7  -9  682.12  -52.6  -50.9  -48.9  52 -99
SPO 2026 03 02 12   85   5.4  -9  682.17  -53.0  -51.1  -48.9  52 -99
SPO 2026 03 02 13   83   5.4  -9  682.27  -52.8  -51.5  -49.4  53 -99
SPO 2026 03 02 14   84   5.6  -9  682.29  -52.9  -51.5  -49.4  53 -99
SPO 2026 03 02 15   83   5.3  -9  682.26  -52.5  -51.1  -49.2  53 -99
SPO 2026 03 02 16   85   5.0  -9  682.32  -52.7  -51.3  -48.5  53 -99
SPO 2026 03 02 17   92   5.4  -9  682.49  -52.7  -50.5  -48.8  52 -99
SPO 2026 03 02 18   87   5.8  -9  682.45  -52.6  -50.6  -48.6  53 -99
SPO 2026 03 02 19   83   5.9  -9  682.48  -52.4  -51.0  -48.7  53 -99
SPO 2026 03 02 20   88   4.8  -9  682.65  -52.6  -51.2  -49.0  53 -99
SPO 2026 03 02 21   95   4.6  -9  682.76  -53.2  -51.1  -49.1  52 -99
SPO 2026 03 02 22   94   5.1  -9  682.73  -52.9  -51.1  -48.6  52 -99
SPO 2026 03 02 23   92   5.0  -9  682.73  -52.8  -50.8  -49.0  53 -99
SPO 2026 03 03 00   87   4.7  -9  682.75  -53.1  -51.1  -48.1  52 -99
SPO 2026 03 03 01   88   6.4  -9  682.65  -52.7  -50.5  -48.1  51 -99
SPO 2026 03 03 02   87   5.9  -9  682.59  -52.9  -50.8  -48.1  51 -99
SPO 2026 03 03 03   85   4.9  -9  682.55  -53.0  -50.6  -48.1  52 -99
SPO 2026 03 03 04  101   4.0  -9  682.51  -53.4  -51.4  -49.4  51 -99
SPO 2026 03 03 05  107   3.3  -9  682.52  -53.5  -51.6  -49.8  51 -99
SPO 2026 03 03 06  107   3.8  -9  682.54  -53.1  -51.1  -50.0  51 -99
SPO 2026 03 03 07   93   5.6  -9  682.34  -53.2  -50.8  -48.7  51 -99
SPO 2026 03 03 08  101   4.7  -9  682.27  -53.1  -51.1  -49.3  52 -99
SPO 2026 03 03 09  100   4.3  -9  682.15  -53.0  -50.7  -49.1  53 -99
SPO 2026 03 03 10   93   6.0  -9  681.98  -52.8  -49.7  -47.3  52 -99
SPO 2026 03 03 11  100   6.0  -9  681.86  -52.4  -49.4  -46.7  52 -99
SPO 2026 03 03 12  100   5.1  -9  681.71  -52.5  -49.9  -47.6  52 -99
SPO 2026 03 03 13   95   6.4  -9  681.49  -52.1  -49.0  -46.8  53 -99
SPO 2026 03 03 14   91   7.5  -9  681.18  -51.6  -48.7  -46.7  54 -99
SPO 2026 03 03 15   96   6.3  -9  680.93  -51.9  -49.9  -48.2  54 -99
SPO 2026 03 03 16   91   6.0  -9  680.70  -52.1  -50.8  -49.1  53 -99
SPO 2026 03 03 17   98   6.6  -9  680.34  -51.8  -50.6  -49.4  53 -99
SPO 2026 03 03 18  100   6.5  -9  680.03  -52.3  -51.3  -50.7  53 -99
SPO 2026 03 03 19  100   4.4  -9  679.68  -52.8  -51.9  -51.4  52 -99
SPO 2026 03 03 20   96   4.8  -9  679.19  -52.8  -51.5  -50.6  52 -99
SPO 2026 03 03 21   92   5.0  -9  678.86  -52.3  -50.8  -49.9  52 -99
SPO 2026 03 03 22   88   5.5  -9  678.37  -51.6  -50.1  -49.3  53 -99
SPO 2026 03 03 23   83   6.8  -9  677.80  -50.9  -49.7  -48.7  53 -99
SPO 2026 03 04 00   88   5.7  -9  677.32  -51.2  -49.7  -49.0  52 -99
SPO 2026 03 04 01   88   6.4  -9  676.72  -50.9  -49.4  -48.3  52 -99
SPO 2026 03 04 02   90   5.9  -9  676.05  -51.1  -49.5  -48.7  52 -99
SPO 2026 03 04 03   95   4.7  -9  675.43  -51.0  -49.3  -48.5  52 -99
SPO 2026 03 04 04   92   5.4  -9  674.82  -50.8  -49.1  -48.4  52 -99
SPO 2026 03 04 05   88   5.8  -9  674.27  -50.8  -49.0  -48.1  53 -99
SPO 2026 03 04 06   85   5.5  -9  673.79  -50.9  -49.6  -48.3  53 -99
SPO 2026 03 04 07   81   5.0  -9  673.46  -50.9  -49.1  -47.7  53 -99
SPO 2026 03 04 08   75   5.5  -9  673.20  -50.9  -48.5  -47.2  53 -99
SPO 2026 03 04 09   71   7.0  -9  672.87  -51.6  -48.8  -46.8  55 -99
SPO 2026 03 04 10   69   6.8  -9  672.60  -51.1  -49.3  -46.9  54 -99
SPO 2026 03 04 11   70   6.6  -9  672.38  -51.1  -48.9  -47.2  53 -99
SPO 2026 03 04 12   72   7.5  -9  671.97  -51.2  -48.8  -47.0  54 -99
SPO 2026 03 04 13   74   6.3  -9  671.66  -51.4  -49.5  -47.4  53 -99
SPO 2026 03 04 14   77   6.1  -9  671.27  -51.9  -49.7  -48.0  53 -99
SPO 2026 03 04 15   76   5.9  -9  671.06  -51.4  -49.5  -48.0  54 -99
SPO 2026 03 04 16   82   5.4  -9  670.91  -52.7  -49.9  -48.3  53 -99
SPO 2026 03 04 17   81   5.7  -9  670.88  -52.9  -50.0  -48.2  52 -99
SPO 2026 03 04 18   78   6.1  -9  670.90  -53.3  -50.9  -48.0  53 -99
SPO 2026 03 04 19   70   5.9  -9  671.29  -54.0  -50.2  -47.7  52 -99
SPO 2026 03 04 20   62   6.0  -9  671.72  -54.0  -50.9  -47.6  52 -99
SPO 2026 03 04 21   46   6.3  -9  672.15  -53.0  -50.9  -48.3  52 -99
SPO 2026 03 04 22   36   6.7  -9  672.85  -52.2  -50.8  -49.6  54 -99
SPO 2026 03 04 23   28   7.0  -9  673.55  -52.0  -50.9  -50.4  53 -99
SPO 2026 03 05 00   27   7.8  -9  674.09  -52.1  -51.1  -50.7  53 -99
SPO 2026 03 05 01   30   7.2  -9  674.73  -52.6  -51.3  -51.0  54 -99
SPO 2026 03 05 02   34   6.9  -9  675.31  -52.9  -51.7  -51.2  54 -99
SPO 2026 03 05 03   36   6.8  -9  675.80  -53.0  -51.9  -51.1  54 -99
SPO 2026 03 05 04   44   6.0  -9  676.40  -53.9  -52.6  -51.2  52 -99
SPO 2026 03 05 05   51   6.2  -9  676.87  -54.9  -53.3  -50.6  51 -99
SPO 2026 03 05 06   49   6.1  -9  677.57  -54.8  -53.2  -50.3  51 -99
SPO 2026 03 05 07   53   5.8  -9  678.24  -54.9  -53.2  -49.7  50 -99
SPO 2026 03 05 08   58   5.5  -9  678.89  -55.6  -53.4  -49.6  50 -99
SPO 2026 03 05 09   60   5.9  -9  679.34  -55.4  -52.7  -48.9  51 -99
SPO 2026 03 05 10   62   6.0  -9  679.86  -55.2  -52.4  -48.9  50 -99
SPO 2026 03 05 11   67   5.1  -9  680.32  -55.5  -52.8  -48.8  50 -99
SPO 2026 03 05 12   70   5.6  -9  680.56  -55.4  -52.1  -47.8  50 -99
SPO 2026 03 05 13   88   4.1  -9  680.92  -55.2  -53.0  -48.6  51 -99
SPO 2026 03 05 14   90   4.7  -9  681.10  -55.6  -52.3  -49.2  52 -99
SPO 2026 03 05 15   93   5.6  -9  681.25  -55.7  -52.0  -47.0  52 -99
SPO 2026 03 05 16   99   5.0  -9  681.48  -55.6  -51.7  -47.1  51 -99
SPO 2026 03 05 17  104   5.3  -9  681.62  -55.2  -51.7  -46.8  51 -99
SPO 2026 03 05 18  116   5.3  -9  681.92  -55.0  -51.9  -48.2  52 -99
SPO 2026 03 05 19  120   5.4  -9  682.02  -56.2  -52.9  -47.7  52 -99
SPO 2026 03 05 20  107   5.5  -9  682.03  -54.3  -52.3  -48.9  52 -99
SPO 2026 03 05 21  116   5.6  -9  682.04  -54.7  -53.0  -48.8  52 -99
SPO 2026 03 05 22  113   5.7  -9  682.04  -55.0  -51.6  -48.7  51 -99
SPO 2026 03 05 23  111   5.0  -9  682.10  -54.2  -50.9  -48.5  51 -99
SPO 2026 03 06 00  103   5.5  -9  682.09  -54.2  -51.7  -48.7  51 -99
SPO 2026 03 06 01  117   5.5  -9  682.21  -54.9  -52.2  -49.6  51 -99
SPO 2026 03 06 02  124   6.1  -9  682.26  -55.4  -53.9  -49.2  51 -99
SPO 2026 03 06 03  107   5.9  -9  682.29  -54.7  -53.1  -48.1  51 -99
SPO 2026 03 06 04  103   5.7  -9  682.42  -54.8  -52.4  -45.9  51 -99
SPO 2026 03 06 05  106   5.2  -9  682.62  -54.1  -51.4  -47.1  52 -99
SPO 2026 03 06 06  110   5.0  -9  682.91  -54.1  -51.3  -45.9  52 -99
SPO 2026 03 06 07  114   5.2  -9  683.25  -53.9  -51.2  -45.5  52 -99
SPO 2026 03 06 08  111   4.8  -9  683.57  -54.2  -51.8  -45.4  52 -99
SPO 2026 03 06 09  110   4.7  -9  683.86  -54.4  -51.7  -44.2  53 -99
SPO 2026 03 06 10  108   4.5  -9  684.04  -54.4  -51.7  -44.9  52 -99
SPO 2026 03 06 11  103   3.4  -9  684.27  -54.3  -51.8  -46.1  51 -99
SPO 2026 03 06 12  115   3.9  -9  684.75  -54.8  -51.4  -46.3  51 -99
SPO 2026 03 06 13  104   3.8  -9  684.97  -55.0  -51.0  -45.7  51 -99
SPO 2026 03 06 14   99   4.3  -9  685.13  -54.8  -50.9  -45.5  53 -99
SPO 2026 03 06 15   95   4.0  -9  685.26  -54.9  -51.1  -45.4  52 -99
SPO 2026 03 06 16   72   2.9  -9  685.51  -53.1  -51.2  -47.8  52 -99
SPO 2026 03 06 17   84   3.4  -9  685.78  -54.4  -51.2  -47.3  51 -99
SPO 2026 03 06 18   79   5.2  -9  685.88  -55.3  -51.7  -45.9  51 -99
SPO 2026 03 06 19   78   4.6  -9  686.22  -55.4  -52.9  -47.7  51 -99
SPO 2026 03 06 20   77   4.5  -9  686.55  -55.5  -52.5  -47.5  50 -99
SPO 2026 03 06 21   72   4.6  -9  686.76  -56.0  -51.7  -46.4  50 -99
SPO 2026 03 06 22   64   5.0  -9  686.83  -55.6  -51.9  -45.3  50 -99
SPO 2026 03 06 23   63   5.1  -9  686.94  -55.5  -51.8  -45.7  50 -99
SPO 2026 03 07 00   61   5.1  -9  687.03  -55.4  -52.1  -45.8  50 -99
SPO 2026 03 07 01   60   3.7  -9  687.16  -55.2  -53.7  -46.4  50 -99
SPO 2026 03 07 02   63   4.7  -9  686.98  -55.5  -54.0  -46.3  50 -99
SPO 2026 03 07 03   56   3.8  -9  687.24  -55.9  -54.3  -47.8  50 -99
SPO 2026 03 07 04   45   4.2  -9  687.24  -55.1  -52.9  -48.8  50 -99
SPO 2026 03 07 05   38   4.4  -9  687.35  -54.2  -52.1  -49.6  50 -99
SPO 2026 03 07 06   28   5.7  -9  687.29  -52.6  -51.4  -49.7  52 -99
SPO 2026 03 07 07   20   6.5  -9  687.38  -51.9  -51.5  -50.5  51 -99
SPO 2026 03 07 08   14   7.3  -9  687.17  -52.1  -51.6  -50.9  53 -99
SPO 2026 03 07 09   10   7.5  -9  686.96  -51.6  -51.3  -51.2  54 -99
SPO 2026 03 07 10    5   9.0  -9  686.69  -51.3  -51.0  -50.8  54 -99
SPO 2026 03 07 11    0   9.5  -9  686.32  -50.2  -50.1  -50.1  54 -99
SPO 2026 03 07 12  354  10.2  -9  685.75  -48.7  -48.8  -48.9  55 -99
SPO 2026 03 07 13  352  10.5  -9  685.30  -47.1  -47.1  -47.2  56 -99
SPO 2026 03 07 14  351  10.1  -9  684.59  -45.7  -45.7  -45.8  57 -99
SPO 2026 03 07 15  347  10.1  -9  683.88  -43.8  -43.7  -43.7  58 -99
SPO 2026 03 07 16  339  11.0  -9  683.51  -42.1  -42.0  -42.0  59 -99
SPO 2026 03 07 17  331  10.2  -9  683.46  -39.8  -39.6  -39.5  61 -99
SPO 2026 03 07 18  322  11.3  -9  683.00  -38.5  -38.3  -38.2  62 -99
SPO 2026 03 07 19  317  12.1  -9  682.45  -37.7  -37.5  -37.4  62 -99
SPO 2026 03 07 20  314  12.3  -9  682.15  -36.9  -36.7  -36.7  63 -99
SPO 2026 03 07 21  308  13.4  -9  681.71  -36.1  -35.9  -35.9  63 -99
SPO 2026 03 07 22  305  12.5  -9  681.81  -35.8  -35.6  -35.7  64 -99
SPO 2026 03 07 23  307  11.0  -9  681.83  -35.4  -35.1  -35.2  64 -99
SPO 2026 03 08 00  306  10.6  -9  681.89  -34.9  -34.7  -34.8  64 -99
SPO 2026 03 08 01  301   9.9  -9  682.07  -34.7  -34.5  -34.5  64 -99
SPO 2026 03 08 02  304   9.4  -9  682.12  -34.8  -34.5  -34.6  65 -99
SPO 2026 03 08 03  303   8.7  -9  682.32  -34.7  -34.4  -34.5  65 -99
SPO 2026 03 08 04  302   9.1  -9  682.31  -34.6  -34.3  -34.3  65 -99
SPO 2026 03 08 05  301   8.5  -9  682.92  -34.6  -34.3  -34.3  65 -99
SPO 2026 03 08 06  304   7.9  -9  683.45  -34.7  -34.4  -34.5  65 -99
SPO 2026 03 08 07  301   7.4  -9  683.84  -34.9  -34.6  -34.7  65 -99
SPO 2026 03 08 08  298   7.6  -9  684.12  -35.4  -35.0  -35.0  64 -99
SPO 2026 03 08 09  300   6.9  -9  684.40  -35.7  -35.5  -35.5  64 -99
SPO 2026 03 08 10  303   7.0  -9  684.65  -36.0  -35.7  -35.5  64 -99
SPO 2026 03 08 11  305   8.0  -9  684.68  -35.6  -35.4  -35.4  64 -99
SPO 2026 03 08 12  307   7.1  -9  685.01  -35.3  -35.1  -35.2  64 -99
SPO 2026 03 08 13  312   7.6  -9  685.20  -34.6  -34.5  -34.7  65 -99
SPO 2026 03 08 14  311   7.1  -9  685.29  -34.7  -34.4  -34.5  65 -99
SPO 2026 03 08 15  312   7.3  -9  685.38  -34.5  -34.4  -34.5  65 -99
SPO 2026 03 08 16  313   7.2  -9  685.51  -34.4  -34.3  -34.3  65 -99
SPO 2026 03 08 17  319   6.6  -9  685.85  -34.8  -34.7  -34.7  65 -99
SPO 2026 03 08 18  323   8.0  -9  685.93  -34.8  -34.8  -34.8  65 -99
SPO 2026 03 08 19  318   8.5  -9  686.21  -35.3  -35.2  -35.3  65 -99
SPO 2026 03 08 20  322   8.7  -9  686.42  -35.9  -35.8  -35.9  64 -99
SPO 2026 03 08 21  320   8.4  -9  686.62  -36.4  -36.2  -36.2  64 -99
SPO 2026 03 08 22  322   8.6  -9  686.58  -36.3  -36.1  -36.0  64 -99
SPO 2026 03 08 23  327   7.3  -9  686.70  -37.7  -37.2  -36.7  63 -99
SPO 2026 03 09 00  322   7.2  -9  686.74  -37.9  -37.3  -36.6  63 -99
SPO 2026 03 09 01  333   6.2  -9  686.98  -38.5  -37.9  -37.2  63 -99
SPO 2026 03 09 02  334   6.3  -9  687.21  -38.2  -37.6  -37.1  63 -99
SPO 2026 03 09 03  344   5.3  -9  687.27  -38.8  -38.6  -37.9  63 -99
SPO 2026 03 09 04  341   5.4  -9  687.39  -38.8  -38.6  -38.0  63 -99
SPO 2026 03 09 05  334   5.3  -9  687.27  -39.6  -38.4  -37.1  61 -99
SPO 2026 03 09 06  323   5.7  -9  687.34  -39.4  -38.2  -37.2  61 -99
SPO 2026 03 09 07  341   5.2  -9  687.56  -40.0  -39.3  -38.2  62 -99
SPO 2026 03 09 08  343   5.3  -9  687.51  -39.7  -39.5  -38.7  62 -99
SPO 2026 03 09 09  342   5.2  -9  687.47  -40.4  -40.2  -39.3  62 -99
SPO 2026 03 09 10  328   4.9  -9  687.41  -40.4  -40.3  -39.9  61 -99
SPO 2026 03 09 11  322   4.7  -9  687.36  -40.2  -40.1  -39.7  61 -99
SPO 2026 03 09 12  325   3.9  -9  687.21  -41.2  -40.3  -39.8  61 -99
SPO 2026 03 09 13  323   3.7  -9  687.07  -42.7  -40.6  -39.4  59 -99
SPO 2026 03 09 14  342   2.6  -9  686.92  -42.5  -40.8  -39.3  59 -99
SPO 2026 03 09 15  350   3.6  -9  686.58  -42.3  -40.5  -38.8  61 -99
SPO 2026 03 09 16    2   2.8  -9  686.39  -43.1  -41.0  -38.6  60 -99
SPO 2026 03 09 17   67   1.9  -9  686.51  -44.9  -43.4  -41.0  58 -99
SPO 2026 03 09 18   18   2.3  -9  686.26  -45.5  -41.5  -40.6  58 -99
SPO 2026 03 09 19   37   1.8  -9  686.00  -46.9  -41.9  -39.7  57 -99
SPO 2026 03 09 20   71   3.3  -9  685.82  -48.1  -44.6  -39.9  57 -99
SPO 2026 03 09 21   77   4.1  -9  685.58  -48.3  -44.6  -40.0  57 -99
SPO 2026 03 09 22   74   4.4  -9  685.18  -48.2  -43.7  -40.1  57 -99
SPO 2026 03 09 23   89   3.7  -9  684.81  -48.3  -46.1  -40.9  57 -99
SPO 2026 03 10 00  121   3.5  -9  684.63  -47.4  -46.5  -40.7  57 -99
SPO 2026 03 10 01  113   3.0  -9  684.11  -46.2  -45.2  -39.3  58 -99
SPO 2026 03 10 02  106   2.4  -9  683.65  -45.1  -44.5  -40.9  59 -99
SPO 2026 03 10 03  110   3.0  -9  683.22  -43.6  -43.3  -41.7  60 -99
SPO 2026 03 10 04  111   4.0  -9  682.84  -43.5  -42.7  -41.7  60 -99
SPO 2026 03 10 05  119   4.8  -9  682.50  -45.3  -43.0  -41.2  58 -99
SPO 2026 03 10 06  114   5.0  -9  682.16  -46.5  -44.3  -40.2  58 -99
SPO 2026 03 10 07  108   4.5  -9  681.98  -46.7  -44.6  -40.3  57 -99
SPO 2026 03 10 08   99   4.3  -9  681.78  -46.0  -44.3  -42.0  58 -99
SPO 2026 03 10 09   92   4.0  -9  681.46  -43.8  -42.3  -38.0  59 -99
SPO 2026 03 10 10  102   3.1  -9  680.90  -41.2  -40.2  -37.9  61 -99
SPO 2026 03 10 11  118   3.4  -9  680.61  -40.5  -39.6  -38.2  62 -99
SPO 2026 03 10 12  117   4.7  -9  680.26  -42.1  -40.9  -37.6  61 -99
SPO 2026 03 10 13  116   5.6  -9  679.62  -43.2  -42.1  -39.8  60 -99
SPO 2026 03 10 14  121   4.4  -9  679.31  -44.7  -43.2  -39.9  59 -99
SPO 2026 03 10 15  129   5.8  -9  678.90  -44.2  -42.3  -39.2  59 -99
SPO 2026 03 10 16  112   6.2  -9  678.30  -43.4  -41.0  -38.2  59 -99
SPO 2026 03 10 17  107   3.4  -9  677.90  -44.4  -42.3  -40.6  58 -99
SPO 2026 03 10 18  133   2.9  -9  677.51  -45.0  -43.4  -40.8  58 -99
SPO 2026 03 10 19  145   4.3  -9  677.17  -45.8  -45.5  -40.8  58 -99
SPO 2026 03 10 20  125   5.3  -9  676.64  -45.2  -43.4  -37.0  59 -99
SPO 2026 03 10 21  120   5.2  -9  676.11  -45.6  -42.3  -32.9  58 -99
SPO 2026 03 10 22  121   4.4  -9  675.68  -47.3  -45.3  -35.3  57 -99
SPO 2026 03 10 23  137   5.4  -9  675.29  -47.7  -45.8  -38.2  57 -99
SPO 2026 03 11 00  114   4.5  -9  674.71  -47.2  -43.9  -36.2  57 -99
SPO 2026 03 11 01  129   3.2  -9  674.18  -45.1  -43.4  -39.1  59 -99
SPO 2026 03 11 02  136   4.1  -9  673.72  -46.5  -42.4  -39.8  57 -99
SPO 2026 03 11 03  143   4.5  -9  673.23  -46.5  -41.8  -38.8  57 -99
SPO 2026 03 11 04  127   5.7  -9  672.69  -48.8  -43.7  -39.1  56 -99
SPO 2026 03 11 05  111   3.4  -9  672.27  -48.1  -45.6  -41.2  56 -99
SPO 2026 03 11 06  129   2.7  -9  672.07  -47.5  -45.6  -40.5  57 -99
SPO 2026 03 11 07  116   2.8  -9  671.83  -46.6  -44.6  -39.5  58 -99
SPO 2026 03 11 08  108   3.1  -9  671.44  -46.8  -44.7  -40.7  58 -99
SPO 2026 03 11 09   81   3.5  -9  670.99  -46.4  -44.5  -40.6  58 -99
SPO 2026 03 11 10   81   2.8  -9  670.77  -46.5  -44.4  -40.6  57 -99
SPO 2026 03 11 11   92   2.5  -9  670.43  -47.0  -43.6  -38.8  56 -99
SPO 2026 03 11 12   69   2.7  -9  670.12  -46.2  -43.1  -39.2  57 -99
SPO 2026 03 11 13  121   2.6  -9  670.01  -45.2  -43.1  -40.6  59 -99
SPO 2026 03 11 14   96   2.8  -9  669.74  -45.0  -43.4  -40.9  59 -99
SPO 2026 03 11 15   45   4.5  -9  669.61  -45.9  -42.2  -41.0  58 -99
SPO 2026 03 11 16   16   4.8  -9  669.56  -47.7  -45.5  -44.3  57 -99
SPO 2026 03 11 17   67   1.8  -9  669.82  -50.3  -47.4  -45.7  54 -99
SPO 2026 03 11 18   62   3.9  -9  669.89  -51.1  -49.3  -48.0  54 -99
SPO 2026 03 11 19   70   4.5  -9  670.01  -52.8  -50.9  -49.0  54 -99
SPO 2026 03 11 20   78   4.3  -9  670.15  -53.9  -52.2  -49.7  52 -99
SPO 2026 03 11 21   81   5.2  -9  670.29  -54.1  -52.4  -49.4  52 -99
SPO 2026 03 11 22   82   5.3  -9  670.43  -54.3  -52.6  -49.8  52 -99
SPO 2026 03 11 23   80   5.3  -9  670.55  -54.6  -53.0  -49.5  52 -99
SPO 2026 03 12 00   81   5.3  -9  670.76  -54.9  -53.5  -49.7  51 -99
SPO 2026 03 12 01   88   4.9  -9  671.02  -55.7  -53.5  -51.0  52 -99
SPO 2026 03 12 02   84   5.5  -9  671.18  -55.6  -53.5  -50.5  51 -99
SPO 2026 03 12 03   93   1.4  -9  671.46  -55.0  -54.5  -52.9  51 -99
SPO 2026 03 12 04   71   1.9  -9  671.64  -54.8  -54.2  -53.3  51 -99
SPO 2026 03 12 05   78   4.9  -9  671.79  -55.7  -54.4  -49.9  51 -99
SPO 2026 03 12 06   81   4.5  -9  672.22  -55.8  -54.1  -51.0  51 -99
SPO 2026 03 12 07   91   3.7  -9  672.66  -55.9  -53.8  -50.8  50 -99
SPO 2026 03 12 08   80   4.7  -9  672.79  -56.4  -53.8  -50.6  51 -99
SPO 2026 03 12 09   81   4.1  -9  673.11  -57.1  -54.1  -50.3  52 -99
SPO 2026 03 12 10   81   4.4  -9  673.43  -57.0  -54.1  -49.9  51 -99
SPO 2026 03 12 11   74   4.7  -9  673.63  -56.8  -54.2  -49.3  50 -99
SPO 2026 03 12 12   70   4.9  -9  673.80  -56.8  -54.0  -48.6  50 -99
SPO 2026 03 12 13   62   5.1  -9  673.92  -56.5  -53.6  -48.3  50 -99
SPO 2026 03 12 14   72   4.0  -9  674.18  -57.8  -54.2  -49.9  50 -99
SPO 2026 03 12 15   64   4.5  -9  674.38  -57.4  -54.0  -49.3  50 -99
SPO 2026 03 12 16   61   4.7  -9  674.48  -57.5  -55.0  -48.1  49 -99
SPO 2026 03 12 17   61   3.6  -9  674.87  -57.9  -55.1  -48.7  49 -99
SPO 2026 03 12 18   55   4.1  -9  674.94  -58.4  -55.3  -49.3  49 -99
SPO 2026 03 12 19   46   3.3  -9  675.26  -57.9  -54.8  -50.0  49 -99
SPO 2026 03 12 20   30   3.3  -9  675.20  -57.7  -53.4  -50.4  48 -99
SPO 2026 03 12 21   33   3.5  -9  675.39  -58.3  -53.4  -50.5  48 -99
SPO 2026 03 12 22   35   2.9  -9  675.71  -59.1  -54.3  -50.8  49 -99
SPO 2026 03 12 23   26   4.0  -9  675.60  -57.3  -53.9  -50.5  49 -99
SPO 2026 03 13 00    7   4.3  -9  675.54  -54.1  -53.3  -49.8  53 -99
SPO 2026 03 13 01   35   2.9  -9  675.77  -56.0  -53.9  -52.1  51 -99
SPO 2026 03 13 02   13   4.4  -9  675.63  -52.6  -52.5  -51.5  53 -99
SPO 2026 03 13 03    1   4.6  -9  675.65  -52.7  -52.6  -51.8  54 -99
SPO 2026 03 13 04  357   4.7  -9  675.53  -53.2  -53.1  -50.9  53 -99
SPO 2026 03 13 05    1   4.7  -9  675.42  -53.1  -53.0  -51.3  54 -99
SPO 2026 03 13 06   13   3.9  -9  675.46  -52.5  -52.8  -52.7  53 -99
SPO 2026 03 13 07   12   3.7  -9  675.53  -51.5  -51.7  -51.6  54 -99
SPO 2026 03 13 08  355   5.9  -9  675.28  -51.8  -51.5  -50.7  54 -99
SPO 2026 03 13 09  355   6.9  -9  675.21  -52.2  -51.8  -50.2  54 -99
SPO 2026 03 13 10  351   5.9  -9  675.25  -51.7  -51.6  -50.8  54 -99
SPO 2026 03 13 11  353   5.7  -9  675.17  -51.3  -51.2  -50.8  54 -99
SPO 2026 03 13 12  360   5.5  -9  675.07  -52.2  -51.9  -51.2  54 -99
SPO 2026 03 13 13  360   4.6  -9  674.91  -52.6  -52.2  -51.2  54 -99
SPO 2026 03 13 14  357   4.8  -9  674.82  -52.9  -52.0  -50.6  54 -99
SPO 2026 03 13 15  359   3.8  -9  674.67  -52.2  -52.0  -50.4  54 -99
SPO 2026 03 13 16   16   1.8  -9  674.66  -51.1  -51.3  -51.1  53 -99
SPO 2026 03 13 17   45   1.8  -9  674.48  -51.4  -51.2  -51.0  54 -99
SPO 2026 03 13 18   42   0.8  -9  674.38  -52.0  -51.2  -50.7  54 -99
SPO 2026 03 13 19   22   1.7  -9  674.32  -53.4  -51.3  -51.0  52 -99
SPO 2026 03 13 20  105   1.2  -9  674.60  -55.5  -52.6  -51.5  50 -99
SPO 2026 03 13 21   84   2.3  -9  674.52  -55.8  -52.6  -51.4  50 -99
SPO 2026 03 13 22   96   2.6  -9  674.50  -55.7  -53.3  -51.5  50 -99
SPO 2026 03 13 23  103   2.9  -9  674.58  -57.1  -53.8  -51.6  50 -99
SPO 2026 03 14 00  100   3.6  -9  674.54  -58.6  -53.7  -52.1  49 -99
SPO 2026 03 14 01  100   3.4  -9  674.59  -59.0  -55.4  -52.6  48 -99
SPO 2026 03 14 02  106   4.0  -9  674.55  -59.8  -57.1  -52.4  48 -99
SPO 2026 03 14 03  112   5.8  -9  674.40  -59.7  -57.4  -51.7  48 -99
SPO 2026 03 14 04  105   4.9  -9  674.35  -60.0  -57.3  -51.7  48 -99
SPO 2026 03 14 05  112   3.8  -9  674.44  -60.1  -58.1  -54.6  48 -99
SPO 2026 03 14 06  115   3.9  -9  674.62  -60.0  -58.8  -54.1  48 -99
SPO 2026 03 14 07  115   3.7  -9  674.84  -60.2  -58.8  -56.0  48 -99
SPO 2026 03 14 08  107   3.2  -9  674.94  -60.1  -58.4  -56.1  48 -99
SPO 2026 03 14 09  117   4.6  -9  674.96  -60.7  -58.3  -54.4  49 -99
SPO 2026 03 14 10  117   3.8  -9  675.09  -61.6  -59.6  -56.5  47 -99
SPO 2026 03 14 11  114   3.2  -9  675.19  -61.1  -59.2  -57.0  46 -99
SPO 2026 03 14 12  100   2.9  -9  675.28  -60.1  -58.7  -57.7  47 -99
SPO 2026 03 14 13  105   3.2  -9  675.28  -61.3  -59.0  -58.0  46 -99
SPO 2026 03 14 14  101   3.5  -9  675.34  -60.9  -59.0  -57.9  48 -99
SPO 2026 03 14 15  100   4.4  -9  675.39  -60.8  -59.3  -57.6  48 -99
SPO 2026 03 14 16   93   3.7  -9  675.54  -61.3  -59.6  -58.1  47 -99
SPO 2026 03 14 17  102   4.9  -9  675.47  -61.3  -59.8  -56.6  46 -99
SPO 2026 03 14 18   98   5.2  -9  675.38  -60.6  -59.2  -55.4  47 -99
SPO 2026 03 14 19  108   2.9  -9  675.58  -60.8  -59.6  -57.5  47 -99
SPO 2026 03 14 20  110   3.7  -9  675.75  -61.6  -59.8  -57.8  46 -99
SPO 2026 03 14 21  100   2.4  -9  675.82  -60.7  -59.7  -56.4  46 -99
SPO 2026 03 14 22   92   4.1  -9  675.83  -60.9  -58.3  -51.8  46 -99
SPO 2026 03 14 23   92   4.2  -9  675.89  -61.7  -58.3  -50.7  47 -99
SPO 2026 03 15 00   90   4.4  -9  675.90  -61.6  -57.8  -51.2  47 -99
SPO 2026 03 15 01  106   3.5  -9  676.00  -61.8  -58.5  -53.5  46 -99
SPO 2026 03 15 02  101   3.5  -9  675.95  -62.3  -58.9  -51.7  46 -99
SPO 2026 03 15 03   72   3.3  -9  675.83  -61.0  -55.7  -49.6  46 -99
SPO 2026 03 15 04   77   3.0  -9  675.74  -62.4  -56.5  -50.4  46 -99
SPO 2026 03 15 05   54   2.8  -9  675.75  -62.5  -56.1  -51.5  45 -99
SPO 2026 03 15 06   74   2.8  -9  675.94  -62.6  -56.8  -51.7  46 -99
SPO 2026 03 15 07   85   3.1  -9  676.13  -63.2  -58.2  -51.5  45 -99
SPO 2026 03 15 08   39   2.6  -9  676.00  -61.4  -54.1  -51.2  46 -99
SPO 2026 03 15 09   25   2.4  -9  675.99  -61.1  -54.0  -49.8  48 -99
SPO 2026 03 15 10   11   2.6  -9  676.06  -61.2  -54.0  -50.5  46 -99
SPO 2026 03 15 11   34   2.0  -9  676.05  -59.8  -55.3  -50.6  47 -99
SPO 2026 03 15 12   19   1.0  -9  676.06  -60.2  -55.1  -51.9  48 -99
SPO 2026 03 15 13   62   2.0  -9  676.08  -60.5  -55.6  -51.3  47 -99
SPO 2026 03 15 14   33   2.5  -9  676.13  -60.3  -53.2  -50.2  48 -99
SPO 2026 03 15 15    9   3.1  -9  676.04  -59.4  -53.6  -50.2  47 -99
SPO 2026 03 15 16    2   3.9  -9  675.99  -58.4  -54.4  -49.0  49 -99
SPO 2026 03 15 17    7   3.6  -9  676.03  -59.0  -55.5  -49.9  46 -99
SPO 2026 03 15 18    8   4.1  -9  676.00  -60.4  -56.3  -50.2  46 -99
SPO 2026 03 15 19    4   4.9  -9  676.03  -59.3  -56.4  -50.1  48 -99
SPO 2026 03 15 20   25   3.3  -9  676.20  -61.3  -57.7  -53.3  47 -99
SPO 2026 03 15 21   22   3.7  -9  676.30  -61.1  -57.2  -54.5  46 -99
SPO 2026 03 15 22   10   4.0  -9  676.40  -58.9  -57.5  -55.6  47 -99
SPO 2026 03 15 23    9   4.5  -9  676.32  -59.1  -57.9  -54.2  48 -99
SPO 2026 03 16 00    8   3.8  -9  676.34  -59.7  -58.8  -55.0  47 -99
SPO 2026 03 16 01   20   3.9  -9  676.38  -60.3  -58.5  -55.5  46 -99
SPO 2026 03 16 02   21   3.7  -9  676.45  -61.2  -58.2  -56.5  46 -99
SPO 2026 03 16 03    0   4.9  -9  676.18  -60.1  -58.0  -54.0  47 -99
SPO 2026 03 16 04    4   3.9  -9  676.25  -61.2  -59.0  -54.5  47 -99
SPO 2026 03 16 05   16   3.4  -9  676.20  -61.4  -59.6  -56.3  45 -99
SPO 2026 03 16 06   27   2.9  -9  676.40  -64.0  -59.8  -58.0  46 -99
SPO 2026 03 16 07    2   4.0  -9  676.26  -60.8  -59.4  -55.7  47 -99
SPO 2026 03 16 08  352   4.7  -9  676.26  -60.8  -59.5  -54.7  48 -99
SPO 2026 03 16 09  346   4.5  -9  676.32  -60.8  -59.6  -54.8  48 -99
SPO 2026 03 16 10  346   2.7  -9  676.26  -59.3  -59.2  -55.6  48 -99
SPO 2026 03 16 11  324   0.8  -9  676.39  -57.9  -58.0  -57.2  49 -99
SPO 2026 03 16 12    0   0.0  -9  676.48  -56.5  -56.6  -56.7  50 -99
SPO 2026 03 16 13    0   0.0  -9  676.47  -55.0  -55.2  -55.3  51 -99
SPO 2026 03 16 14    0   0.0  -9  676.41  -53.8  -54.0  -54.2  52 -99
SPO 2026 03 16 15    0   0.0  -9  676.47  -53.0  -53.2  -53.3  53 -99
SPO 2026 03 16 16    0   0.0  -9  676.52  -51.9  -52.1  -52.3  54 -99
SPO 2026 03 16 17  253   0.2  -9  676.68  -51.2  -51.5  -51.6  54 -99
SPO 2026 03 16 18  287   0.0  -9  676.94  -50.5  -50.7  -50.8  54 -99
SPO 2026 03 16 19  265   1.1  -9  677.07  -49.0  -49.2  -49.3  56 -99
SPO 2026 03 16 20  270   0.7  -9  677.02  -47.5  -47.7  -47.8  57 -99
SPO 2026 03 16 21  275   2.6  -9  677.09  -45.0  -45.2  -45.2  58 -99
SPO 2026 03 16 22  258   3.5  -9  677.17  -42.2  -42.3  -41.1  60 -99
SPO 2026 03 16 23  242   3.3  -9  677.18  -39.7  -38.4  -35.6  61 -99
SPO 2026 03 17 00  270   2.2  -9  677.16  -37.5  -35.9  -33.3  63 -99
SPO 2026 03 17 01  268   3.0  -9  677.01  -35.3  -34.0  -32.3  64 -99
SPO 2026 03 17 02  257   3.2  -9  676.82  -34.0  -33.4  -31.7  65 -99
SPO 2026 03 17 03  259   4.8  -9  676.69  -33.5  -33.0  -31.3  66 -99
SPO 2026 03 17 04  263   4.8  -9  676.48  -33.5  -32.9  -31.4  66 -99
SPO 2026 03 17 05  250   3.6  -9  676.51  -33.7  -32.3  -30.4  65 -99
SPO 2026 03 17 06  223   2.4  -9  676.45  -32.7  -31.3  -30.3  66 -99
SPO 2026 03 17 07  220   1.8  -9  676.36  -32.7  -31.2  -30.6  66 -99
SPO 2026 03 17 08  231   1.4  -9  676.42  -32.7  -31.3  -30.7  66 -99
SPO 2026 03 17 09  231   1.1  -9  676.50  -33.0  -30.7  -30.3  66 -99
SPO 2026 03 17 10  179   2.9  -9  676.44  -32.2  -31.0  -30.6  67 -99
SPO 2026 03 17 11  205   2.4  -9  676.28  -33.0  -31.6  -31.1  66 -99
SPO 2026 03 17 12  223   3.2  -9  676.15  -32.8  -31.3  -30.5  67 -99
SPO 2026 03 17 13  197   3.6  -9  676.09  -32.3  -30.9  -30.2  67 -99
SPO 2026 03 17 14  196   4.5  -9  675.82  -31.3  -30.7  -29.8  68 -99
SPO 2026 03 17 15  200   5.8  -9  675.59  -29.2  -28.7  -28.2  69 -99
SPO 2026 03 17 16  199   6.5  -9  675.41  -28.7  -28.4  -28.0  70 -99
SPO 2026 03 17 17  201   5.8  -9  675.45  -28.7  -28.3  -27.9  70 -99
SPO 2026 03 17 18  198   5.5  -9  675.34  -28.6  -28.2  -27.7  70 -99
SPO 2026 03 17 19  196   4.8  -9  675.29  -28.3  -27.9  -27.5  70 -99
SPO 2026 03 17 20  198   3.5  -9  675.32  -28.7  -28.2  -27.7  70 -99
SPO 2026 03 17 21  217   2.8  -9  675.55  -29.1  -28.6  -28.2  70 -99
SPO 2026 03 17 22  155   3.1  -9  675.72  -29.3  -28.9  -28.3  70 -99
SPO 2026 03 17 23  146   2.8  -9  675.73  -29.9  -29.0  -28.1  69 -99
SPO 2026 03 18 00  183   1.3  -9  675.84  -30.6  -28.9  -28.2  69 -99
SPO 2026 03 18 01  207   2.0  -9  675.89  -31.1  -29.4  -28.7  69 -99
SPO 2026 03 18 02  209   2.5  -9  675.88  -32.6  -30.2  -28.8  67 -99
SPO 2026 03 18 03  204   3.3  -9  675.84  -32.8  -30.6  -28.5  67 -99
SPO 2026 03 18 04  200   3.2  -9  676.02  -31.8  -30.2  -27.9  68 -99
SPO 2026 03 18 05  207   2.8  -9  676.25  -31.8  -30.3  -27.7  68 -99
SPO 2026 03 18 06  218   3.2  -9  676.44  -31.3  -30.1  -27.5  68 -99
SPO 2026 03 18 07  213   3.2  -9  676.60  -30.7  -29.8  -27.2  69 -99
SPO 2026 03 18 08  218   3.2  -9  676.68  -30.9  -29.7  -26.5  69 -99
SPO 2026 03 18 09  219   2.9  -9  676.69  -31.3  -29.0  -26.6  68 -99
SPO 2026 03 18 10  216   3.0  -9  676.83  -31.5  -29.2  -27.2  68 -99
SPO 2026 03 18 11  219   3.1  -9  676.82  -32.0  -29.3  -27.4  68 -99
SPO 2026 03 18 12  232   3.5  -9  676.75  -33.0  -30.2  -27.4  67 -99
SPO 2026 03 18 13  231   3.2  -9  676.60  -34.1  -31.2  -27.6  66 -99
SPO 2026 03 18 14  227   3.5  -9  676.47  -33.2  -31.2  -27.4  67 -99
SPO 2026 03 18 15  328   1.6  -9  676.25  -37.5  -35.3  -30.1  65 -99
SPO 2026 03 18 16  356   4.2  -9  676.05  -43.2  -41.7  -31.7  62 -99
SPO 2026 03 18 17  350   4.4  -9  676.03  -45.6  -45.7  -37.8  60 -99
SPO 2026 03 18 18  340   4.6  -9  676.36  -46.3  -46.5  -45.1  59 -99
SPO 2026 03 18 19  348   5.6  -9  676.10  -45.7  -45.9  -44.9  60 -99
SPO 2026 03 18 20  347   5.7  -9  675.80  -46.0  -46.2  -45.4  59 -99
SPO 2026 03 18 21  345   5.2  -9  675.67  -45.6  -45.8  -45.7  60 -99
SPO 2026 03 18 22  345   6.5  -9  675.42  -45.1  -45.3  -44.9  60 -99
SPO 2026 03 18 23  340   6.3  -9  675.26  -44.7  -44.9  -44.9  60 -99
SPO 2026 03 19 00  334   6.0  -9  675.30  -43.9  -44.2  -44.3  60 -99
SPO 2026 03 19 01  335   5.5  -9  675.05  -43.1  -43.3  -43.4  61 -99
SPO 2026 03 19 02  332   5.2  -9  674.92  -42.6  -42.8  -42.9  61 -99
SPO 2026 03 19 03  333   5.3  -9  674.63  -42.2  -42.4  -42.5  61 -99
SPO 2026 03 19 04  334   5.0  -9  674.51  -41.7  -41.9  -42.0  62 -99
SPO 2026 03 19 05  358   5.1  -9  674.51  -42.1  -42.3  -42.5  62 -99
SPO 2026 03 19 06  345   6.2  -9  674.48  -42.9  -43.1  -43.2  61 -99
SPO 2026 03 19 07  346   5.1  -9  674.35  -43.7  -43.7  -43.8  61 -99
SPO 2026 03 19 08  352   4.7  -9  674.31  -44.9  -44.8  -44.5  60 -99
SPO 2026 03 19 09    4   4.6  -9  674.19  -45.4  -45.4  -45.2  60 -99
SPO 2026 03 19 10    4   5.5  -9  674.08  -45.2  -45.3  -45.4  60 -99
SPO 2026 03 19 11    0   5.4  -9  674.23  -45.2  -45.4  -45.5  60 -99
SPO 2026 03 19 12  358   5.0  -9  674.13  -45.5  -45.7  -45.8  60 -99
SPO 2026 03 19 13   10   4.0  -9  674.15  -46.1  -46.3  -46.4  59 -99
SPO 2026 03 19 14   27   4.3  -9  674.04  -46.5  -46.5  -46.5  58 -99
SPO 2026 03 19 15   21   4.5  -9  674.02  -46.7  -46.8  -46.8  57 -99
SPO 2026 03 19 16    4   4.7  -9  673.96  -48.2  -47.7  -47.3  59 -99
SPO 2026 03 19 17   32   2.6  -9  674.17  -49.8  -48.4  -47.8  56 -99
SPO 2026 03 19 18   59   3.0  -9  674.34  -52.1  -49.4  -48.0  55 -99
SPO 2026 03 19 19   58   4.2  -9  674.50  -53.2  -50.4  -48.0  54 -99
SPO 2026 03 19 20   54   3.6  -9  674.68  -54.2  -51.7  -48.8  54 -99
SPO 2026 03 19 21   48   4.3  -9  674.74  -54.4  -52.3  -49.2  53 -99
SPO 2026 03 19 22   56   3.8  -9  675.04  -55.1  -53.5  -50.3  53 -99
SPO 2026 03 19 23   58   4.1  -9  675.17  -56.4  -54.1  -50.2  52 -99
SPO 2026 03 20 00   52   4.3  -9  675.30  -56.4  -53.8  -49.9  52 -99
SPO 2026 03 20 01   57   3.5  -9  675.66  -57.5  -54.6  -50.3  51 -99
SPO 2026 03 20 02   52   3.5  -9  675.79  -58.1  -55.1  -51.0  51 -99
SPO 2026 03 20 03   63   3.6  -9  675.95  -58.8  -56.0  -51.1  50 -99
SPO 2026 03 20 04   61   3.6  -9  676.10  -58.6  -56.7  -51.1  50 -99
SPO 2026 03 20 05   58   3.7  -9  676.30  -58.4  -56.7  -51.5  50 -99
SPO 2026 03 20 06   49   4.2  -9  676.36  -57.3  -56.0  -51.5  51 -99
SPO 2026 03 20 07   65   3.3  -9  676.52  -57.3  -56.8  -52.5  51 -99
SPO 2026 03 20 08   73   3.0  -9  676.57  -57.5  -57.0  -54.3  51 -99
SPO 2026 03 20 09   69   3.3  -9  676.59  -57.9  -56.8  -54.8  51 -99
SPO 2026 03 20 10   61   3.6  -9  676.55  -58.4  -57.4  -54.9  51 -99
SPO 2026 03 20 11   93   3.7  -9  677.01  -58.3  -57.4  -55.5  50 -99
SPO 2026 03 20 12   68   3.4  -9  676.75  -57.2  -56.8  -54.8  51 -99
SPO 2026 03 20 13   75   3.4  -9  676.75  -55.3  -55.4  -55.2  52 -99
SPO 2026 03 20 14   78   3.7  -9  676.76  -54.9  -54.6  -54.2  53 -99
SPO 2026 03 20 15   74   2.9  -9  676.71  -57.7  -55.8  -54.2  51 -99
SPO 2026 03 20 16   96   2.5  -9  676.73  -58.6  -56.1  -53.7  50 -99
SPO 2026 03 20 17   91   3.9  -9  676.67  -59.1  -55.9  -53.5  49 -99
SPO 2026 03 20 18   85   4.5  -9  676.66  -59.1  -56.6  -53.3  50 -99
SPO 2026 03 20 19   79   3.9  -9  676.70  -59.1  -57.0  -53.3  49 -99
SPO 2026 03 20 20   91   3.7  -9  676.70  -59.4  -57.2  -53.3  50 -99
SPO 2026 03 20 21   93   3.6  -9  676.75  -59.5  -57.1  -53.8  49 -99
SPO 2026 03 20 22   79   4.5  -9  676.62  -59.1  -56.0  -49.8  49 -99
SPO 2026 03 20 23   90   3.4  -9  676.69  -59.7  -55.7  -48.6  49 -99
SPO 2026 03 21 00  115   3.3  -9  676.93  -60.8  -57.7  -51.7  49 -99
SPO 2026 03 21 01   88   3.3  -9  676.68  -60.9  -54.5  -49.2  48 -99
SPO 2026 03 21 02   97   2.2  -9  676.48  -59.8  -55.8  -48.1  49 -99
SPO 2026 03 21 03  101   2.6  -9  676.45  -60.9  -56.7  -47.3  48 -99
SPO 2026 03 21 04   98   2.7  -9  676.44  -61.0  -55.9  -47.2  48 -99
SPO 2026 03 21 05   91   2.5  -9  676.39  -60.6  -52.1  -45.7  49 -99
SPO 2026 03 21 06   89   2.2  -9  676.34  -60.1  -51.2  -45.3  48 -99
SPO 2026 03 21 07   89   1.7  -9  676.45  -60.1  -50.4  -45.0  48 -99
SPO 2026 03 21 08   75   1.4  -9  676.44  -59.1  -50.0  -45.9  49 -99
SPO 2026 03 21 09   66   0.3  -9  676.55  -55.5  -49.0  -46.0  52 -99
SPO 2026 03 21 10  124   0.0  -9  676.62  -53.1  -48.1  -44.6  54 -99
SPO 2026 03 21 11  103   0.0  -9  676.53  -52.3  -48.6  -43.8  54 -99
SPO 2026 03 21 12    0   0.0  -9  676.51  -51.1  -48.2  -44.0  55 -99
SPO 2026 03 21 13   94   0.7  -9  676.62  -50.5  -48.8  -44.2  56 -99
SPO 2026 03 21 14  320   0.0  -9  676.72  -49.5  -45.2  -43.6  56 -99
SPO 2026 03 21 15  301   0.8  -9  676.70  -48.9  -46.2  -43.8  57 -99
SPO 2026 03 21 16  293   1.4  -9  676.76  -49.9  -47.1  -44.4  56 -99
SPO 2026 03 21 17  314   0.9  -9  676.88  -49.8  -46.7  -45.1  54 -99
SPO 2026 03 21 18  282   2.8  -9  676.86  -49.7  -46.7  -43.5  56 -99
SPO 2026 03 21 19  267   2.4  -9  676.96  -48.9  -46.3  -43.5  56 -99
SPO 2026 03 21 20  248   1.7  -9  677.11  -46.8  -46.4  -43.3  58 -99
SPO 2026 03 21 21  253   2.0  -9  677.14  -44.8  -44.0  -42.4  59 -99
SPO 2026 03 21 22  268   2.5  -9  677.08  -43.8  -43.6  -42.8  60 -99
SPO 2026 03 21 23  266   3.0  -9  677.07  -42.6  -42.5  -41.9  61 -99
SPO 2026 03 22 00  267   3.0  -9  677.10  -42.5  -42.4  -42.0  61 -99
SPO 2026 03 22 01  273   2.5  -9  677.15  -43.0  -42.8  -42.2  61 -99
SPO 2026 03 22 02  275   3.2  -9  677.06  -42.8  -42.5  -41.6  61 -99
SPO 2026 03 22 03  273   4.1  -9  676.89  -43.2  -42.5  -41.7  60 -99
SPO 2026 03 22 04  264   4.3  -9  676.92  -42.6  -42.6  -41.8  61 -99
SPO 2026 03 22 05  261   4.0  -9  676.91  -42.1  -41.9  -41.6  61 -99
SPO 2026 03 22 06  259   4.4  -9  676.77  -42.4  -42.1  -41.7  61 -99
SPO 2026 03 22 07  257   5.2  -9  676.61  -43.1  -42.7  -41.5  60 -99
SPO 2026 03 22 08  251   3.8  -9  676.76  -43.6  -43.3  -42.7  60 -99
SPO 2026 03 22 09  257   4.3  -9  676.80  -44.1  -43.6  -42.7  60 -99
SPO 2026 03 22 10  263   4.9  -9  676.79  -45.1  -44.3  -40.6  59 -99
SPO 2026 03 22 11  263   4.7  -9  676.74  -45.8  -44.8  -40.2  59 -99
SPO 2026 03 22 12  247   2.1  -9  676.67  -46.2  -45.3  -44.0  58 -99
SPO 2026 03 22 13  243   3.0  -9  676.52  -45.9  -45.1  -43.8  59 -99
SPO 2026 03 22 14  250   0.5  -9  676.63  -45.7  -45.0  -44.5  59 -99
SPO 2026 03 22 15  297   1.3  -9  676.73  -44.8  -44.7  -44.4  59 -99
SPO 2026 03 22 16  339   2.3  -9  676.80  -44.3  -44.3  -43.8  60 -99
SPO 2026 03 22 17  343   3.4  -9  676.80  -44.7  -44.7  -43.2  60 -99
SPO 2026 03 22 18  335   3.3  -9  676.79  -44.5  -44.6  -43.4  60 -99
SPO 2026 03 22 19  344   3.3  -9  676.77  -44.2  -44.3  -43.6  60 -99
SPO 2026 03 22 20  346   4.0  -9  676.79  -44.4  -44.6  -44.6  60 -99
SPO 2026 03 22 21  347   3.9  -9  676.79  -44.7  -44.9  -44.5  60 -99
SPO 2026 03 22 22  358   3.9  -9  676.69  -45.0  -45.1  -43.7  60 -99
SPO 2026 03 22 23  358   3.9  -9  676.61  -45.0  -45.1  -42.8  60 -99
SPO 2026 03 23 00  358   4.0  -9  676.44  -45.1  -45.2  -42.4  60 -99
SPO 2026 03 23 01  358   4.5  -9  676.32  -45.0  -45.1  -43.6  60 -99
SPO 2026 03 23 02    2   4.1  -9  676.41  -45.3  -45.4  -45.1  59 -99
SPO 2026 03 23 03   10   4.1  -9  676.37  -45.7  -45.9  -46.0  59 -99
SPO 2026 03 23 04    4   3.2  -9  676.40  -46.9  -46.8  -46.6  59 -99
SPO 2026 03 23 05   26   3.2  -9  676.27  -48.1  -47.8  -47.4  57 -99
SPO 2026 03 23 06   36   3.8  -9  676.18  -49.2  -48.6  -47.8  56 -99
SPO 2026 03 23 07   41   4.4  -9  676.24  -50.5  -49.7  -48.2  56 -99
SPO 2026 03 23 08   38   4.9  -9  676.38  -53.1  -51.0  -48.0  54 -99
SPO 2026 03 23 09   17   6.7  -9  676.21  -53.0  -50.5  -48.5  52 -99
SPO 2026 03 23 10   22   5.8  -9  676.21  -53.2  -50.7  -48.3  53 -99
SPO 2026 03 23 11   43   5.1  -9  676.20  -56.5  -53.7  -48.3  52 -99
SPO 2026 03 23 12   42   4.1  -9  676.24  -58.0  -52.9  -48.0  51 -99
SPO 2026 03 23 13   60   4.9  -9  676.26  -59.0  -54.5  -47.6  50 -99
SPO 2026 03 23 14   72   4.8  -9  676.35  -59.2  -55.6  -47.4  50 -99
SPO 2026 03 23 15   72   4.5  -9  676.45  -59.3  -55.0  -48.1  49 -99
SPO 2026 03 23 16   84   4.4  -9  676.58  -60.8  -54.9  -48.5  48 -99
SPO 2026 03 23 17   81   3.8  -9  676.68  -59.4  -54.8  -48.4  48 -99
SPO 2026 03 23 18   98   3.3  -9  676.65  -60.9  -57.0  -49.2  47 -99
SPO 2026 03 23 19   98   4.7  -9  676.55  -61.1  -57.7  -48.8  48 -99
SPO 2026 03 23 20  106   4.7  -9  676.63  -61.4  -58.8  -50.5  48 -99
SPO 2026 03 23 21  103   4.4  -9  676.74  -61.5  -58.6  -52.8  48 -99
SPO 2026 03 23 22  100   3.7  -9  676.81  -61.7  -59.1  -52.6  48 -99
SPO 2026 03 23 23  101   4.6  -9  676.96  -61.7  -58.3  -53.9  47 -99
SPO 2026 03 24 00   99   4.3  -9  677.08  -61.3  -58.7  -55.4  48 -99
SPO 2026 03 24 01   95   4.2  -9  677.03  -61.3  -58.7  -55.3  48 -99
SPO 2026 03 24 02   95   4.4  -9  677.00  -61.6  -59.2  -54.5  48 -99
SPO 2026 03 24 03   99   2.8  -9  677.10  -61.8  -59.7  -56.1  47 -99
SPO 2026 03 24 04   94   3.5  -9  677.14  -61.7  -59.0  -55.4  47 -99
SPO 2026 03 24 05  102   3.7  -9  677.24  -62.3  -59.3  -55.4  47 -99
SPO 2026 03 24 06  105   3.4  -9  677.29  -62.4  -60.2  -55.6  47 -99
SPO 2026 03 24 07   86   2.5  -9  677.21  -60.5  -59.7  -56.5  48 -99
SPO 2026 03 24 08   90   4.9  -9  677.14  -60.2  -58.6  -54.6  49 -99
SPO 2026 03 24 09   96   2.2  -9  677.31  -61.0  -59.4  -56.2  48 -99
SPO 2026 03 24 10  103   1.8  -9  677.41  -61.1  -60.1  -56.9  48 -99
SPO 2026 03 24 11   98   2.9  -9  677.44  -61.5  -59.8  -56.1  48 -99
SPO 2026 03 24 12   86   5.5  -9  677.33  -60.8  -57.8  -53.2  48 -99
SPO 2026 03 24 13   89   4.8  -9  677.40  -60.2  -57.6  -54.0  48 -99
SPO 2026 03 24 14   91   4.7  -9  677.33  -59.4  -57.4  -54.5  49 -99
SPO 2026 03 24 15   97   4.3  -9  677.45  -59.8  -57.3  -54.7  49 -99
SPO 2026 03 24 16   93   5.0  -9  677.41  -59.9  -57.1  -53.4  49 -99
SPO 2026 03 24 17   92   5.4  -9  677.42  -60.0  -57.2  -53.7  49 -99
SPO 2026 03 24 18   91   4.3  -9  677.37  -60.6  -58.6  -54.2  49 -99
SPO 2026 03 24 19   90   5.9  -9  677.26  -61.0  -59.1  -54.5  48 -99
SPO 2026 03 24 20   86   5.7  -9  677.22  -61.0  -58.9  -55.2  48 -99
SPO 2026 03 24 21   85   2.7  -9  677.36  -61.9  -60.8  -57.2  48 -99
SPO 2026 03 24 22   79   2.4  -9  677.36  -61.1  -60.0  -57.4  47 -99
SPO 2026 03 24 23   91   4.0  -9  677.20  -61.2  -59.0  -56.0  48 -99
SPO 2026 03 25 00   88   4.9  -9  677.07  -61.6  -58.8  -56.1  47 -99
SPO 2026 03 25 01   94   4.7  -9  676.95  -61.6  -58.9  -55.9  47 -99
SPO 2026 03 25 02   90   5.3  -9  676.78  -61.6  -58.7  -55.0  47 -99
SPO 2026 03 25 03   90   5.9  -9  676.56  -62.1  -59.4  -55.1  47 -99
SPO 2026 03 25 04   86   6.1  -9  676.29  -61.9  -58.8  -54.8  47 -99
SPO 2026 03 25 05   84   5.5  -9  676.13  -61.5  -59.1  -55.1  48 -99
SPO 2026 03 25 06   85   5.5  -9  675.98  -61.9  -59.6  -55.4  47 -99
SPO 2026 03 25 07   82   5.8  -9  675.64  -62.0  -59.6  -55.4  47 -99
SPO 2026 03 25 08   78   5.2  -9  675.44  -61.7  -60.5  -56.6  48 -99
SPO 2026 03 25 09   79   5.4  -9  675.13  -61.8  -60.4  -55.9  48 -99
SPO 2026 03 25 10   73   5.5  -9  674.91  -61.8  -59.4  -53.5  48 -99
SPO 2026 03 25 11   66   5.7  -9  674.76  -61.4  -59.4  -53.5  48 -99
SPO 2026 03 25 12   62   5.5  -9  674.66  -59.9  -59.0  -54.0  49 -99
SPO 2026 03 25 13   64   5.8  -9  674.53  -59.8  -59.2  -55.6  49 -99
SPO 2026 03 25 14   57   6.0  -9  674.30  -59.2  -58.4  -55.3  49 -99
SPO 2026 03 25 15   60   5.9  -9  674.12  -59.8  -58.7  -55.6  49 -99
SPO 2026 03 25 16   57   6.0  -9  673.86  -60.2  -59.1  -56.2  49 -99
SPO 2026 03 25 17   59   5.7  -9  673.75  -60.5  -59.8  -58.0  48 -99
SPO 2026 03 25 18   55   6.1  -9  673.47  -59.8  -59.3  -57.8  49 -99
SPO 2026 03 25 19   54   6.2  -9  673.14  -60.0  -59.6  -58.3  49 -99
SPO 2026 03 25 20   58   6.3  -9  673.13  -60.6  -60.1  -58.7  48 -99
SPO 2026 03 25 21   57   6.5  -9  673.22  -60.8  -60.3  -59.0  48 -99
SPO 2026 03 25 22   57   6.5  -9  673.12  -61.3  -60.8  -59.4  48 -99
SPO 2026 03 25 23   55   6.9  -9  673.04  -60.7  -60.5  -59.9  48 -99
SPO 2026 03 26 00   56   6.9  -9  672.93  -60.4  -60.3  -59.9  48 -99
SPO 2026 03 26 01   51   6.2  -9  672.99  -60.4  -60.1  -59.6  48 -99
SPO 2026 03 26 02   47   5.8  -9  672.99  -60.8  -60.2  -59.5  48 -99
SPO 2026 03 26 03   48   6.1  -9  672.84  -61.1  -60.6  -59.9  48 -99
SPO 2026 03 26 04   51   5.4  -9  672.87  -61.2  -60.7  -60.1  48 -99
SPO 2026 03 26 05   62   4.7  -9  672.63  -62.8  -62.0  -60.6  47 -99
SPO 2026 03 26 06   64   4.6  -9  672.69  -63.5  -62.5  -60.9  46 -99
SPO 2026 03 26 07   67   5.0  -9  672.63  -64.0  -63.0  -60.8  46 -99
SPO 2026 03 26 08   66   5.2  -9  672.58  -64.4  -63.1  -61.0  46 -99
SPO 2026 03 26 09   72   5.0  -9  672.65  -64.6  -63.2  -61.4  46 -99
SPO 2026 03 26 10   76   4.9  -9  672.62  -64.9  -63.7  -62.1  45 -99
SPO 2026 03 26 11   73   5.2  -9  672.33  -64.3  -63.5  -62.1  46 -99
SPO 2026 03 26 12   70   5.4  -9  672.22  -64.4  -63.8  -61.9  46 -99
SPO 2026 03 26 13   69   5.5  -9  671.99  -64.6  -63.8  -61.8  46 -99
SPO 2026 03 26 14   75   4.9  -9  671.73  -64.7  -63.7  -62.1  45 -99
SPO 2026 03 26 15   76   4.8  -9  671.49  -65.0  -63.8  -62.0  45 -99
SPO 2026 03 26 16   70   6.2  -9  671.20  -64.5  -63.3  -61.4  45 -99
SPO 2026 03 26 17   74   5.7  -9  670.88  -64.4  -63.3  -61.6  46 -99
SPO 2026 03 26 18   83   5.1  -9  670.67  -65.1  -64.0  -62.0  45 -99
SPO 2026 03 26 19   79   5.5  -9  670.47  -65.4  -63.7  -61.6  45 -99
SPO 2026 03 26 20   83   6.3  -9  670.26  -65.2  -63.0  -61.2  45 -99
SPO 2026 03 26 21   83   5.9  -9  669.87  -65.0  -63.1  -60.8  45 -99
SPO 2026 03 26 22   76   4.5  -9  669.56  -64.1  -63.1  -60.9  45 -99
SPO 2026 03 26 23   77   5.3  -9  669.34  -63.9  -62.9  -60.5  46 -99
SPO 2026 03 27 00   75   6.1  -9  668.98  -63.4  -62.3  -59.9  46 -99
SPO 2026 03 27 01   79   6.3  -9  668.69  -63.4  -61.9  -59.4  46 -99
SPO 2026 03 27 02   78   6.0  -9  668.37  -63.9  -62.2  -59.5  46 -99
SPO 2026 03 27 03   83   6.3  -9  668.02  -63.4  -61.9  -59.8  46 -99
SPO 2026 03 27 04   79   5.8  -9  667.86  -63.1  -61.6  -59.5  46 -99
SPO 2026 03 27 05   76   6.2  -9  667.73  -62.1  -60.8  -59.2  47 -99
SPO 2026 03 27 06   73   6.5  -9  667.62  -62.6  -61.0  -58.4  47 -99
SPO 2026 03 27 07   67   5.9  -9  667.64  -62.4  -61.1  -58.4  47 -99
SPO 2026 03 27 08   54   6.2  -9  667.72  -61.2  -60.0  -57.9  47 -99
SPO 2026 03 27 09   44   6.3  -9  667.80  -60.7  -59.5  -57.0  48 -99
SPO 2026 03 27 10   43   5.7  -9  668.14  -60.8  -58.9  -56.6  47 -99
SPO 2026 03 27 11   35   6.1  -9  668.45  -58.2  -57.1  -55.9  49 -99
SPO 2026 03 27 12   23   7.1  -9  668.65  -57.4  -56.7  -55.2  48 -99
SPO 2026 03 27 13   28   5.6  -9  669.21  -57.5  -56.5  -55.3  49 -99
SPO 2026 03 27 14   13   8.1  -9  669.48  -56.5  -55.8  -53.6  51 -99
SPO 2026 03 27 15   13   8.2  -9  669.91  -56.3  -55.4  -53.1  51 -99
SPO 2026 03 27 16   11   8.2  -9  670.55  -55.7  -54.8  -52.5  52 -99
SPO 2026 03 27 17   11   8.0  -9  671.28  -55.4  -54.2  -51.9  52 -99
SPO 2026 03 27 18    9   7.9  -9  672.03  -55.6  -54.3  -51.6  52 -99
SPO 2026 03 27 19    7   8.3  -9  672.71  -55.0  -53.5  -50.3  52 -99
SPO 2026 03 27 20    8   8.0  -9  673.45  -53.4  -52.5  -50.2  53 -99
SPO 2026 03 27 21   10   8.1  -9  674.29  -53.6  -52.5  -50.1  53 -99
SPO 2026 03 27 22    8   8.4  -9  675.10  -53.8  -52.7  -49.7  53 -99
SPO 2026 03 27 23    6   8.0  -9  676.09  -52.9  -51.9  -48.7  54 -99
SPO 2026 03 28 00    7   8.3  -9  676.88  -52.5  -51.3  -48.0  54 -99
SPO 2026 03 28 01   10   8.1  -9  677.50  -52.7  -51.1  -47.8  54 -99
SPO 2026 03 28 02   11   8.1  -9  678.00  -52.6  -50.6  -46.6  54 -99
SPO 2026 03 28 03   12   8.1  -9  678.77  -52.2  -50.3  -47.0  54 -99
SPO 2026 03 28 04   10   7.8  -9  679.63  -51.2  -49.5  -46.2  55 -99
SPO 2026 03 28 05   14   7.8  -9  680.21  -50.2  -48.0  -44.9  54 -99
SPO 2026 03 28 06   17   6.9  -9  680.88  -49.6  -48.1  -45.4  54 -99
SPO 2026 03 28 07    9   7.1  -9  681.54  -49.0  -47.6  -43.9  56 -99
SPO 2026 03 28 08    7   7.6  -9  682.19  -46.6  -45.8  -42.8  58 -99
SPO 2026 03 28 09    1   8.1  -9  682.98  -44.0  -43.1  -40.9  59 -99
SPO 2026 03 28 10    3   7.6  -9  683.69  -41.3  -40.6  -39.6  61 -99
SPO 2026 03 28 11    5   7.6  -9  684.31  -40.0  -39.6  -39.0  62 -99
SPO 2026 03 28 12    5   7.6  -9  684.82  -40.1  -39.8  -39.4  62 -99
SPO 2026 03 28 13    4   8.9  -9  685.32  -39.9  -39.7  -39.3  62 -99
SPO 2026 03 28 14    5   7.5  -9  685.81  -40.5  -39.8  -38.8  62 -99
SPO 2026 03 28 15    5   7.2  -9  686.23  -39.4  -38.9  -37.7  62 -99
SPO 2026 03 28 16    4   7.4  -9  686.71  -37.3  -37.1  -36.5  64 -99
SPO 2026 03 28 17  359   8.2  -9  687.01  -36.3  -36.0  -35.6  64 -99
SPO 2026 03 28 18    2   8.5  -9  687.47  -35.7  -35.4  -35.1  65 -99
SPO 2026 03 28 19    1   8.5  -9  687.62  -34.9  -34.6  -34.2  66 -99
SPO 2026 03 28 20    2   9.7  -9  687.63  -34.9  -34.4  -34.2  66 -99
SPO 2026 03 28 21    1  10.1  -9  687.94  -35.3  -34.8  -35.0  66 -99
SPO 2026 03 28 22    3  10.9  -9  688.17  -37.5  -37.0  -37.3  65 -99
SPO 2026 03 28 23    2  10.7  -9  688.39  -40.1  -39.6  -39.8  63 -99
SPO 2026 03 29 00    7   9.4  -9  688.54  -41.8  -41.4  -41.3  62 -99
SPO 2026 03 29 01   11   7.9  -9  688.41  -43.1  -42.7  -42.6  60 -99
SPO 2026 03 29 02   24   6.6  -9  688.60  -44.4  -44.1  -43.9  58 -99
SPO 2026 03 29 03   26   6.4  -9  688.77  -45.0  -44.7  -44.4  57 -99
SPO 2026 03 29 04   17   8.5  -9  688.58  -44.1  -44.2  -44.0  58 -99
SPO 2026 03 29 05   12   8.1  -9  688.55  -43.7  -43.6  -43.5  60 -99
SPO 2026 03 29 06   10   8.8  -9  688.51  -43.6  -43.3  -43.1  60 -99
SPO 2026 03 29 07   11   8.8  -9  688.47  -42.2  -42.0  -41.9  61 -99
SPO 2026 03 29 08    8  10.0  -9  688.26  -41.1  -40.9  -41.0  62 -99
SPO 2026 03 29 09   12   9.8  -9  688.27  -41.1  -41.0  -41.0  61 -99
SPO 2026 03 29 10   13   8.9  -9  688.37  -41.4  -41.2  -41.1  61 -99
SPO 2026 03 29 11   13   9.5  -9  688.14  -41.9  -41.8  -41.8  61 -99
SPO 2026 03 29 12   10  10.1  -9  688.02  -41.6  -41.5  -41.6  61 -99
SPO 2026 03 29 13   10   9.4  -9  687.93  -41.6  -41.4  -41.5  61 -99
SPO 2026 03 29 14   13   8.6  -9  687.67  -42.0  -42.0  -41.9  60 -99
SPO 2026 03 29 15   10   9.2  -9  687.25  -41.7  -41.6  -41.5  61 -99
SPO 2026 03 29 16    5  10.5  -9  686.90  -41.1  -40.8  -40.7  62 -99
SPO 2026 03 29 17    5  11.1  -9  686.62  -40.7  -40.4  -40.4  62 -99
SPO 2026 03 29 18    6  11.3  -9  686.25  -40.4  -40.0  -40.0  62 -99
SPO 2026 03 29 19    7  10.4  -9  686.06  -39.7  -39.4  -39.4  62 -99
SPO 2026 03 29 20  357  11.4  -9  685.85  -39.0  -38.7  -38.7  63 -99
SPO 2026 03 29 21  354  11.4  -9  685.83  -39.4  -39.1  -39.1  63 -99
SPO 2026 03 29 22  357  11.4  -9  685.68  -39.4  -39.1  -39.2  63 -99
SPO 2026 03 29 23  353  10.2  -9  685.69  -39.3  -39.1  -39.0  62 -99
SPO 2026 03 30 00  356   9.6  -9  685.49  -39.1  -38.9  -38.8  63 -99
SPO 2026 03 30 01    1   9.3  -9  685.37  -38.7  -38.5  -38.4  63 -99
SPO 2026 03 30 02  352  11.1  -9  684.92  -38.4  -38.2  -38.2  63 -99
SPO 2026 03 30 03  353  11.2  -9  684.75  -38.3  -38.1  -38.1  63 -99
SPO 2026 03 30 04  352  11.1  -9  684.63  -38.6  -38.4  -38.4  63 -99
SPO 2026 03 30 05  351  11.3  -9  684.57  -39.0  -38.8  -38.8  63 -99
SPO 2026 03 30 06  349  11.2  -9  684.65  -38.9  -38.8  -38.8  63 -99
SPO 2026 03 30 07  351  11.1  -9  684.78  -39.1  -39.0  -39.0  63 -99
SPO 2026 03 30 08  353  10.4  -9  684.96  -40.1  -39.9  -39.9  62 -99
SPO 2026 03 30 09  355  10.4  -9  684.90  -40.3  -40.2  -40.2  62 -99
SPO 2026 03 30 10  355  10.4  -9  684.97  -40.2  -40.1  -40.1  62 -99
SPO 2026 03 30 11  354  10.5  -9  684.99  -40.1  -40.0  -40.0  62 -99
SPO 2026 03 30 12  350  12.0  -9  684.97  -40.4  -40.4  -40.5  62 -99
SPO 2026 03 30 13  350  12.1  -9  685.26  -41.3  -41.2  -41.4  62 -99
SPO 2026 03 30 14  353  10.9  -9  685.67  -42.4  -42.3  -42.4  61 -99
SPO 2026 03 30 15  350  10.9  -9  685.82  -42.7  -42.7  -42.8  61 -99
SPO 2026 03 30 16  349   9.7  -9  686.35  -42.8  -42.8  -42.8  60 -99
SPO 2026 03 30 17  351   9.8  -9  686.71  -42.9  -42.8  -42.8  60 -99
SPO 2026 03 30 18  349   8.8  -9  687.37  -43.2  -43.1  -43.2  60 -99
SPO 2026 03 30 19  350   9.6  -9  687.61  -43.9  -43.7  -43.7  60 -99
SPO 2026 03 30 20  353   9.9  -9  687.95  -43.9  -43.8  -43.7  60 -99
SPO 2026 03 30 21  350   9.3  -9  688.46  -43.6  -43.6  -43.7  60 -99
SPO 2026 03 30 22  349  10.0  -9  688.80  -43.3  -43.3  -43.4  60 -99
SPO 2026 03 30 23  350   9.3  -9  689.30  -43.3  -43.3  -43.4  60 -99
SPO 2026 03 31 00  350   9.7  -9  689.55  -43.7  -43.6  -43.6  60 -99
SPO 2026 03 31 01  355   9.6  -9  689.68  -45.3  -45.0  -44.8  59 -99
SPO 2026 03 31 02  356   9.1  -9  689.90  -46.7  -46.4  -46.1  58 -99
SPO 2026 03 31 03  356   9.2  -9  690.08  -47.1  -46.9  -46.5  58 -99
SPO 2026 03 31 04  356   8.9  -9  690.50  -47.5  -47.3  -47.0  58 -99
SPO 2026 03 31 05  356   9.3  -9  690.84  -48.0  -47.9  -47.6  57 -99
SPO 2026 03 31 06  356   9.7  -9  691.11  -48.1  -47.9  -47.8  57 -99
SPO 2026 03 31 07  357   8.8  -9  691.73  -48.3  -48.2  -48.2  57 -99
SPO 2026 03 31 08  359   9.8  -9  691.80  -48.8  -48.7  -48.7  57 -99
SPO 2026 03 31 09  357   9.4  -9  692.04  -49.3  -49.1  -48.9  57 -99
SPO 2026 03 31 10  358   9.0  -9  692.33  -49.9  -49.5  -49.2  56 -99
SPO 2026 03 31 11  360   9.5  -9  692.59  -50.3  -50.0  -49.4  56 -99
SPO 2026 03 31 12    4   8.6  -9  692.88  -50.3  -50.1  -49.5  56 -99
SPO 2026 03 31 13    8   7.3  -9  693.25  -50.2  -50.1  -49.8  56 -99
SPO 2026 03 31 14    3   8.7  -9  693.36  -50.2  -50.0  -49.5  56 -99
SPO 2026 03 31 15   10   5.6  -9  693.83  -50.0  -50.0  -49.9  56 -99
SPO 2026 03 31 16    4   8.4  -9  693.73  -49.9  -49.8  -49.7  56 -99
SPO 2026 03 31 17    1   8.8  -9  693.75  -49.8  -49.6  -49.3  56 -99
SPO 2026 03 31 18  358   9.2  -9  693.69  -50.1  -49.9  -49.5  56 -99
SPO 2026 03 31 19  360   9.1  -9  693.83  -50.5  -50.3  -49.9  56 -99
SPO 2026 03 31 20  360   9.2  -9  693.93  -50.5  -50.3  -49.8  56 -99
SPO 2026 03 31 21    0   9.1  -9  694.08  -50.5  -50.2  -49.8  56 -99
SPO 2026 03 31 22    4   8.6  -9  694.15  -51.0  -50.6  -49.8  56 -99
SPO 2026 03 31 23    6   8.9  -9  694.12  -50.6  -50.5  -49.8  56 -99
SPO 2026 04 01 00   14   5.5  -9  694.36  -50.3  -50.2  -49.8  55 -99
SPO 2026 04 01 01   29   4.0  -9  694.57  -50.3  -50.0  -49.9  54 -99
SPO 2026 04 01 02   25   5.3  -9  694.29  -50.5  -50.3  -50.1  54 -99
SPO 2026 04 01 03   16   4.5  -9  694.15  -50.0  -50.0  -49.8  54 -99
SPO 2026 04 01 04   11   7.9  -9  693.89  -50.1  -50.0  -49.6  56 -99
SPO 2026 04 01 05    9   8.2  -9  693.72  -50.0  -49.9  -49.5  56 -99
SPO 2026 04 01 06   14   6.1  -9  694.01  -49.3  -49.4  -49.1  55 -99
SPO 2026 04 01 07    8   7.0  -9  693.90  -49.5  -49.4  -48.9  57 -99
SPO 2026 04 01 08   16   6.7  -9  693.84  -49.1  -49.1  -48.7  56 -99
SPO 2026 04 01 09   22   6.1  -9  693.85  -48.8  -48.9  -48.6  54 -99
SPO 2026 04 01 10   28   5.9  -9  693.68  -49.1  -48.8  -48.4  54 -99
SPO 2026 04 01 11   31   5.9  -9  693.49  -49.1  -48.7  -48.3  55 -99
SPO 2026 04 01 12   32   5.4  -9  693.19  -49.2  -48.9  -48.6  55 -99
SPO 2026 04 01 13   42   4.7  -9  692.97  -49.7  -49.1  -48.4  55 -99
SPO 2026 04 01 14   34   6.4  -9  692.51  -49.7  -49.1  -47.8  55 -99
SPO 2026 04 01 15   38   6.3  -9  692.16  -50.3  -49.4  -48.0  55 -99
SPO 2026 04 01 16   50   4.9  -9  691.93  -51.6  -50.5  -48.9  54 -99
SPO 2026 04 01 17   32   7.2  -9  691.39  -50.0  -49.2  -47.8  54 -99
SPO 2026 04 01 18   46   5.8  -9  691.33  -51.6  -50.8  -48.3  55 -99
SPO 2026 04 01 19   56   5.3  -9  690.95  -53.7  -52.6  -49.2  53 -99
SPO 2026 04 01 20   34   7.3  -9  690.30  -51.5  -50.6  -47.8  52 -99
SPO 2026 04 01 21   43   7.6  -9  689.92  -51.0  -50.0  -47.5  55 -99
SPO 2026 04 01 22   68   5.5  -9  689.48  -54.0  -52.4  -49.3  53 -99
SPO 2026 04 01 23   58   6.3  -9  688.92  -54.2  -52.6  -48.1  52 -99
SPO 2026 04 02 00   67   6.8  -9  688.38  -53.7  -52.1  -47.9  53 -99
SPO 2026 04 02 01   68   6.7  -9  687.48  -54.2  -53.0  -48.9  53 -99
SPO 2026 04 02 02   69   6.9  -9  686.53  -53.9  -52.4  -48.0  52 -99
SPO 2026 04 02 03   84   6.0  -9  685.76  -54.5  -52.4  -49.3  53 -99
SPO 2026 04 02 04   83   5.9  -9  684.76  -54.6  -52.6  -48.9  52 -99
SPO 2026 04 02 05   88   6.2  -9  683.75  -54.6  -52.0  -48.5  52 -99
SPO 2026 04 02 06   82   6.8  -9  682.60  -53.7  -51.2  -47.7  52 -99
SPO 2026 04 02 07   92   6.7  -9  681.55  -53.6  -51.3  -49.2  53 -99
SPO 2026 04 02 08   79   6.1  -9  680.68  -52.6  -51.3  -49.8  53 -99
SPO 2026 04 02 09   73   7.5  -9  679.69  -52.0  -51.2  -50.0  54 -99
SPO 2026 04 02 10   73   7.6  -9  678.73  -52.0  -51.4  -50.3  54 -99
SPO 2026 04 02 11   85   6.7  -9  677.85  -52.8  -52.0  -50.5  54 -99
SPO 2026 04 02 12   86   6.4  -9  677.01  -53.2  -52.4  -50.4  53 -99
SPO 2026 04 02 13   77   6.6  -9  676.25  -52.2  -51.4  -49.7  53 -99
SPO 2026 04 02 14   74   6.7  -9  675.46  -51.2  -50.3  -48.6  54 -99
SPO 2026 04 02 15   77   6.0  -9  674.75  -51.5  -50.5  -48.7  55 -99
SPO 2026 04 02 16   84   5.5  -9  674.14  -53.4  -51.5  -49.0  53 -99
SPO 2026 04 02 17   80   6.2  -9  673.78  -52.3  -50.8  -48.6  53 -99
SPO 2026 04 02 18   78   6.2  -9  673.47  -52.2  -50.8  -48.4  54 -99
SPO 2026 04 02 19   79   5.6  -9  673.13  -52.2  -50.6  -48.2  54 -99
SPO 2026 04 02 20   90   6.0  -9  672.62  -53.9  -52.1  -49.0  53 -99
SPO 2026 04 02 21   91   5.1  -9  672.37  -54.5  -52.8  -48.7  52 -99
SPO 2026 04 02 22   93   5.6  -9  672.12  -53.3  -51.3  -47.8  52 -99
SPO 2026 04 02 23   90   5.2  -9  671.99  -51.3  -48.3  -44.9  53 -99
SPO 2026 04 03 00   93   5.7  -9  671.97  -48.8  -46.4  -44.1  55 -99
SPO 2026 04 03 01   95   4.8  -9  671.80  -48.3  -46.6  -44.4  56 -99
SPO 2026 04 03 02   64   6.0  -9  671.49  -45.2  -44.0  -42.4  57 -99
SPO 2026 04 03 03   52   7.4  -9  671.41  -43.0  -42.4  -41.5  59 -99
SPO 2026 04 03 04   45   8.4  -9  671.35  -42.1  -41.5  -40.9  60 -99
SPO 2026 04 03 05   49   7.3  -9  671.64  -43.1  -42.4  -41.6  60 -99
SPO 2026 04 03 06   51   6.8  -9  672.03  -43.3  -42.6  -41.8  59 -99
SPO 2026 04 03 07   51   7.0  -9  672.44  -42.8  -42.3  -41.6  60 -99
SPO 2026 04 03 08   48   6.8  -9  672.79  -43.9  -43.2  -42.2  59 -99
SPO 2026 04 03 09   34   7.1  -9  673.34  -43.0  -42.5  -41.9  59 -99
SPO 2026 04 03 10   24   7.7  -9  673.97  -44.2  -43.8  -43.3  58 -99
SPO 2026 04 03 11   23   6.5  -9  674.89  -46.3  -45.8  -45.2  57 -99
SPO 2026 04 03 12   36   5.4  -9  675.63  -48.0  -46.9  -45.8  56 -99
SPO 2026 04 03 13   31   6.6  -9  676.07  -48.2  -47.1  -45.9  56 -99
SPO 2026 04 03 14   37   6.2  -9  676.69  -49.5  -48.2  -46.7  56 -99
SPO 2026 04 03 15   31   6.1  -9  677.13  -50.4  -49.2  -48.2  55 -99
SPO 2026 04 03 16   31   6.6  -9  677.51  -51.4  -50.0  -48.3  54 -99
SPO 2026 04 03 17   41   5.3  -9  678.26  -52.3  -50.8  -48.6  54 -99
SPO 2026 04 03 18   52   4.6  -9  678.87  -55.6  -53.1  -49.4  52 -99
SPO 2026 04 03 19   47   5.0  -9  679.18  -55.4  -53.2  -49.0  51 -99
SPO 2026 04 03 20   24   7.0  -9  678.88  -53.5  -52.3  -49.2  50 -99
SPO 2026 04 03 21   19   5.9  -9  679.29  -53.6  -52.8  -50.8  51 -99
SPO 2026 04 03 22   46   3.5  -9  679.80  -56.9  -54.7  -51.8  52 -99
SPO 2026 04 03 23   54   3.8  -9  680.30  -59.5  -56.5  -51.2  49 -99
SPO 2026 04 04 00   53   3.4  -9  680.76  -60.6  -56.6  -50.4  49 -99
SPO 2026 04 04 01   42   3.2  -9  681.01  -61.1  -56.1  -51.1  48 -99
SPO 2026 04 04 02   43   3.8  -9  681.05  -61.5  -56.6  -51.4  47 -99
SPO 2026 04 04 03   39   3.4  -9  681.16  -60.5  -56.0  -52.0  48 -99
SPO 2026 04 04 04   42   3.6  -9  681.55  -62.0  -56.5  -52.9  47 -99
SPO 2026 04 04 05   42   3.4  -9  681.74  -61.3  -57.2  -52.6  48 -99
SPO 2026 04 04 06   50   3.2  -9  681.96  -63.1  -58.8  -53.3  47 -99
SPO 2026 04 04 07   43   4.0  -9  682.25  -62.6  -57.9  -53.7  46 -99
SPO 2026 04 04 08   35   4.0  -9  682.48  -61.3  -57.5  -54.7  47 -99
SPO 2026 04 04 09   42   2.8  -9  682.56  -63.8  -59.0  -54.4  47 -99
SPO 2026 04 04 10   34   3.6  -9  682.57  -61.6  -57.5  -53.9  45 -99
SPO 2026 04 04 11   37   3.2  -9  682.70  -60.4  -57.0  -55.2  49 -99
SPO 2026 04 04 12   57   3.2  -9  682.90  -62.2  -59.0  -55.0  47 -99
SPO 2026 04 04 13   57   3.5  -9  683.02  -61.1  -59.5  -54.6  48 -99
SPO 2026 04 04 14   58   3.8  -9  683.07  -60.5  -59.1  -54.5  47 -99
SPO 2026 04 04 15   52   4.5  -9  683.04  -60.1  -58.9  -53.8  48 -99
SPO 2026 04 04 16   52   4.1  -9  682.87  -60.4  -58.8  -54.8  48 -99
SPO 2026 04 04 17   38   3.9  -9  682.91  -58.2  -57.3  -55.7  48 -99
SPO 2026 04 04 18   42   3.7  -9  683.12  -57.1  -56.5  -55.6  50 -99
SPO 2026 04 04 19   39   3.9  -9  683.13  -57.5  -56.7  -55.7  50 -99
SPO 2026 04 04 20   40   4.4  -9  683.14  -56.2  -56.0  -55.5  51 -99
SPO 2026 04 04 21   33   5.1  -9  683.08  -55.8  -55.5  -55.3  51 -99
SPO 2026 04 04 22   36   4.5  -9  683.17  -55.4  -55.2  -54.8  51 -99
SPO 2026 04 04 23   41   4.6  -9  683.32  -55.2  -55.0  -54.8  52 -99
SPO 2026 04 05 00   42   4.4  -9  683.46  -55.3  -55.1  -54.7  52 -99
SPO 2026 04 05 01   46   4.4  -9  683.56  -55.3  -55.1  -54.8  52 -99
SPO 2026 04 05 02   42   5.1  -9  683.28  -55.6  -55.2  -54.8  51 -99
SPO 2026 04 05 03   41   5.1  -9  683.22  -55.5  -55.2  -54.8  51 -99
SPO 2026 04 05 04   46   4.3  -9  683.35  -55.3  -55.1  -54.8  52 -99
SPO 2026 04 05 05   55   4.1  -9  683.58  -55.3  -55.2  -54.7  52 -99
SPO 2026 04 05 06   46   4.8  -9  683.75  -54.7  -54.5  -54.3  52 -99
SPO 2026 04 05 07   43   5.5  -9  683.80  -54.8  -54.5  -54.3  52 -99
SPO 2026 04 05 08   39   5.1  -9  683.63  -55.2  -54.7  -54.1  52 -99
SPO 2026 04 05 09   48   4.8  -9  683.66  -55.4  -54.8  -54.2  52 -99
SPO 2026 04 05 10   52   4.6  -9  683.80  -56.1  -55.5  -54.6  51 -99
SPO 2026 04 05 11   46   5.2  -9  683.89  -55.7  -55.3  -54.7  51 -99
SPO 2026 04 05 12   59   4.8  -9  684.04  -56.7  -56.0  -54.9  51 -99
SPO 2026 04 05 13   57   5.3  -9  684.04  -57.0  -56.6  -55.2  50 -99
SPO 2026 04 05 14   49   5.7  -9  683.95  -56.2  -55.7  -54.8  51 -99
SPO 2026 04 05 15   51   5.7  -9  683.93  -56.0  -55.3  -54.1  51 -99
SPO 2026 04 05 16   66   4.7  -9  683.98  -57.5  -56.6  -54.5  51 -99
SPO 2026 04 05 17   53   5.7  -9  683.85  -57.0  -56.2  -54.3  50 -99
SPO 2026 04 05 18   49   6.3  -9  683.84  -56.0  -55.4  -54.0  51 -99
SPO 2026 04 05 19   57   5.3  -9  683.91  -56.5  -55.8  -54.4  51 -99
SPO 2026 04 05 20   61   5.4  -9  683.99  -58.0  -57.1  -54.4  50 -99
SPO 2026 04 05 21   67   5.7  -9  683.97  -58.6  -57.5  -55.0  50 -99
SPO 2026 04 05 22   68   4.6  -9  684.01  -58.6  -57.7  -55.5  49 -99
SPO 2026 04 05 23   65   5.2  -9  683.93  -57.8  -56.9  -54.3  49 -99
SPO 2026 04 06 00   65   3.5  -9  683.90  -57.5  -56.8  -55.0  51 -99
SPO 2026 04 06 01   68   3.0  -9  683.94  -59.0  -58.3  -55.3  49 -99
SPO 2026 04 06 02   81   4.1  -9  683.70  -59.3  -58.2  -53.8  49 -99
SPO 2026 04 06 03   78   2.9  -9  683.63  -59.1  -57.9  -54.3  49 -99
SPO 2026 04 06 04   75   2.0  -9  683.60  -59.6  -58.2  -55.3  48 -99
SPO 2026 04 06 05   81   1.4  -9  683.57  -60.0  -58.7  -55.2  49 -99
SPO 2026 04 06 06   83   3.0  -9  683.61  -60.4  -58.2  -54.8  48 -99
SPO 2026 04 06 07   90   2.2  -9  683.60  -61.4  -59.5  -55.5  47 -99
SPO 2026 04 06 08   90   2.4  -9  683.47  -61.0  -59.5  -56.1  47 -99
SPO 2026 04 06 09   78   2.4  -9  683.45  -60.0  -58.7  -55.9  48 -99
SPO 2026 04 06 10   89   3.4  -9  683.57  -61.5  -58.2  -56.1  48 -99
SPO 2026 04 06 11   88   4.0  -9  683.68  -62.4  -59.1  -56.3  46 -99
SPO 2026 04 06 12   81   4.3  -9  683.70  -61.7  -60.1  -56.2  47 -99
SPO 2026 04 06 13   76   3.2  -9  683.80  -61.4  -60.3  -57.9  47 -99
SPO 2026 04 06 14   78   3.8  -9  683.86  -61.7  -60.5  -58.0  47 -99
SPO 2026 04 06 15   80   4.9  -9  683.90  -62.1  -61.0  -57.7  47 -99
SPO 2026 04 06 16   74   4.7  -9  683.98  -62.3  -61.1  -58.1  47 -99
SPO 2026 04 06 17   74   5.2  -9  684.11  -62.1  -61.4  -58.3  47 -99
SPO 2026 04 06 18   73   4.7  -9  684.33  -62.5  -61.7  -59.1  47 -99
SPO 2026 04 06 19   68   3.9  -9  684.59  -62.7  -61.9  -59.3  47 -99
SPO 2026 04 06 20   74   4.3  -9  684.70  -63.0  -62.2  -59.7  46 -99
SPO 2026 04 06 21   60   3.7  -9  685.04  -62.0  -61.4  -60.2  46 -99
SPO 2026 04 06 22   59   4.3  -9  685.24  -61.3  -60.9  -59.6  47 -99
SPO 2026 04 06 23   61   4.3  -9  685.33  -62.0  -61.5  -60.0  47 -99
SPO 2026 04 07 00   53   4.6  -9  685.69  -61.4  -60.9  -59.8  47 -99
SPO 2026 04 07 01   53   5.1  -9  685.91  -61.3  -60.8  -59.4  47 -99
SPO 2026 04 07 02   48   4.8  -9  686.01  -60.9  -60.4  -59.4  47 -99
SPO 2026 04 07 03   46   5.6  -9  686.17  -60.5  -60.1  -59.5  48 -99
SPO 2026 04 07 04   40   6.2  -9  686.22  -59.6  -59.3  -59.0  48 -99
SPO 2026 04 07 05   35   6.4  -9  686.57  -59.3  -59.0  -58.8  48 -99
SPO 2026 04 07 06   34   7.4  -9  686.57  -58.4  -58.2  -58.1  49 -99
SPO 2026 04 07 07   33   7.3  -9  686.56  -58.2  -57.9  -57.6  49 -99
SPO 2026 04 07 08   25   8.5  -9  686.63  -57.6  -57.5  -57.3  48 -99
SPO 2026 04 07 09   27   9.2  -9  686.57  -56.7  -56.7  -56.6  49 -99
SPO 2026 04 07 10   23   9.9  -9  686.56  -56.2  -56.4  -56.3  49 -99
SPO 2026 04 07 11   19   9.9  -9  686.73  -54.7  -55.0  -55.0  51 -99
SPO 2026 04 07 12   18  10.0  -9  686.76  -53.6  -53.8  -53.8  52 -99
SPO 2026 04 07 13   12  10.5  -9  686.61  -52.9  -53.0  -53.1  53 -99
SPO 2026 04 07 14    6  11.7  -9  686.38  -51.9  -51.9  -52.0  54 -99
SPO 2026 04 07 15    6  11.4  -9  686.40  -50.8  -50.8  -50.9  55 -99
SPO 2026 04 07 16    7  11.3  -9  686.71  -50.3  -50.3  -50.5  56 -99
SPO 2026 04 07 17    5  10.6  -9  686.97  -49.9  -49.9  -50.0  56 -99
SPO 2026 04 07 18    5  11.5  -9  686.86  -49.5  -49.5  -49.6  56 -99
SPO 2026 04 07 19    4  11.3  -9  686.90  -49.1  -49.0  -49.1  56 -99
SPO 2026 04 07 20    0  11.8  -9  686.75  -48.5  -48.4  -48.5  57 -99
SPO 2026 04 07 21  360  11.7  -9  686.81  -48.1  -48.0  -48.1  57 -99
SPO 2026 04 07 22  358  11.8  -9  686.85  -47.1  -47.1  -47.1  57 -99
SPO 2026 04 07 23  358  11.6  -9  686.99  -46.3  -46.3  -46.4  58 -99
SPO 2026 04 08 00  358  11.0  -9  687.23  -45.5  -45.4  -45.5  59 -99
SPO 2026 04 08 01  358  11.2  -9  687.30  -45.0  -45.0  -45.1  59 -99
SPO 2026 04 08 02    1  10.5  -9  687.37  -44.5  -44.5  -44.6  59 -99
SPO 2026 04 08 03  358  10.9  -9  687.40  -44.5  -44.4  -44.5  60 -99
SPO 2026 04 08 04  354  10.5  -9  687.56  -44.8  -44.7  -44.8  59 -99
SPO 2026 04 08 05  357  10.3  -9  687.69  -45.4  -45.2  -45.2  59 -99
SPO 2026 04 08 06    1  10.4  -9  687.73  -46.3  -46.0  -45.9  59 -99
SPO 2026 04 08 07  360  10.3  -9  687.92  -46.3  -46.1  -46.2  59 -99
SPO 2026 04 08 08  357  10.2  -9  688.03  -46.4  -46.2  -46.3  59 -99
SPO 2026 04 08 09  356  10.7  -9  688.11  -46.1  -46.0  -46.0  59 -99
SPO 2026 04 08 10  355  10.1  -9  688.18  -45.9  -45.8  -45.9  59 -99
SPO 2026 04 08 11  356   9.1  -9  688.34  -45.8  -45.8  -45.8  59 -99
SPO 2026 04 08 12  357   7.8  -9  688.67  -45.9  -45.8  -45.8  59 -99
SPO 2026 04 08 13  357   7.6  -9  689.03  -46.0  -45.8  -45.6  59 -99
SPO 2026 04 08 14  360   7.9  -9  688.97  -46.1  -46.0  -45.7  59 -99
SPO 2026 04 08 15    8   6.6  -9  689.25  -46.1  -45.9  -45.7  59 -99
SPO 2026 04 08 16    6   6.5  -9  689.27  -46.7  -46.3  -45.7  58 -99
SPO 2026 04 08 17   13   5.7  -9  689.35  -47.4  -46.8  -45.9  57 -99
SPO 2026 04 08 18    7   5.8  -9  689.58  -48.7  -47.9  -46.3  57 -99
SPO 2026 04 08 19   12   6.0  -9  689.61  -49.5  -48.4  -46.7  56 -99
SPO 2026 04 08 20   17   5.7  -9  689.65  -49.1  -48.7  -47.3  54 -99
SPO 2026 04 08 21   22   5.1  -9  689.76  -48.7  -48.3  -47.2  55 -99
SPO 2026 04 08 22   27   5.6  -9  689.79  -47.9  -47.6  -47.0  55 -99
SPO 2026 04 08 23   31   5.5  -9  689.69  -48.7  -48.4  -47.3  56 -99
SPO 2026 04 09 00   58   3.8  -9  689.74  -51.4  -50.8  -49.2  55 -99
SPO 2026 04 09 01   47   4.1  -9  689.65  -51.0  -50.4  -48.9  54 -99
SPO 2026 04 09 02   39   4.6  -9  689.32  -50.6  -49.9  -48.4  54 -99
SPO 2026 04 09 03   30   5.5  -9  688.95  -48.7  -48.4  -47.5  54 -99
SPO 2026 04 09 04   47   4.4  -9  688.86  -50.0  -49.2  -47.1  57 -99
SPO 2026 04 09 05   55   4.6  -9  688.63  -51.5  -50.6  -47.0  54 -99
SPO 2026 04 09 06   62   4.7  -9  688.48  -51.4  -50.7  -47.4  55 -99
SPO 2026 04 09 07   56   4.9  -9  688.31  -51.5  -50.6  -48.3  54 -99
SPO 2026 04 09 08   53   4.8  -9  688.05  -50.6  -49.7  -47.8  54 -99
SPO 2026 04 09 09   65   5.0  -9  687.75  -51.5  -50.6  -47.0  55 -99
SPO 2026 04 09 10   60   4.2  -9  687.56  -51.8  -50.9  -48.5  54 -99
SPO 2026 04 09 11   62   3.6  -9  687.23  -51.9  -51.1  -49.8  54 -99
SPO 2026 04 09 12   66   2.9  -9  686.74  -52.2  -51.2  -49.7  54 -99
SPO 2026 04 09 13   62   4.7  -9  686.18  -50.7  -50.3  -49.2  53 -99
SPO 2026 04 09 14   57   4.3  -9  685.90  -49.7  -49.4  -48.8  55 -99
SPO 2026 04 09 15   50   4.9  -9  685.54  -49.9  -49.4  -48.8  56 -99
SPO 2026 04 09 16   51   5.3  -9  685.17  -50.6  -50.1  -49.4  55 -99
SPO 2026 04 09 17   63   5.7  -9  684.79  -52.4  -51.8  -50.5  54 -99
SPO 2026 04 09 18   61   5.4  -9  684.53  -52.8  -52.3  -51.1  54 -99
SPO 2026 04 09 19   65   5.3  -9  684.24  -53.9  -53.1  -51.6  53 -99
SPO 2026 04 09 20   62   5.2  -9  684.00  -54.0  -53.3  -52.2  52 -99
SPO 2026 04 09 21   64   5.0  -9  683.88  -54.3  -53.6  -52.5  52 -99
SPO 2026 04 09 22   60   5.2  -9  683.79  -53.7  -53.4  -52.8  53 -99
SPO 2026 04 09 23   65   4.3  -9  683.68  -54.5  -54.0  -53.2  53 -99
SPO 2026 04 10 00   67   3.9  -9  683.58  -54.6  -54.1  -53.3  52 -99
SPO 2026 04 10 01   68   3.7  -9  683.60  -55.8  -54.6  -53.7  52 -99
SPO 2026 04 10 02   64   4.5  -9  683.33  -56.6  -55.4  -54.0  51 -99
SPO 2026 04 10 03   58   4.4  -9  683.08  -57.0  -56.3  -55.3  51 -99
SPO 2026 04 10 04   66   3.9  -9  683.29  -58.0  -57.4  -56.3  50 -99
SPO 2026 04 10 05   65   4.2  -9  683.48  -58.3  -57.7  -56.8  50 -99
SPO 2026 04 10 06   65   4.7  -9  683.54  -58.8  -58.3  -57.1  49 -99
SPO 2026 04 10 07   58   5.1  -9  683.76  -58.9  -58.5  -57.3  49 -99
SPO 2026 04 10 08   56   4.9  -9  683.96  -58.9  -58.3  -57.2  49 -99
SPO 2026 04 10 09   66   4.1  -9  684.19  -60.2  -59.2  -57.6  49 -99
SPO 2026 04 10 10   58   4.1  -9  684.36  -59.9  -59.3  -58.1  48 -99
SPO 2026 04 10 11   54   4.0  -9  684.68  -60.2  -58.9  -57.4  49 -99
SPO 2026 04 10 12   65   4.1  -9  684.95  -61.2  -59.8  -57.6  48 -99
SPO 2026 04 10 13   65   5.1  -9  685.09  -60.9  -60.0  -57.5  48 -99
SPO 2026 04 10 14   66   4.5  -9  685.17  -60.6  -60.0  -58.2  48 -99
SPO 2026 04 10 15   63   4.5  -9  685.32  -60.5  -59.9  -58.1  48 -99
SPO 2026 04 10 16   59   4.4  -9  685.42  -60.2  -59.4  -57.9  48 -99
SPO 2026 04 10 17   59   5.3  -9  685.61  -59.3  -58.6  -57.3  48 -99
SPO 2026 04 10 18   61   5.0  -9  685.73  -59.2  -58.7  -57.7  49 -99
SPO 2026 04 10 19   64   4.8  -9  686.09  -59.1  -58.4  -57.2  48 -99
SPO 2026 04 10 20   69   4.1  -9  686.25  -59.6  -58.7  -57.4  49 -99
SPO 2026 04 10 21   73   4.3  -9  686.23  -60.1  -59.3  -57.6  48 -99
SPO 2026 04 10 22   67   5.0  -9  686.27  -59.5  -59.0  -57.6  48 -99
SPO 2026 04 10 23   69   4.7  -9  686.34  -59.3  -58.8  -57.7  49 -99
SPO 2026 04 11 00   66   4.8  -9  686.23  -59.2  -58.7  -57.8  49 -99
SPO 2026 04 11 01   65   4.6  -9  686.19  -59.2  -58.7  -57.8  49 -99
SPO 2026 04 11 02   70   4.0  -9  686.11  -60.1  -59.3  -57.5  49 -99
SPO 2026 04 11 03   68   4.7  -9  685.95  -59.2  -58.6  -57.5  48 -99
SPO 2026 04 11 04   68   4.6  -9  685.96  -58.8  -58.2  -57.4  49 -99
SPO 2026 04 11 05   71   4.6  -9  685.94  -59.1  -58.5  -57.4  49 -99
SPO 2026 04 11 06   67   4.2  -9  685.91  -59.5  -58.7  -57.5  48 -99
SPO 2026 04 11 07   67   4.6  -9  686.00  -59.4  -58.6  -57.4  49 -99
SPO 2026 04 11 08   66   4.9  -9  685.94  -59.0  -58.3  -57.1  49 -99
SPO 2026 04 11 09   72   4.9  -9  685.95  -59.3  -58.6  -57.2  49 -99
SPO 2026 04 11 10   72   4.2  -9  686.03  -59.6  -58.5  -57.0  49 -99
SPO 2026 04 11 11   76   4.7  -9  685.91  -60.4  -58.8  -57.0  48 -99
SPO 2026 04 11 12   68   4.6  -9  685.74  -59.2  -58.5  -56.9  48 -99
SPO 2026 04 11 13   67   5.5  -9  685.72  -58.7  -58.0  -56.4  49 -99
SPO 2026 04 11 14   79   5.7  -9  685.61  -59.7  -58.5  -56.1  49 -99
SPO 2026 04 11 15   77   4.6  -9  685.57  -59.8  -58.9  -56.5  48 -99
SPO 2026 04 11 16   72   5.5  -9  685.31  -58.6  -57.9  -55.9  49 -99
SPO 2026 04 11 17   76   5.7  -9  685.29  -58.7  -58.0  -55.9  49 -99
SPO 2026 04 11 18   74   5.4  -9  685.29  -59.5  -58.2  -56.1  49 -99
SPO 2026 04 11 19   70   5.3  -9  685.25  -58.2  -57.6  -56.1  49 -99
SPO 2026 04 11 20   69   5.5  -9  685.15  -56.8  -56.5  -55.5  50 -99
SPO 2026 04 11 21   76   4.6  -9  685.12  -57.2  -56.9  -55.7  51 -99
SPO 2026 04 11 22   66   5.7  -9  684.94  -56.8  -56.4  -55.1  50 -99
SPO 2026 04 11 23   58   6.8  -9  684.86  -55.1  -54.7  -54.1  51 -99
SPO 2026 04 12 00   60   7.0  -9  684.47  -55.0  -54.6  -53.9  52 -99
SPO 2026 04 12 01   63   6.9  -9  684.34  -54.8  -54.5  -54.0  52 -99
SPO 2026 04 12 02   57   7.0  -9  684.12  -54.9  -54.6  -54.0  52 -99
SPO 2026 04 12 03   63   6.8  -9  683.84  -55.2  -54.8  -54.2  52 -99
SPO 2026 04 12 04   56   6.7  -9  683.70  -54.9  -54.5  -53.9  51 -99
SPO 2026 04 12 05   62   5.1  -9  683.66  -54.9  -54.6  -53.8  52 -99
SPO 2026 04 12 06   49   5.2  -9  683.61  -53.4  -53.1  -52.4  51 -99
SPO 2026 04 12 07   40   6.3  -9  683.67  -52.1  -51.7  -51.3  53 -99
SPO 2026 04 12 08   37   6.5  -9  683.66  -51.3  -51.0  -50.7  53 -99
SPO 2026 04 12 09   32   7.6  -9  683.61  -49.9  -49.8  -49.7  54 -99
SPO 2026 04 12 10   34   7.7  -9  683.64  -49.4  -49.2  -49.1  55 -99
SPO 2026 04 12 11   33   7.7  -9  683.58  -49.3  -49.2  -49.2  55 -99
SPO 2026 04 12 12   31   7.4  -9  683.60  -49.8  -49.6  -49.6  55 -99
SPO 2026 04 12 13   24   7.0  -9  683.95  -50.2  -50.1  -50.0  54 -99
SPO 2026 04 12 14   30   7.2  -9  684.04  -50.4  -50.3  -50.3  54 -99
SPO 2026 04 12 15   26   7.2  -9  684.10  -50.3  -50.4  -50.3  54 -99
SPO 2026 04 12 16   13   6.4  -9  684.52  -50.9  -50.9  -50.7  55 -99
SPO 2026 04 12 17   16   5.2  -9  685.20  -51.8  -51.5  -50.9  53 -99
SPO 2026 04 12 18   10   6.8  -9  685.65  -52.8  -52.2  -51.1  54 -99
SPO 2026 04 12 19    9   6.9  -9  686.07  -53.7  -53.0  -51.4  54 -99
SPO 2026 04 12 20    9   6.2  -9  686.71  -54.1  -53.6  -52.2  53 -99
SPO 2026 04 12 21   11   6.2  -9  687.17  -55.1  -54.5  -53.0  53 -99
SPO 2026 04 12 22    9   6.1  -9  687.80  -55.8  -55.1  -53.6  52 -99
SPO 2026 04 12 23   16   5.5  -9  688.39  -56.1  -55.6  -53.7  50 -99
SPO 2026 04 13 00   22   5.2  -9  688.96  -56.1  -55.7  -54.4  49 -99
SPO 2026 04 13 01   21   5.4  -9  689.54  -56.0  -55.9  -54.8  49 -99
SPO 2026 04 13 02   24   5.9  -9  689.72  -56.3  -56.0  -54.9  49 -99
SPO 2026 04 13 03   19   5.6  -9  690.29  -56.3  -56.3  -55.7  49 -99
SPO 2026 04 13 04   33   4.5  -9  690.77  -56.2  -56.0  -55.3  50 -99
SPO 2026 04 13 05   29   4.2  -9  691.56  -55.9  -55.6  -55.3  50 -99
SPO 2026 04 13 06   28   5.5  -9  692.00  -56.2  -56.1  -55.6  49 -99
SPO 2026 04 13 07   32   5.0  -9  692.25  -56.4  -55.8  -54.7  50 -99
SPO 2026 04 13 08   37   4.7  -9  692.65  -57.0  -56.0  -54.6  50 -99
SPO 2026 04 13 09   47   4.4  -9  693.06  -57.5  -56.5  -54.9  50 -99
SPO 2026 04 13 10   48   5.0  -9  693.20  -58.0  -57.2  -55.2  49 -99
SPO 2026 04 13 11   43   5.3  -9  693.40  -57.4  -56.5  -54.9  50 -99
SPO 2026 04 13 12   48   4.8  -9  693.47  -57.9  -57.1  -55.7  50 -99
SPO 2026 04 13 13   47   4.6  -9  693.59  -57.8  -57.0  -55.7  49 -99
SPO 2026 04 13 14   58   4.0  -9  693.85  -59.3  -57.9  -55.7  50 -99
SPO 2026 04 13 15   59   4.3  -9  693.94  -59.9  -59.1  -56.4  48 -99
SPO 2026 04 13 16   56   5.0  -9  694.02  -59.0  -58.1  -55.3  48 -99
SPO 2026 04 13 17   50   4.9  -9  694.04  -57.7  -56.9  -54.9  49 -99
SPO 2026 04 13 18   56   4.9  -9  693.93  -56.6  -56.0  -54.8  50 -99
SPO 2026 04 13 19   66   4.7  -9  693.73  -55.4  -55.2  -53.8  51 -99
SPO 2026 04 13 20   62   4.4  -9  693.53  -54.7  -54.4  -53.3  52 -99
SPO 2026 04 13 21   67   5.8  -9  693.21  -56.1  -55.4  -52.6  51 -99
SPO 2026 04 13 22   70   5.7  -9  692.92  -56.5  -55.9  -52.9  51 -99
SPO 2026 04 13 23   65   5.7  -9  692.63  -56.1  -55.3  -52.8  51 -99
SPO 2026 04 14 00   68   5.0  -9  692.45  -56.6  -55.8  -52.8  51 -99
SPO 2026 04 14 01   65   3.8  -9  692.37  -56.8  -55.9  -53.9  51 -99
SPO 2026 04 14 02   59   5.0  -9  691.99  -56.2  -55.1  -52.9  50 -99
SPO 2026 04 14 03   54   4.5  -9  691.63  -55.2  -54.2  -52.7  51 -99
SPO 2026 04 14 04   63   4.8  -9  691.32  -55.0  -53.8  -51.7  52 -99
SPO 2026 04 14 05   61   5.5  -9  691.10  -54.8  -53.4  -51.0  51 -99
SPO 2026 04 14 06   76   4.7  -9  691.01  -55.9  -54.5  -52.0  52 -99
SPO 2026 04 14 07   61   5.2  -9  690.61  -56.4  -54.9  -51.6  50 -99
SPO 2026 04 14 08   58   5.3  -9  690.23  -56.1  -54.7  -51.5  50 -99
SPO 2026 04 14 09   52   5.9  -9  690.04  -53.7  -52.4  -50.7  52 -99
SPO 2026 04 14 10   66   6.1  -9  689.84  -54.6  -53.7  -51.2  53 -99
SPO 2026 04 14 11   60   6.4  -9  689.72  -54.4  -53.5  -51.4  52 -99
SPO 2026 04 14 12   65   5.9  -9  689.55  -54.9  -53.9  -51.5  53 -99
SPO 2026 04 14 13   73   5.4  -9  689.33  -56.0  -54.9  -52.0  51 -99
SPO 2026 04 14 14   72   5.3  -9  689.23  -55.3  -54.5  -52.0  52 -99
SPO 2026 04 14 15   77   5.4  -9  689.11  -55.8  -54.7  -51.9  52 -99
SPO 2026 04 14 16   76   5.2  -9  688.98  -56.6  -55.4  -51.5  51 -99
SPO 2026 04 14 17   75   5.1  -9  688.81  -56.8  -55.2  -51.7  51 -99
SPO 2026 04 14 18   74   5.5  -9  688.77  -56.5  -55.4  -51.3  51 -99
SPO 2026 04 14 19   66   5.8  -9  688.55  -55.7  -54.5  -50.7  50 -99
SPO 2026 04 14 20   63   6.3  -9  688.35  -55.7  -54.3  -50.3  51 -99
SPO 2026 04 14 21   66   4.9  -9  688.42  -55.1  -53.8  -50.7  52 -99
SPO 2026 04 14 22   71   5.6  -9  688.28  -55.8  -53.7  -49.9  51 -99
SPO 2026 04 14 23   79   4.6  -9  688.39  -56.3  -54.5  -51.1  52 -99
SPO 2026 04 15 00   68   5.3  -9  688.39  -56.0  -54.2  -50.8  50 -99
SPO 2026 04 15 01   75   4.9  -9  688.41  -55.5  -54.3  -50.5  52 -99
SPO 2026 04 15 02   75   5.3  -9  688.37  -55.8  -54.6  -50.5  51 -99
SPO 2026 04 15 03   67   6.2  -9  688.22  -55.2  -54.4  -50.2  51 -99
SPO 2026 04 15 04   71   5.1  -9  688.24  -54.9  -54.0  -51.0  52 -99
SPO 2026 04 15 05   75   4.5  -9  688.29  -56.5  -54.9  -51.8  51 -99
SPO 2026 04 15 06   85   5.2  -9  688.39  -56.5  -54.5  -51.9  50 -99
SPO 2026 04 15 07   83   4.6  -9  688.38  -56.9  -54.9  -52.2  50 -99
SPO 2026 04 15 08   83   5.5  -9  688.27  -56.8  -54.8  -52.5  50 -99
SPO 2026 04 15 09   82   5.4  -9  688.09  -57.3  -55.8  -52.7  50 -99
SPO 2026 04 15 10   72   5.3  -9  688.11  -57.2  -55.9  -52.6  50 -99
SPO 2026 04 15 11   66   5.3  -9  688.02  -55.8  -54.8  -52.4  51 -99
SPO 2026 04 15 12   92   5.2  -9  688.19  -57.6  -55.8  -53.8  50 -99
SPO 2026 04 15 13   87   5.0  -9  688.21  -57.8  -56.3  -53.8  50 -99
SPO 2026 04 15 14   88   5.3  -9  688.32  -57.8  -56.3  -53.9  49 -99
SPO 2026 04 15 15   77   5.1  -9  688.13  -58.0  -56.8  -53.6  50 -99
SPO 2026 04 15 16   77   4.8  -9  688.07  -58.4  -56.8  -53.9  49 -99
SPO 2026 04 15 17   84   4.8  -9  688.11  -58.6  -56.7  -54.1  49 -99
SPO 2026 04 15 18   84   4.8  -9  687.99  -58.9  -57.2  -55.0  49 -99
SPO 2026 04 15 19   88   4.9  -9  688.05  -58.7  -57.0  -55.0  49 -99
SPO 2026 04 15 20   79   5.1  -9  687.89  -58.3  -57.2  -55.0  49 -99
SPO 2026 04 15 21   73   5.6  -9  687.52  -57.7  -57.1  -54.8  50 -99
SPO 2026 04 15 22   72   5.4  -9  687.49  -58.4  -57.6  -55.1  49 -99
SPO 2026 04 15 23   73   5.4  -9  687.47  -57.8  -56.7  -54.9  49 -99
SPO 2026 04 16 00   73   4.8  -9  687.48  -57.8  -57.0  -54.8  50 -99
SPO 2026 04 16 01   83   4.1  -9  687.51  -58.3  -57.3  -55.3  49 -99
SPO 2026 04 16 02   84   4.6  -9  687.37  -58.3  -57.3  -55.6  49 -99
SPO 2026 04 16 03   65   5.5  -9  687.05  -57.7  -57.1  -55.3  49 -99
SPO 2026 04 16 04   78   5.3  -9  687.25  -57.9  -57.0  -55.3  50 -99
SPO 2026 04 16 05   93   4.4  -9  687.47  -58.8  -57.0  -55.4  49 -99
SPO 2026 04 16 06   78   5.2  -9  687.25  -58.6  -57.0  -54.9  49 -99
SPO 2026 04 16 07   80   4.6  -9  687.23  -58.8  -56.9  -54.9  49 -99
SPO 2026 04 16 08   86   4.3  -9  687.25  -59.1  -56.9  -55.0  49 -99
SPO 2026 04 16 09   97   3.7  -9  687.45  -59.6  -57.0  -55.2  48 -99
SPO 2026 04 16 10   88   3.8  -9  687.53  -60.0  -57.4  -55.8  47 -99
SPO 2026 04 16 11   90   4.0  -9  687.68  -59.4  -57.9  -56.2  48 -99
SPO 2026 04 16 12   84   4.5  -9  687.71  -59.3  -58.2  -56.3  48 -99
SPO 2026 04 16 13   81   4.2  -9  687.76  -59.4  -58.2  -56.6  48 -99
SPO 2026 04 16 14   93   3.0  -9  687.94  -59.2  -58.3  -56.8  48 -99
SPO 2026 04 16 15   93   4.3  -9  688.22  -60.1  -58.0  -56.4  48 -99
SPO 2026 04 16 16   86   4.2  -9  688.22  -59.7  -58.0  -56.3  48 -99
SPO 2026 04 16 17   90   3.9  -9  688.34  -59.2  -57.7  -56.4  48 -99
SPO 2026 04 16 18   86   4.1  -9  688.42  -59.1  -58.0  -55.9  49 -99
SPO 2026 04 16 19  105   4.1  -9  688.77  -59.5  -57.4  -56.5  48 -99
SPO 2026 04 16 20   83   4.7  -9  688.79  -59.1  -57.7  -55.9  48 -99
SPO 2026 04 16 21   86   4.3  -9  688.75  -59.1  -58.0  -56.2  49 -99
SPO 2026 04 16 22   99   3.8  -9  688.88  -59.3  -57.7  -56.5  48 -99
SPO 2026 04 16 23   84   3.8  -9  688.93  -59.4  -58.0  -56.2  48 -99
SPO 2026 04 17 00   89   3.7  -9  689.24  -59.3  -58.0  -56.2  48 -99
SPO 2026 04 17 01   84   3.8  -9  689.31  -58.8  -57.3  -56.0  48 -99
SPO 2026 04 17 02   72   4.2  -9  689.28  -58.9  -57.7  -55.9  48 -99
SPO 2026 04 17 03   82   4.0  -9  689.12  -59.5  -58.1  -56.5  49 -99
SPO 2026 04 17 04   97   3.7  -9  689.19  -59.8  -58.6  -56.9  48 -99
SPO 2026 04 17 05   94   3.9  -9  689.19  -59.2  -58.1  -56.8  48 -99
SPO 2026 04 17 06   76   5.4  -9  689.00  -58.6  -57.8  -55.5  49 -99
SPO 2026 04 17 07   69   4.0  -9  688.94  -58.5  -57.7  -55.8  49 -99
SPO 2026 04 17 08   58   2.4  -9  689.15  -59.2  -58.2  -56.8  48 -99
SPO 2026 04 17 09   64   3.0  -9  689.09  -60.7  -58.8  -56.3  47 -99
SPO 2026 04 17 10   80   3.0  -9  689.14  -61.0  -58.9  -57.0  47 -99
SPO 2026 04 17 11   84   3.2  -9  689.15  -61.2  -59.0  -57.0  47 -99
SPO 2026 04 17 12   92   4.2  -9  689.07  -61.2  -58.9  -57.0  47 -99
SPO 2026 04 17 13   79   4.8  -9  688.90  -60.8  -59.5  -56.8  47 -99
SPO 2026 04 17 14   73   2.6  -9  688.85  -61.4  -60.2  -57.3  47 -99
SPO 2026 04 17 15   78   2.8  -9  688.75  -62.0  -59.6  -57.2  46 -99
SPO 2026 04 17 16   94   3.8  -9  688.32  -62.4  -59.5  -57.4  46 -99
SPO 2026 04 17 17   83   4.3  -9  688.18  -62.3  -59.8  -57.0  46 -99
SPO 2026 04 17 18   86   4.0  -9  688.08  -62.5  -60.5  -57.4  46 -99
SPO 2026 04 17 19   70   2.6  -9  687.74  -61.6  -60.2  -57.9  46 -99
SPO 2026 04 17 20   89   3.2  -9  687.53  -62.8  -61.2  -58.1  46 -99
SPO 2026 04 17 21   75   3.9  -9  687.24  -62.1  -61.1  -57.6  46 -99
SPO 2026 04 17 22   82   4.8  -9  687.04  -61.9  -61.0  -57.8  46 -99
SPO 2026 04 17 23   89   4.3  -9  686.86  -61.9  -60.9  -58.3  47 -99
SPO 2026 04 18 00   93   4.5  -9  686.64  -62.5  -61.1  -58.7  46 -99
SPO 2026 04 18 01   92   4.6  -9  686.35  -62.6  -61.2  -58.6  46 -99
SPO 2026 04 18 02   85   4.8  -9  685.93  -62.3  -61.0  -58.3  46 -99
SPO 2026 04 18 03   87   4.2  -9  685.64  -62.2  -60.6  -58.6  46 -99
SPO 2026 04 18 04   82   4.0  -9  685.24  -61.8  -60.8  -59.1  46 -99
SPO 2026 04 18 05   86   4.6  -9  684.88  -61.6  -60.9  -59.0  47 -99
SPO 2026 04 18 06   81   4.2  -9  684.61  -62.3  -61.2  -58.6  46 -99
SPO 2026 04 18 07   76   4.1  -9  684.55  -61.2  -59.8  -58.4  47 -99
SPO 2026 04 18 08   87   5.1  -9  684.31  -61.6  -60.1  -58.3  47 -99
SPO 2026 04 18 09   78   4.9  -9  683.90  -61.4  -60.4  -58.3  47 -99
SPO 2026 04 18 10   84   4.6  -9  683.68  -61.8  -60.1  -58.3  46 -99
SPO 2026 04 18 11   77   5.1  -9  683.49  -61.8  -60.4  -57.8  46 -99
SPO 2026 04 18 12   73   5.4  -9  683.25  -61.2  -60.1  -57.7  47 -99
SPO 2026 04 18 13   71   6.1  -9  682.84  -60.6  -59.8  -57.5  47 -99
SPO 2026 04 18 14   83   5.3  -9  682.78  -61.1  -60.1  -58.1  47 -99
SPO 2026 04 18 15   85   5.8  -9  682.56  -61.5  -60.4  -58.1  47 -99
SPO 2026 04 18 16   81   6.1  -9  682.32  -61.5  -60.3  -57.9  47 -99
SPO 2026 04 18 17   77   5.6  -9  682.28  -61.2  -60.2  -58.0  47 -99
SPO 2026 04 18 18   75   5.6  -9  682.17  -61.0  -59.8  -57.6  47 -99
SPO 2026 04 18 19   74   6.2  -9  682.08  -60.3  -59.5  -57.6  47 -99
SPO 2026 04 18 20   68   6.0  -9  681.93  -59.9  -59.3  -57.5  48 -99
SPO 2026 04 18 21   66   6.0  -9  681.80  -59.7  -59.1  -57.5  48 -99
SPO 2026 04 18 22   63   6.4  -9  681.77  -59.2  -58.7  -57.3  48 -99
SPO 2026 04 18 23   59   6.1  -9  681.78  -58.7  -58.2  -56.9  48 -99
SPO 2026 04 19 00   63   5.5  -9  681.73  -59.3  -58.6  -56.7  48 -99
SPO 2026 04 19 01   62   5.8  -9  681.60  -59.0  -58.3  -55.9  48 -99
SPO 2026 04 19 02   61   6.1  -9  681.48  -58.3  -57.6  -55.9  49 -99
SPO 2026 04 19 03   56   5.6  -9  681.30  -58.0  -57.3  -55.7  49 -99
SPO 2026 04 19 04   58   4.3  -9  681.24  -58.7  -57.4  -55.3  49 -99
SPO 2026 04 19 05   65   5.4  -9  681.25  -58.9  -57.8  -54.9  48 -99
SPO 2026 04 19 06   59   4.3  -9  681.37  -58.7  -57.4  -55.1  48 -99
SPO 2026 04 19 07   50   4.6  -9  681.25  -57.5  -55.9  -54.2  48 -99
SPO 2026 04 19 08   58   4.5  -9  681.38  -58.5  -56.2  -54.3  50 -99
SPO 2026 04 19 09   41   5.7  -9  681.44  -55.5  -54.4  -53.1  48 -99
SPO 2026 04 19 10   43   6.2  -9  681.61  -53.2  -52.9  -52.3  52 -99
SPO 2026 04 19 11   31   5.9  -9  682.00  -52.6  -52.1  -51.7  52 -99
SPO 2026 04 19 12   40   6.1  -9  682.02  -54.2  -53.6  -52.4  52 -99
SPO 2026 04 19 13   35   5.8  -9  682.29  -53.6  -52.8  -52.0  51 -99
SPO 2026 04 19 14   38   5.9  -9  682.41  -54.1  -53.3  -52.4  52 -99
SPO 2026 04 19 15   47   4.3  -9  682.65  -56.6  -55.4  -53.1  50 -99
SPO 2026 04 19 16   42   4.8  -9  682.95  -55.7  -54.3  -53.0  51 -99
SPO 2026 04 19 17   37   5.8  -9  683.26  -53.8  -53.1  -52.3  50 -99
SPO 2026 04 19 18   29   6.3  -9  683.41  -53.8  -53.0  -52.3  51 -99
SPO 2026 04 19 19   42   4.6  -9  683.73  -54.8  -53.6  -52.2  52 -99
SPO 2026 04 19 20   53   4.4  -9  683.94  -58.0  -55.6  -52.2  49 -99
SPO 2026 04 19 21   37   5.6  -9  684.11  -55.5  -54.0  -52.2  49 -99
SPO 2026 04 19 22   38   6.0  -9  684.12  -54.4  -53.6  -52.4  52 -99
SPO 2026 04 19 23   36   5.5  -9  684.46  -54.1  -53.3  -52.4  51 -99
SPO 2026 04 20 00   26   7.0  -9  684.51  -51.7  -51.5  -51.2  51 -99
SPO 2026 04 20 01   43   6.3  -9  684.62  -51.6  -51.2  -50.7  54 -99
SPO 2026 04 20 02   42   5.8  -9  684.51  -51.2  -50.8  -50.4  54 -99
SPO 2026 04 20 03   44   5.2  -9  684.70  -51.2  -50.8  -50.3  54 -99
SPO 2026 04 20 04   41   5.1  -9  684.61  -51.4  -50.9  -50.3  53 -99
SPO 2026 04 20 05   40   5.8  -9  684.54  -51.7  -51.2  -50.7  54 -99
SPO 2026 04 20 06   47   6.0  -9  684.69  -52.3  -51.8  -51.2  53 -99
SPO 2026 04 20 07   44   5.5  -9  684.55  -53.0  -52.2  -51.1  53 -99
SPO 2026 04 20 08   52   4.6  -9  684.66  -54.1  -52.7  -51.1  53 -99
SPO 2026 04 20 09   68   4.6  -9  684.85  -57.1  -54.5  -51.4  50 -99
SPO 2026 04 20 10   68   5.0  -9  684.83  -57.7  -55.7  -51.4  50 -99
SPO 2026 04 20 11   62   5.5  -9  684.68  -58.7  -55.5  -51.6  49 -99
SPO 2026 04 20 12   54   5.5  -9  684.57  -59.0  -55.4  -51.3  48 -99
SPO 2026 04 20 13   58   5.3  -9  684.41  -59.3  -56.4  -51.9  48 -99
SPO 2026 04 20 14   67   5.2  -9  684.36  -59.7  -57.0  -52.2  48 -99
SPO 2026 04 20 15   68   5.6  -9  684.09  -59.4  -56.5  -52.2  48 -99
SPO 2026 04 20 16   65   5.3  -9  683.92  -59.5  -57.1  -52.4  48 -99
SPO 2026 04 20 17   67   5.5  -9  683.73  -59.7  -57.6  -52.9  48 -99
SPO 2026 04 20 18   66   5.8  -9  683.57  -59.7  -57.3  -53.1  48 -99
SPO 2026 04 20 19   76   5.7  -9  683.55  -59.5  -57.5  -53.7  48 -99
SPO 2026 04 20 20   72   5.5  -9  683.47  -58.8  -57.5  -53.2  48 -99
SPO 2026 04 20 21   76   5.7  -9  683.28  -58.4  -57.1  -53.2  49 -99
SPO 2026 04 20 22   70   5.9  -9  683.07  -58.2  -56.7  -52.5  49 -99
SPO 2026 04 20 23   70   5.3  -9  682.91  -57.2  -56.0  -52.5  49 -99
SPO 2026 04 21 00   64   6.2  -9  682.58  -56.8  -55.5  -52.1  50 -99
SPO 2026 04 21 01   61   6.4  -9  682.28  -56.6  -55.7  -53.5  50 -99
SPO 2026 04 21 02   68   5.7  -9  682.04  -57.6  -56.7  -54.3  50 -99
SPO 2026 04 21 03   74   5.1  -9  681.76  -59.6  -57.6  -54.2  48 -99
SPO 2026 04 21 04   70   5.5  -9  681.46  -59.0  -57.4  -54.2  48 -99
SPO 2026 04 21 05   69   5.4  -9  681.31  -59.3  -57.7  -54.4  48 -99
SPO 2026 04 21 06   69   5.2  -9  681.23  -59.9  -57.7  -54.0  48 -99
SPO 2026 04 21 07   76   5.3  -9  680.95  -59.3  -57.7  -54.2  48 -99
SPO 2026 04 21 08   78   5.2  -9  680.75  -59.5  -57.8  -54.8  49 -99
SPO 2026 04 21 09   79   6.0  -9  680.56  -60.5  -57.9  -54.5  47 -99
SPO 2026 04 21 10   75   5.6  -9  680.42  -60.4  -58.5  -54.6  48 -99
SPO 2026 04 21 11   81   5.8  -9  680.25  -61.0  -58.0  -54.8  47 -99
SPO 2026 04 21 12   74   6.1  -9  679.85  -60.6  -59.1  -55.0  47 -99
SPO 2026 04 21 13   67   7.3  -9  679.34  -60.3  -59.5  -55.1  47 -99
SPO 2026 04 21 14   58   7.9  -9  678.88  -59.4  -58.7  -56.2  48 -99
SPO 2026 04 21 15   67   5.8  -9  678.89  -59.6  -58.9  -57.3  49 -99
SPO 2026 04 21 16   70   5.8  -9  678.72  -60.6  -59.7  -56.9  48 -99
SPO 2026 04 21 17   81   4.9  -9  678.85  -61.8  -59.8  -56.3  47 -99
SPO 2026 04 21 18   79   5.4  -9  678.62  -61.6  -59.7  -56.3  47 -99
SPO 2026 04 21 19   73   5.5  -9  678.59  -61.6  -59.8  -56.4  46 -99
SPO 2026 04 21 20   72   5.4  -9  678.39  -61.2  -59.9  -56.1  47 -99
SPO 2026 04 21 21   73   5.2  -9  678.25  -61.0  -59.9  -56.5  48 -99
SPO 2026 04 21 22   67   6.2  -9  678.06  -61.3  -60.2  -56.3  46 -99
SPO 2026 04 21 23   64   5.3  -9  678.00  -60.9  -59.9  -57.2  47 -99
SPO 2026 04 22 00   66   5.1  -9  677.89  -62.3  -60.5  -56.7  47 -99
SPO 2026 04 22 01   59   5.8  -9  677.57  -62.2  -60.4  -56.5  46 -99
SPO 2026 04 22 02   59   5.5  -9  677.45  -62.0  -60.2  -56.5  46 -99
SPO 2026 04 22 03   59   3.9  -9  677.54  -62.1  -60.2  -57.4  47 -99
SPO 2026 04 22 04   59   4.2  -9  677.51  -63.7  -60.7  -57.2  46 -99
SPO 2026 04 22 05   59   3.6  -9  677.66  -62.6  -60.5  -57.3  46 -99
SPO 2026 04 22 06   65   3.4  -9  677.81  -63.9  -61.7  -57.9  46 -99
SPO 2026 04 22 07   54   4.5  -9  677.83  -63.6  -60.7  -57.7  44 -99
SPO 2026 04 22 08   46   5.6  -9  677.77  -60.2  -58.7  -57.1  47 -99
SPO 2026 04 22 09   40   5.7  -9  677.89  -59.5  -58.4  -57.0  47 -99
SPO 2026 04 22 10   39   7.0  -9  677.68  -58.6  -57.8  -56.9  49 -99
SPO 2026 04 22 11   47   5.5  -9  678.00  -58.7  -58.1  -57.3  49 -99
SPO 2026 04 22 12   45   4.3  -9  678.09  -59.5  -58.4  -57.3  48 -99
SPO 2026 04 22 13   48   4.8  -9  678.19  -58.1  -57.7  -57.3  48 -99
SPO 2026 04 22 14   38   5.7  -9  678.35  -58.3  -57.6  -57.0  49 -99
SPO 2026 04 22 15   37   5.1  -9  678.50  -59.0  -58.1  -57.1  48 -99
SPO 2026 04 22 16   36   6.1  -9  678.64  -59.1  -58.3  -57.2  48 -99
SPO 2026 04 22 17   35   5.5  -9  678.94  -59.6  -58.8  -57.7  48 -99
SPO 2026 04 22 18   40   5.1  -9  679.20  -60.2  -59.2  -57.9  48 -99
SPO 2026 04 22 19   45   5.3  -9  679.43  -61.0  -60.0  -58.1  47 -99
SPO 2026 04 22 20   35   6.7  -9  679.62  -60.6  -59.6  -57.8  47 -99
SPO 2026 04 22 21   35   5.7  -9  679.97  -60.7  -59.8  -58.3  47 -99
SPO 2026 04 22 22   45   4.8  -9  680.01  -62.5  -61.3  -59.2  46 -99
SPO 2026 04 22 23   41   4.0  -9  680.37  -62.3  -60.9  -59.6  47 -99
SPO 2026 04 23 00   36   4.9  -9  680.40  -61.9  -61.1  -59.6  44 -99
SPO 2026 04 23 01   26   5.2  -9  680.54  -59.2  -59.3  -59.4  46 -99
SPO 2026 04 23 02   28   5.4  -9  680.40  -58.8  -58.9  -59.0  47 -99
SPO 2026 04 23 03   23   5.9  -9  680.47  -58.1  -58.4  -58.6  47 -99
SPO 2026 04 23 04   21   5.9  -9  680.71  -57.8  -58.3  -58.5  48 -99
SPO 2026 04 23 05   20   5.8  -9  680.78  -57.2  -57.7  -57.8  48 -99
SPO 2026 04 23 06   23   5.6  -9  680.86  -56.7  -57.2  -57.3  48 -99
SPO 2026 04 23 07   19   6.3  -9  680.77  -56.4  -56.8  -56.9  49 -99
SPO 2026 04 23 08   16   7.3  -9  680.82  -56.1  -56.5  -56.6  50 -99
SPO 2026 04 23 09   10   8.1  -9  680.80  -55.8  -56.1  -56.2  51 -99
SPO 2026 04 23 10    6   7.5  -9  680.91  -54.9  -55.2  -55.2  52 -99
SPO 2026 04 23 11    6   6.6  -9  681.13  -54.3  -54.5  -54.6  52 -99
SPO 2026 04 23 12  358   7.5  -9  681.12  -54.0  -54.2  -54.3  52 -99
SPO 2026 04 23 13  353   7.3  -9  681.17  -53.7  -53.8  -53.9  52 -99
SPO 2026 04 23 14  351   6.8  -9  681.31  -53.1  -53.3  -53.3  53 -99
SPO 2026 04 23 15  353   6.8  -9  681.26  -52.9  -53.0  -53.1  53 -99
SPO 2026 04 23 16  356   6.8  -9  681.43  -52.8  -52.9  -52.9  53 -99
SPO 2026 04 23 17  355   6.6  -9  681.53  -53.2  -53.2  -53.2  53 -99
SPO 2026 04 23 18  355   7.5  -9  681.51  -53.6  -53.6  -53.6  53 -99
SPO 2026 04 23 19  354   7.2  -9  681.68  -53.5  -53.6  -53.6  53 -99
SPO 2026 04 23 20  350   8.2  -9  681.58  -53.2  -53.3  -53.3  53 -99
SPO 2026 04 23 21  347   8.9  -9  681.49  -52.6  -52.7  -52.7  53 -99
SPO 2026 04 23 22  353   6.9  -9  681.73  -51.9  -52.0  -52.1  54 -99
SPO 2026 04 23 23  351   7.1  -9  681.71  -51.7  -51.7  -51.8  54 -99
SPO 2026 04 24 00  352   7.6  -9  681.73  -51.8  -51.9  -51.9  54 -99
SPO 2026 04 24 01  350   8.5  -9  681.61  -51.7  -51.8  -51.7  54 -99
SPO 2026 04 24 02  349   9.0  -9  681.41  -51.3  -51.4  -51.2  54 -99
SPO 2026 04 24 03  349   8.7  -9  681.37  -50.7  -50.7  -50.4  54 -99
SPO 2026 04 24 04  348   8.1  -9  681.21  -50.2  -50.2  -50.0  54 -99
SPO 2026 04 24 05  351   8.5  -9  680.99  -49.7  -49.7  -49.5  55 -99
SPO 2026 04 24 06  352   8.3  -9  681.06  -49.7  -49.7  -49.5  55 -99
SPO 2026 04 24 07  347   7.6  -9  681.12  -49.6  -49.5  -49.2  55 -99
SPO 2026 04 24 08  345   6.9  -9  681.05  -49.0  -49.0  -48.9  55 -99
SPO 2026 04 24 09  346   7.4  -9  680.77  -48.7  -48.7  -48.5  55 -99
SPO 2026 04 24 10  353   6.3  -9  680.91  -48.3  -48.2  -48.1  56 -99
SPO 2026 04 24 11  347   6.3  -9  680.86  -48.5  -48.4  -48.2  56 -99
SPO 2026 04 24 12  345   6.4  -9  680.75  -48.2  -48.0  -47.8  56 -99
SPO 2026 04 24 13  351   6.8  -9  680.55  -49.0  -48.7  -48.4  56 -99
SPO 2026 04 24 14  356   7.2  -9  680.39  -49.0  -48.7  -48.2  56 -99
SPO 2026 04 24 15  355   7.2  -9  680.23  -48.7  -48.5  -47.9  56 -99
SPO 2026 04 24 16  353   7.0  -9  680.11  -48.8  -48.6  -47.9  56 -99
SPO 2026 04 24 17  353   6.9  -9  680.12  -49.0  -48.9  -48.5  56 -99
SPO 2026 04 24 18  349   7.3  -9  679.83  -48.8  -48.8  -48.6  56 -99
SPO 2026 04 24 19  349   6.5  -9  679.50  -49.2  -49.2  -48.9  56 -99
SPO 2026 04 24 20  351   6.0  -9  679.38  -49.0  -49.0  -48.8  56 -99
SPO 2026 04 24 21  355   5.3  -9  679.27  -49.2  -49.0  -48.8  56 -99
SPO 2026 04 24 22    0   5.6  -9  679.15  -49.6  -49.4  -49.1  56 -99
SPO 2026 04 24 23  356   6.1  -9  678.84  -50.2  -49.9  -49.3  55 -99
SPO 2026 04 25 00  354   6.1  -9  678.67  -50.4  -50.2  -49.6  55 -99
SPO 2026 04 25 01  356   6.2  -9  678.50  -50.8  -50.5  -49.8  55 -99
SPO 2026 04 25 02    4   5.6  -9  678.35  -51.9  -51.3  -50.3  55 -99
SPO 2026 04 25 03    6   6.4  -9  677.95  -52.8  -52.1  -50.7  54 -99
SPO 2026 04 25 04    7   6.3  -9  677.62  -53.2  -52.6  -51.2  54 -99
SPO 2026 04 25 05    3   6.4  -9  677.45  -53.5  -53.2  -51.8  54 -99
SPO 2026 04 25 06    8   4.9  -9  677.35  -53.5  -53.4  -52.4  53 -99
SPO 2026 04 25 07   14   5.3  -9  677.16  -53.4  -53.2  -51.9  53 -99
SPO 2026 04 25 08   19   4.9  -9  676.95  -53.6  -52.9  -51.5  53 -99
SPO 2026 04 25 09   40   3.9  -9  676.84  -54.1  -53.2  -51.6  52 -99
SPO 2026 04 25 10   20   6.3  -9  676.37  -53.8  -52.8  -50.7  51 -99
SPO 2026 04 25 11   19   6.5  -9  676.13  -54.1  -53.3  -51.0  51 -99
SPO 2026 04 25 12   21   6.0  -9  675.92  -54.3  -53.6  -51.7  50 -99
SPO 2026 04 25 13   24   6.2  -9  675.66  -54.4  -53.7  -51.6  49 -99
SPO 2026 04 25 14   28   5.7  -9  675.39  -54.8  -53.7  -52.1  49 -99
SPO 2026 04 25 15   29   5.8  -9  675.07  -55.0  -53.8  -52.3  49 -99
SPO 2026 04 25 16   37   4.8  -9  674.78  -54.6  -53.7  -52.2  51 -99
SPO 2026 04 25 17   48   4.2  -9  674.49  -56.5  -55.5  -52.7  51 -99
SPO 2026 04 25 18   44   4.6  -9  674.19  -57.3  -55.8  -52.4  50 -99
SPO 2026 04 25 19   28   5.6  -9  673.88  -54.8  -53.5  -51.7  48 -99
SPO 2026 04 25 20   20   6.2  -9  673.64  -53.3  -52.8  -51.7  50 -99
SPO 2026 04 25 21   22   5.7  -9  673.41  -52.6  -52.4  -51.6  51 -99
SPO 2026 04 25 22   36   4.5  -9  673.14  -52.6  -52.0  -51.4  52 -99
SPO 2026 04 25 23   37   4.7  -9  672.87  -52.0  -51.5  -51.1  53 -99
SPO 2026 04 26 00   37   4.5  -9  672.72  -51.7  -51.3  -50.9  54 -99
SPO 2026 04 26 01   31   5.3  -9  672.30  -51.7  -51.4  -51.0  53 -99
SPO 2026 04 26 02   19   7.4  -9  671.76  -51.3  -51.3  -50.9  53 -99
SPO 2026 04 26 03   24   7.0  -9  671.42  -51.2  -51.1  -50.8  52 -99
SPO 2026 04 26 04   23   7.3  -9  671.09  -51.1  -51.1  -50.8  52 -99
SPO 2026 04 26 05   22   7.6  -9  670.82  -51.3  -51.2  -50.9  52 -99
SPO 2026 04 26 06   16   7.7  -9  670.57  -51.3  -51.2  -51.0  53 -99
SPO 2026 04 26 07   21   7.2  -9  670.32  -51.1  -51.1  -51.0  53 -99
SPO 2026 04 26 08   18   8.1  -9  669.95  -51.1  -51.2  -50.9  53 -99
SPO 2026 04 26 09   19   8.8  -9  669.66  -51.4  -51.4  -51.1  53 -99
SPO 2026 04 26 10   20   8.5  -9  669.41  -51.5  -51.5  -51.0  53 -99
SPO 2026 04 26 11   22   7.7  -9  669.12  -51.2  -51.2  -50.8  52 -99
SPO 2026 04 26 12   32   6.7  -9  668.88  -51.8  -51.4  -51.1  53 -99
SPO 2026 04 26 13   34   6.5  -9  668.67  -52.6  -51.9  -51.4  53 -99
SPO 2026 04 26 14   31   7.0  -9  668.46  -52.5  -52.0  -51.6  52 -99
SPO 2026 04 26 15   32   7.6  -9  668.15  -52.8  -52.3  -51.8  52 -99
SPO 2026 04 26 16   33   7.0  -9  667.95  -52.5  -52.1  -51.8  52 -99
SPO 2026 04 26 17   33   7.3  -9  667.78  -52.9  -52.3  -51.9  53 -99
SPO 2026 04 26 18   32   7.3  -9  667.63  -53.1  -52.4  -51.9  52 -99
SPO 2026 04 26 19   34   7.6  -9  667.50  -53.0  -52.4  -51.9  52 -99
SPO 2026 04 26 20   35   7.4  -9  667.17  -53.1  -52.5  -52.0  52 -99
SPO 2026 04 26 21   34   7.3  -9  666.98  -52.9  -52.4  -52.0  52 -99
SPO 2026 04 26 22   39   7.3  -9  666.88  -53.0  -52.6  -52.3  53 -99
SPO 2026 04 26 23   43   6.5  -9  666.80  -53.1  -52.8  -52.5  53 -99
SPO 2026 04 27 00   41   7.2  -9  666.66  -53.1  -52.8  -52.4  53 -99
SPO 2026 04 27 01   41   7.3  -9  666.62  -52.9  -52.6  -52.4  53 -99
SPO 2026 04 27 02   41   7.6  -9  666.57  -52.9  -52.7  -52.5  53 -99
SPO 2026 04 27 03   41   6.9  -9  666.55  -53.4  -53.2  -53.0  53 -99
SPO 2026 04 27 04   40   7.0  -9  666.46  -53.7  -53.4  -53.1  52 -99
SPO 2026 04 27 05   41   7.0  -9  666.37  -54.2  -53.8  -53.4  52 -99
SPO 2026 04 27 06   38   7.2  -9  666.35  -54.3  -53.9  -53.5  52 -99
SPO 2026 04 27 07   47   6.8  -9  666.41  -54.8  -54.4  -54.0  52 -99
SPO 2026 04 27 08   43   7.3  -9  666.49  -54.9  -54.5  -54.1  51 -99
SPO 2026 04 27 09   41   7.7  -9  666.50  -54.9  -54.5  -54.1  52 -99
SPO 2026 04 27 10   39   7.8  -9  666.53  -55.0  -54.6  -54.1  51 -99
SPO 2026 04 27 11   42   7.2  -9  666.67  -55.1  -54.8  -54.4  51 -99
SPO 2026 04 27 12   41   7.9  -9  666.63  -55.5  -55.1  -54.7  52 -99
SPO 2026 04 27 13   42   7.7  -9  666.73  -56.2  -55.7  -55.1  51 -99
SPO 2026 04 27 14   40   7.9  -9  666.71  -56.0  -55.6  -55.2  51 -99
SPO 2026 04 27 15   41   7.6  -9  666.76  -56.7  -56.3  -55.4  51 -99
SPO 2026 04 27 16   44   6.6  -9  666.83  -57.0  -56.6  -55.9  50 -99
SPO 2026 04 27 17   48   5.9  -9  667.00  -57.6  -57.1  -56.3  50 -99
SPO 2026 04 27 18   42   6.8  -9  666.91  -57.7  -57.1  -56.2  49 -99
SPO 2026 04 27 19   46   5.5  -9  667.11  -57.9  -57.4  -56.7  50 -99
SPO 2026 04 27 20   46   6.0  -9  667.12  -58.0  -57.5  -56.8  49 -99
SPO 2026 04 27 21   47   6.0  -9  667.22  -58.5  -58.0  -57.2  49 -99
SPO 2026 04 27 22   54   4.8  -9  667.29  -59.4  -58.8  -58.0  49 -99
SPO 2026 04 27 23   48   5.6  -9  667.25  -59.7  -59.1  -58.2  48 -99
SPO 2026 04 28 00   47   5.6  -9  667.38  -59.5  -58.9  -58.2  48 -99
SPO 2026 04 28 01   44   5.6  -9  667.48  -59.8  -59.3  -58.5  48 -99
SPO 2026 04 28 02   38   5.8  -9  667.58  -59.5  -59.0  -58.3  48 -99
SPO 2026 04 28 03   38   6.2  -9  667.47  -59.7  -59.1  -58.4  48 -99
SPO 2026 04 28 04   37   5.6  -9  667.60  -59.9  -59.3  -58.6  48 -99
SPO 2026 04 28 05   40   4.9  -9  667.75  -59.9  -59.4  -58.7  48 -99
SPO 2026 04 28 06   31   5.6  -9  667.98  -59.6  -59.1  -58.6  47 -99
SPO 2026 04 28 07   31   5.7  -9  668.09  -59.9  -59.1  -58.6  47 -99
SPO 2026 04 28 08   30   6.0  -9  668.11  -59.9  -59.2  -58.7  47 -99
SPO 2026 04 28 09   31   6.1  -9  668.26  -60.2  -59.5  -59.1  47 -99
SPO 2026 04 28 10   28   6.8  -9  668.30  -60.3  -59.8  -59.4  47 -99
SPO 2026 04 28 11   27   6.3  -9  668.59  -60.3  -59.9  -59.6  46 -99
SPO 2026 04 28 12   28   6.8  -9  668.68  -60.4  -60.0  -59.7  47 -99
SPO 2026 04 28 13   24   6.5  -9  668.76  -60.7  -60.5  -60.2  46 -99
SPO 2026 04 28 14   25   7.1  -9  668.60  -61.0  -60.8  -60.5  46 -99
SPO 2026 04 28 15   24   7.6  -9  668.62  -60.9  -60.9  -60.8  46 -99
SPO 2026 04 28 16   20   7.3  -9  668.74  -61.0  -61.2  -61.2  46 -99
SPO 2026 04 28 17   19   7.4  -9  668.73  -60.7  -61.0  -61.1  46 -99
SPO 2026 04 28 18   16   7.8  -9  668.62  -60.6  -60.9  -60.9  46 -99
SPO 2026 04 28 19   14   7.6  -9  668.68  -60.5  -60.7  -60.7  47 -99
SPO 2026 04 28 20   12   7.4  -9  668.80  -60.4  -60.6  -60.6  47 -99
SPO 2026 04 28 21   12   7.4  -9  668.73  -59.7  -60.0  -60.1  48 -99
SPO 2026 04 28 22   14   6.6  -9  668.76  -59.8  -60.0  -60.1  48 -99
SPO 2026 04 28 23    9   8.0  -9  668.54  -60.4  -60.4  -60.3  48 -99
SPO 2026 04 29 00   13   8.1  -9  668.37  -60.2  -60.4  -60.4  47 -99
SPO 2026 04 29 01   11   8.3  -9  668.40  -59.2  -59.4  -59.5  48 -99
SPO 2026 04 29 02    0   8.8  -9  668.36  -58.8  -58.9  -59.0  49 -99
SPO 2026 04 29 03  359   8.6  -9  668.24  -58.3  -58.4  -58.4  50 -99
SPO 2026 04 29 04  356   7.7  -9  668.26  -57.9  -58.0  -57.9  50 -99
SPO 2026 04 29 05  356   7.5  -9  668.21  -58.2  -58.0  -57.7  50 -99
SPO 2026 04 29 06  356   7.3  -9  668.46  -59.4  -58.9  -57.7  49 -99
SPO 2026 04 29 07  359   6.9  -9  669.05  -59.6  -59.0  -57.5  49 -99
SPO 2026 04 29 08    5   7.1  -9  669.41  -60.2  -59.3  -57.7  49 -99
SPO 2026 04 29 09    3   7.1  -9  669.71  -60.7  -59.8  -57.9  48 -99
SPO 2026 04 29 10    0   6.9  -9  670.03  -61.0  -60.3  -58.4  48 -99
SPO 2026 04 29 11  358   7.1  -9  670.24  -60.6  -60.2  -58.8  47 -99
SPO 2026 04 29 12  354   7.7  -9  670.61  -59.9  -59.7  -58.7  48 -99
SPO 2026 04 29 13  353   8.0  -9  671.00  -59.4  -59.4  -58.7  48 -99
SPO 2026 04 29 14  354   8.0  -9  671.14  -59.1  -59.1  -58.6  49 -99
SPO 2026 04 29 15  354   7.7  -9  671.58  -59.2  -59.1  -58.0  49 -99
SPO 2026 04 29 16  352   8.3  -9  672.09  -58.4  -58.5  -57.8  49 -99
SPO 2026 04 29 17  352   8.4  -9  672.40  -57.2  -57.4  -57.2  50 -99
SPO 2026 04 29 18  348   8.7  -9  672.43  -55.7  -56.0  -55.7  50 -99
SPO 2026 04 29 19  343   8.6  -9  672.70  -54.2  -54.4  -54.2  51 -99
SPO 2026 04 29 20  339   8.7  -9  672.80  -52.8  -53.0  -52.8  52 -99
SPO 2026 04 29 21  334   8.3  -9  672.94  -51.1  -51.3  -50.9  53 -99
SPO 2026 04 29 22  332   7.2  -9  673.45  -49.8  -49.9  -49.7  54 -99
SPO 2026 04 29 23  330   8.1  -9  673.76  -49.1  -49.1  -49.0  55 -99
SPO 2026 04 30 00  334   8.5  -9  673.89  -49.5  -49.5  -49.5  55 -99
SPO 2026 04 30 01  326   7.5  -9  674.35  -49.6  -49.6  -49.6  55 -99
SPO 2026 04 30 02  339   7.5  -9  674.44  -49.8  -49.9  -49.7  55 -99
SPO 2026 04 30 03  348   8.8  -9  674.21  -50.6  -50.7  -50.5  55 -99
SPO 2026 04 30 04  351   7.7  -9  674.57  -51.2  -51.2  -51.2  54 -99
SPO 2026 04 30 05  352   8.3  -9  674.71  -51.1  -51.2  -51.2  54 -99
SPO 2026 04 30 06  347   8.7  -9  674.78  -50.7  -50.8  -50.7  54 -99
SPO 2026 04 30 07  347   8.6  -9  674.66  -50.0  -50.2  -50.1  55 -99
SPO 2026 04 30 08  350   8.5  -9  674.52  -49.7  -49.7  -49.7  55 -99
SPO 2026 04 30 09  344   7.4  -9  674.76  -49.7  -49.6  -49.4  55 -99
SPO 2026 04 30 10  347   6.9  -9  674.75  -50.2  -50.1  -49.8  55 -99
SPO 2026 04 30 11  350   5.9  -9  674.70  -50.0  -50.1  -50.0  55 -99
SPO 2026 04 30 12  349   8.2  -9  674.54  -49.8  -49.9  -49.8  55 -99
SPO 2026 04 30 13  349   8.6  -9  674.57  -49.9  -49.9  -50.0  55 -99
SPO 2026 04 30 14  352   7.9  -9  674.83  -50.2  -50.3  -50.4  55 -99
SPO 2026 04 30 15  354   8.1  -9  674.87  -50.4  -50.6  -50.7  55 -99
SPO 2026 04 30 16  355   8.1  -9  674.74  -50.9  -51.0  -51.1  55 -99
SPO 2026 04 30 17  357   7.3  -9  674.88  -51.4  -51.5  -51.7  55 -99
SPO 2026 04 30 18  360   9.4  -9  674.70  -52.1  -52.3  -52.4  54 -99
SPO 2026 04 30 19  358   9.2  -9  675.08  -52.5  -52.7  -52.9  54 -99
SPO 2026 04 30 20    3   8.5  -9  675.34  -52.3  -52.6  -52.7  54 -99
SPO 2026 04 30 21  359   8.6  -9  675.46  -52.2  -52.4  -52.6  54 -99
SPO 2026 04 30 22  358   8.8  -9  675.55  -52.3  -52.5  -52.7  54 -99
SPO 2026 04 30 23    3   8.6  -9  675.56  -52.3  -52.4  -52.5  54 -99
SPO 2026 05 01 00    6   8.9  -9  675.61  -52.2  -52.3  -52.3  54 -99
SPO 2026 05 01 01    6   9.2  -9  675.50  -52.0  -52.0  -52.1  54 -99
SPO 2026 05 01 02    8   9.3  -9  675.57  -52.3  -52.3  -52.3  54 -99
SPO 2026 05 01 03    4   9.2  -9  675.58  -52.6  -52.6  -52.6  54 -99
SPO 2026 05 01 04   14   8.5  -9  675.60  -52.8  -53.0  -53.1  53 -99
SPO 2026 05 01 05   21   8.1  -9  675.63  -53.1  -53.3  -53.4  52 -99
SPO 2026 05 01 06   23   8.4  -9  675.73  -53.0  -53.3  -53.3  51 -99
SPO 2026 05 01 07   20   8.7  -9  675.84  -52.7  -53.1  -53.2  52 -99
SPO 2026 05 01 08   21   8.7  -9  676.05  -52.4  -52.7  -52.8  52 -99
SPO 2026 05 01 09   18   8.7  -9  676.02  -52.2  -52.5  -52.6  52 -99
SPO 2026 05 01 10   17   8.8  -9  675.92  -52.1  -52.4  -52.5  53 -99
SPO 2026 05 01 11   25   7.0  -9  676.25  -52.2  -52.3  -52.4  53 -99
SPO 2026 05 01 12   19   7.1  -9  676.42  -52.4  -52.6  -52.6  52 -99
SPO 2026 05 01 13   14   7.8  -9  676.41  -52.3  -52.5  -52.5  53 -99
SPO 2026 05 01 14   11   7.5  -9  676.54  -52.1  -52.2  -52.3  53 -99
SPO 2026 05 01 15    1   8.3  -9  676.63  -52.0  -52.1  -52.1  54 -99
SPO 2026 05 01 16    0   9.1  -9  676.61  -52.0  -52.0  -52.1  54 -99
SPO 2026 05 01 17    1   9.7  -9  676.80  -52.0  -52.0  -52.1  54 -99
SPO 2026 05 01 18    2   9.9  -9  677.12  -52.3  -52.3  -52.4  54 -99
SPO 2026 05 01 19    2  10.1  -9  677.40  -53.0  -52.9  -53.1  54 -99
SPO 2026 05 01 20    1  10.5  -9  677.64  -53.4  -53.4  -53.5  53 -99
SPO 2026 05 01 21    3   7.6  -9  678.38  -53.4  -53.4  -53.4  53 -99
SPO 2026 05 01 22    4   8.2  -9  678.69  -53.7  -53.6  -53.5  53 -99
SPO 2026 05 01 23    1   9.5  -9  678.67  -53.2  -53.3  -53.3  53 -99
SPO 2026 05 02 00    2   7.6  -9  679.34  -53.2  -53.3  -53.4  53 -99
SPO 2026 05 02 01    3   6.9  -9  679.84  -53.8  -53.8  -53.8  53 -99
SPO 2026 05 02 02    6   5.9  -9  680.10  -54.2  -54.1  -54.0  53 -99
SPO 2026 05 02 03   11   5.1  -9  680.37  -54.8  -54.6  -54.4  52 -99
SPO 2026 05 02 04   11   6.2  -9  680.75  -55.0  -55.0  -54.7  52 -99
SPO 2026 05 02 05    5   7.1  -9  681.03  -55.1  -54.9  -54.6  52 -99
SPO 2026 05 02 06    0   8.4  -9  681.18  -54.8  -54.6  -54.5  52 -99
SPO 2026 05 02 07  359   8.7  -9  681.42  -55.5  -55.2  -55.1  52 -99
SPO 2026 05 02 08    7   6.9  -9  682.18  -55.8  -55.7  -55.4  51 -99
SPO 2026 05 02 09   15   5.0  -9  683.01  -55.6  -55.8  -55.7  51 -99
SPO 2026 05 02 10   13   6.0  -9  683.08  -56.2  -56.2  -56.1  51 -99
SPO 2026 05 02 11    9   6.6  -9  683.49  -56.6  -56.7  -56.4  51 -99
SPO 2026 05 02 12   12   6.3  -9  684.01  -56.2  -56.3  -56.3  50 -99
SPO 2026 05 02 13   11   6.3  -9  684.31  -56.0  -56.1  -55.9  51 -99
SPO 2026 05 02 14   23   4.7  -9  684.78  -55.9  -55.9  -55.9  49 -99
SPO 2026 05 02 15   27   4.2  -9  685.23  -55.9  -55.9  -55.7  50 -99
SPO 2026 05 02 16   17   5.0  -9  685.60  -56.0  -56.1  -55.8  50 -99
SPO 2026 05 02 17   20   5.4  -9  685.84  -56.0  -56.0  -55.6  49 -99
SPO 2026 05 02 18   22   4.0  -9  686.18  -56.1  -55.9  -55.5  50 -99
SPO 2026 05 02 19   36   4.8  -9  686.70  -56.5  -55.8  -55.1  50 -99
SPO 2026 05 02 20   28   4.9  -9  687.13  -56.5  -55.9  -54.7  49 -99
SPO 2026 05 02 21   36   3.5  -9  687.70  -57.8  -56.8  -54.3  50 -99
SPO 2026 05 02 22   37   3.2  -9  688.11  -57.3  -56.3  -54.2  50 -99
SPO 2026 05 02 23   32   3.5  -9  688.45  -56.7  -55.5  -53.5  48 -99
SPO 2026 05 03 00   30   3.8  -9  688.63  -55.4  -54.7  -52.9  50 -99
SPO 2026 05 03 01   30   3.8  -9  688.79  -54.7  -54.1  -52.2  49 -99
SPO 2026 05 03 02   34   3.5  -9  689.08  -53.7  -53.1  -51.2  50 -99
SPO 2026 05 03 03   55   2.0  -9  689.45  -54.1  -53.2  -50.9  53 -99
SPO 2026 05 03 04   79   2.8  -9  689.58  -55.5  -54.4  -50.5  51 -99
SPO 2026 05 03 05   76   3.1  -9  689.69  -55.1  -54.3  -50.2  51 -99
SPO 2026 05 03 06   69   3.4  -9  689.96  -55.3  -53.5  -48.6  51 -99
SPO 2026 05 03 07   94   3.1  -9  690.68  -57.2  -54.1  -50.9  51 -99
SPO 2026 05 03 08   81   3.8  -9  690.89  -56.5  -53.2  -49.6  49 -99
SPO 2026 05 03 09   53   4.7  -9  690.73  -54.5  -52.3  -44.0  50 -99
SPO 2026 05 03 10   34   3.6  -9  690.69  -54.0  -50.6  -44.8  51 -99
SPO 2026 05 03 11   27   3.8  -9  690.61  -54.4  -51.9  -47.2  50 -99
SPO 2026 05 03 12   42   3.1  -9  690.55  -56.4  -52.9  -47.9  52 -99
SPO 2026 05 03 13   56   3.3  -9  690.83  -58.4  -54.4  -47.8  49 -99
SPO 2026 05 03 14   39   4.3  -9  690.84  -57.3  -53.3  -46.2  47 -99
SPO 2026 05 03 15   35   4.5  -9  690.85  -54.9  -51.4  -45.2  50 -99
SPO 2026 05 03 16   44   4.2  -9  690.98  -56.0  -52.9  -45.4  50 -99
SPO 2026 05 03 17   38   4.2  -9  690.86  -55.7  -52.8  -45.7  49 -99
SPO 2026 05 03 18   26   5.0  -9  690.58  -53.8  -52.1  -46.5  50 -99
SPO 2026 05 03 19   18   5.4  -9  690.54  -53.9  -52.8  -48.2  51 -99
SPO 2026 05 03 20   25   4.4  -9  690.73  -53.8  -52.7  -49.7  51 -99
SPO 2026 05 03 21   31   4.3  -9  690.75  -54.1  -52.7  -49.9  51 -99
SPO 2026 05 03 22   32   4.0  -9  690.78  -54.6  -52.6  -48.2  51 -99
SPO 2026 05 03 23   28   4.9  -9  690.78  -54.7  -52.2  -47.9  49 -99
SPO 2026 05 04 00   56   2.9  -9  690.95  -58.6  -54.6  -46.6  52 -99
SPO 2026 05 04 01   49   3.7  -9  690.94  -59.1  -55.4  -47.4  46 -99
SPO 2026 05 04 02   67   2.5  -9  691.25  -59.5  -55.0  -47.9  50 -99
SPO 2026 05 04 03   62   4.2  -9  691.04  -59.5  -56.1  -46.4  47 -99
SPO 2026 05 04 04   52   3.9  -9  690.74  -58.5  -54.8  -45.7  50 -99
SPO 2026 05 04 05   51   3.6  -9  690.50  -60.0  -53.8  -42.8  46 -99
SPO 2026 05 04 06   64   2.0  -9  690.77  -61.2  -52.8  -43.8  49 -99
SPO 2026 05 04 07   99   3.3  -9  691.02  -62.4  -55.7  -44.3  47 -99
SPO 2026 05 04 08   92   4.0  -9  690.93  -60.7  -53.2  -40.5  45 -99
SPO 2026 05 04 09   70   5.4  -9  690.75  -58.1  -50.2  -39.4  48 -99
SPO 2026 05 04 10   82   4.6  -9  690.53  -58.4  -54.4  -43.2  51 -99
SPO 2026 05 04 11  100   4.9  -9  690.27  -61.5  -55.9  -47.5  46 -99
SPO 2026 05 04 12  104   5.0  -9  690.19  -59.6  -54.0  -46.6  46 -99
SPO 2026 05 04 13  107   3.8  -9  690.01  -60.4  -55.0  -47.0  49 -99
SPO 2026 05 04 14  112   4.8  -9  689.77  -59.2  -54.5  -48.1  47 -99
SPO 2026 05 04 15  120   5.5  -9  689.55  -60.5  -56.8  -49.2  48 -99
SPO 2026 05 04 16  117   5.5  -9  689.27  -59.0  -55.1  -50.1  47 -99
SPO 2026 05 04 17  108   5.2  -9  688.72  -55.5  -52.3  -49.6  48 -99
SPO 2026 05 04 18  113   5.1  -9  688.36  -53.7  -51.0  -48.4  52 -99
SPO 2026 05 04 19  117   5.5  -9  688.02  -53.2  -50.4  -47.6  52 -99
SPO 2026 05 04 20  111   6.1  -9  687.45  -52.2  -50.2  -48.5  52 -99
SPO 2026 05 04 21  113   5.9  -9  687.04  -52.7  -51.4  -49.9  53 -99
SPO 2026 05 04 22   94   5.5  -9  686.82  -54.5  -53.5  -52.1  52 -99
SPO 2026 05 04 23   97   6.1  -9  686.65  -55.3  -54.3  -52.6  51 -99
SPO 2026 05 05 00  104   6.3  -9  686.49  -56.4  -55.3  -53.9  51 -99
SPO 2026 05 05 01  105   5.9  -9  686.24  -57.2  -55.8  -54.2  50 -99
SPO 2026 05 05 02  104   6.1  -9  686.00  -57.5  -56.2  -54.9  49 -99
SPO 2026 05 05 03  102   4.4  -9  685.76  -58.2  -57.5  -56.0  49 -99
SPO 2026 05 05 04  110   4.2  -9  685.75  -58.6  -57.3  -56.6  49 -99
SPO 2026 05 05 05   90   6.0  -9  685.29  -59.2  -58.2  -56.9  48 -99
SPO 2026 05 05 06   87   6.2  -9  685.08  -58.9  -58.3  -57.1  48 -99
SPO 2026 05 05 07  107   6.0  -9  685.00  -58.9  -58.0  -57.0  49 -99
SPO 2026 05 05 08  119   5.9  -9  684.94  -59.7  -58.6  -57.5  48 -99
SPO 2026 05 05 09  113   5.8  -9  684.84  -60.1  -58.7  -57.3  48 -99
SPO 2026 05 05 10  113   5.8  -9  684.61  -60.3  -58.7  -57.1  48 -99
SPO 2026 05 05 11   96   5.6  -9  684.18  -60.4  -59.1  -57.3  47 -99
SPO 2026 05 05 12   87   6.1  -9  683.80  -59.9  -59.0  -57.2  47 -99
SPO 2026 05 05 13   92   4.7  -9  683.58  -60.2  -59.3  -58.2  48 -99
SPO 2026 05 05 14  114   4.7  -9  683.67  -61.5  -59.3  -58.0  47 -99
SPO 2026 05 05 15  104   5.9  -9  683.15  -61.4  -59.2  -56.9  46 -99
SPO 2026 05 05 16   96   5.1  -9  682.85  -60.6  -59.1  -57.5  47 -99
SPO 2026 05 05 17  109   4.6  -9  682.44  -61.7  -59.2  -57.5  47 -99
SPO 2026 05 05 18  123   3.8  -9  682.20  -60.8  -58.6  -57.4  47 -99
SPO 2026 05 05 19  115   4.1  -9  681.99  -61.3  -58.9  -57.0  47 -99
SPO 2026 05 05 20  109   5.6  -9  681.72  -59.8  -58.2  -56.5  47 -99
SPO 2026 05 05 21  112   6.7  -9  681.51  -58.9  -57.6  -55.1  48 -99
SPO 2026 05 05 22  101   6.5  -9  681.15  -57.9  -57.0  -55.4  49 -99
SPO 2026 05 05 23  106   4.7  -9  681.00  -58.3  -57.1  -55.8  50 -99
SPO 2026 05 06 00  113   5.7  -9  680.96  -59.7  -58.1  -56.0  48 -99
SPO 2026 05 06 01  107   3.3  -9  680.98  -59.6  -58.9  -57.8  48 -99
SPO 2026 05 06 02  108   3.8  -9  681.02  -60.2  -59.3  -58.6  48 -99
SPO 2026 05 06 03   98   4.0  -9  680.92  -60.9  -60.0  -59.0  47 -99
SPO 2026 05 06 04   89   4.0  -9  680.81  -60.7  -60.0  -59.3  47 -99
SPO 2026 05 06 05  101   3.4  -9  680.93  -61.3  -60.1  -59.5  47 -99
SPO 2026 05 06 06  115   4.8  -9  681.11  -62.4  -60.9  -59.7  46 -99
SPO 2026 05 06 07   98   4.5  -9  681.07  -61.9  -61.2  -60.1  46 -99
SPO 2026 05 06 08   86   4.9  -9  680.80  -62.0  -61.2  -60.3  46 -99
SPO 2026 05 06 09   91   4.2  -9  680.82  -62.5  -61.8  -61.1  46 -99
SPO 2026 05 06 10  101   4.4  -9  680.62  -63.6  -62.7  -61.6  46 -99
SPO 2026 05 06 11  118   5.3  -9  680.92  -63.5  -62.5  -61.0  46 -99
SPO 2026 05 06 12  118   4.4  -9  680.84  -64.0  -62.6  -61.5  45 -99
SPO 2026 05 06 13  120   5.1  -9  680.95  -64.0  -63.2  -61.2  45 -99
SPO 2026 05 06 14   93   4.6  -9  680.49  -63.5  -62.8  -61.5  45 -99
SPO 2026 05 06 15  124   4.1  -9  680.86  -64.1  -62.9  -61.7  46 -99
SPO 2026 05 06 16  125   5.0  -9  681.00  -64.8  -63.6  -61.4  45 -99
SPO 2026 05 06 17  110   4.4  -9  681.15  -64.4  -63.6  -61.5  45 -99
SPO 2026 05 06 18   99   4.5  -9  681.02  -64.4  -63.2  -61.2  45 -99
SPO 2026 05 06 19   98   4.0  -9  680.90  -64.7  -63.1  -60.5  45 -99
SPO 2026 05 06 20  101   4.1  -9  681.07  -64.6  -62.5  -60.0  44 -99
SPO 2026 05 06 21   92   4.2  -9  681.14  -64.0  -61.7  -58.7  45 -99
SPO 2026 05 06 22  102   3.4  -9  681.18  -64.1  -61.7  -59.3  45 -99
SPO 2026 05 06 23  100   3.3  -9  681.26  -63.0  -61.2  -58.3  45 -99
SPO 2026 05 07 00  105   3.3  -9  681.39  -62.0  -60.7  -58.2  46 -99
SPO 2026 05 07 01   74   3.4  -9  681.07  -60.6  -60.1  -57.1  46 -99
SPO 2026 05 07 02   90   2.0  -9  681.20  -59.8  -59.7  -57.8  48 -99
SPO 2026 05 07 03   81   2.4  -9  681.09  -58.6  -58.7  -57.4  48 -99
SPO 2026 05 07 04   74   2.1  -9  680.89  -57.9  -58.0  -56.4  49 -99
SPO 2026 05 07 05   71   1.7  -9  680.92  -57.0  -57.1  -56.3  49 -99
SPO 2026 05 07 06   86   1.3  -9  680.91  -56.7  -56.7  -56.5  50 -99
SPO 2026 05 07 07   67   1.9  -9  680.84  -56.9  -56.8  -55.2  49 -99
SPO 2026 05 07 08   73   1.6  -9  680.78  -56.0  -56.2  -55.4  50 -99
SPO 2026 05 07 09   66   1.4  -9  680.73  -55.1  -55.4  -54.9  50 -99
SPO 2026 05 07 10   65   1.1  -9  680.44  -54.4  -54.6  -54.1  51 -99
SPO 2026 05 07 11   45   1.3  -9  680.38  -54.4  -54.2  -52.8  51 -99
SPO 2026 05 07 12   46   1.4  -9  680.25  -52.9  -52.8  -51.8  52 -99
SPO 2026 05 07 13   51   0.8  -9  680.28  -52.3  -52.4  -51.2  53 -99
SPO 2026 05 07 14   64   0.6  -9  680.07  -51.9  -52.0  -50.2  53 -99
SPO 2026 05 07 15   45   0.5  -9  680.03  -51.4  -51.3  -50.0  53 -99
SPO 2026 05 07 16   82   1.2  -9  680.02  -52.1  -51.8  -49.3  54 -99
SPO 2026 05 07 17   26   1.8  -9  679.87  -53.3  -50.4  -47.3  52 -99
SPO 2026 05 07 18   22   1.9  -9  679.76  -53.4  -49.7  -46.0  51 -99
SPO 2026 05 07 19   17   1.8  -9  679.70  -54.1  -48.9  -45.2  52 -99
SPO 2026 05 07 20   11   2.3  -9  679.67  -55.4  -48.8  -44.8  49 -99
SPO 2026 05 07 21   13   2.5  -9  679.72  -56.7  -49.1  -45.4  50 -99
SPO 2026 05 07 22   29   1.8  -9  679.81  -57.3  -50.1  -44.8  49 -99
SPO 2026 05 07 23    7   2.3  -9  679.70  -56.6  -48.9  -43.8  47 -99
SPO 2026 05 08 00  347   1.8  -9  679.82  -53.4  -48.8  -43.5  50 -99
SPO 2026 05 08 01  334   2.3  -9  679.79  -53.5  -46.6  -43.1  51 -99
SPO 2026 05 08 02  346   2.4  -9  679.81  -53.0  -46.6  -43.2  53 -99
SPO 2026 05 08 03  341   2.6  -9  679.91  -53.2  -46.6  -42.8  53 -99
SPO 2026 05 08 04    5   1.8  -9  680.20  -54.9  -49.2  -44.2  51 -99
SPO 2026 05 08 05  329   1.7  -9  680.26  -54.0  -48.9  -44.7  51 -99
SPO 2026 05 08 06  336   1.7  -9  680.33  -54.8  -49.4  -43.7  50 -99
SPO 2026 05 08 07  339   2.7  -9  680.38  -54.3  -48.9  -42.3  51 -99
SPO 2026 05 08 08   13   2.3  -9  680.74  -57.2  -50.4  -45.5  51 -99
SPO 2026 05 08 09  356   3.6  -9  680.81  -55.2  -49.3  -44.6  48 -99
SPO 2026 05 08 10  354   5.5  -9  680.82  -54.4  -49.6  -44.3  52 -99
SPO 2026 05 08 11  355   6.5  -9  680.88  -54.1  -50.7  -42.5  51 -99
SPO 2026 05 08 12  352   6.5  -9  680.85  -54.2  -51.3  -43.7  52 -99
SPO 2026 05 08 13  355   6.9  -9  680.72  -54.2  -51.6  -45.2  52 -99
SPO 2026 05 08 14  351   6.7  -9  680.72  -54.0  -51.7  -46.3  52 -99
SPO 2026 05 08 15  355   6.5  -9  680.62  -52.3  -51.6  -46.4  52 -99
SPO 2026 05 08 16  349   6.4  -9  680.89  -50.2  -50.0  -47.7  54 -99
SPO 2026 05 08 17  343   7.7  -9  680.79  -47.7  -47.8  -46.6  55 -99
SPO 2026 05 08 18  341   8.0  -9  680.31  -46.5  -46.5  -45.2  56 -99
SPO 2026 05 08 19  332   8.5  -9  680.11  -43.7  -43.8  -43.3  58 -99
SPO 2026 05 08 20  336   8.4  -9  680.04  -43.0  -43.0  -42.9  59 -99
SPO 2026 05 08 21  334   8.3  -9  680.10  -42.7  -42.7  -42.6  59 -99
SPO 2026 05 08 22  329   9.0  -9  680.05  -42.1  -42.1  -42.0  59 -99
SPO 2026 05 08 23  320   8.6  -9  679.97  -41.4  -41.4  -41.4  60 -99
SPO 2026 05 09 00  314   8.5  -9  680.23  -41.4  -41.4  -41.5  60 -99
SPO 2026 05 09 01  324   7.0  -9  680.46  -41.7  -41.5  -41.5  60 -99
SPO 2026 05 09 02  326   6.7  -9  680.61  -42.0  -41.7  -41.6  60 -99
SPO 2026 05 09 03  328   6.3  -9  680.61  -42.5  -42.1  -41.9  59 -99
SPO 2026 05 09 04  330   6.5  -9  680.87  -42.1  -42.0  -41.9  60 -99
SPO 2026 05 09 05  325   6.7  -9  681.30  -42.1  -42.0  -41.9  60 -99
SPO 2026 05 09 06  318   6.7  -9  681.63  -42.3  -42.2  -42.1  59 -99
SPO 2026 05 09 07  328   6.2  -9  682.13  -42.8  -42.7  -42.7  60 -99
SPO 2026 05 09 08  333   6.5  -9  682.78  -43.9  -43.6  -43.4  59 -99
SPO 2026 05 09 09  347   7.3  -9  682.75  -45.3  -45.0  -44.5  58 -99
SPO 2026 05 09 10  347   8.2  -9  683.08  -45.4  -45.4  -44.9  58 -99
SPO 2026 05 09 11  355   8.4  -9  683.52  -45.1  -45.1  -45.0  58 -99
SPO 2026 05 09 12  346   9.0  -9  683.90  -44.5  -44.5  -44.5  58 -99
SPO 2026 05 09 13  346   8.2  -9  684.38  -44.5  -44.3  -44.2  59 -99
SPO 2026 05 09 14  346   7.8  -9  684.59  -44.8  -44.6  -44.4  58 -99
SPO 2026 05 09 15  343   7.9  -9  684.84  -44.6  -44.4  -44.1  59 -99
SPO 2026 05 09 16  350   8.0  -9  685.16  -45.7  -45.5  -45.2  58 -99
SPO 2026 05 09 17  353   7.7  -9  685.94  -46.5  -46.2  -45.6  58 -99
SPO 2026 05 09 18  359   7.0  -9  686.59  -47.3  -47.3  -47.3  58 -99
SPO 2026 05 09 19  349   8.3  -9  686.95  -48.0  -48.0  -48.1  57 -99
SPO 2026 05 09 20  346   8.7  -9  687.11  -48.2  -48.2  -48.1  57 -99
SPO 2026 05 09 21  345   7.9  -9  687.52  -48.6  -48.4  -48.0  56 -99
SPO 2026 05 09 22  354   6.6  -9  688.10  -49.4  -49.1  -48.2  56 -99
SPO 2026 05 09 23  354   7.1  -9  688.59  -49.6  -49.3  -48.6  56 -99
SPO 2026 05 10 00    2   6.2  -9  689.04  -50.5  -50.4  -50.1  55 -99
SPO 2026 05 10 01  353   7.5  -9  689.06  -49.2  -49.4  -49.4  56 -99
SPO 2026 05 10 02  355   7.3  -9  689.14  -48.9  -48.9  -49.0  56 -99
SPO 2026 05 10 03  360   7.6  -9  689.32  -49.4  -49.4  -49.4  56 -99
SPO 2026 05 10 04  356   8.4  -9  689.29  -50.4  -50.3  -50.3  56 -99
SPO 2026 05 10 05  359   8.4  -9  689.41  -51.1  -51.0  -50.9  55 -99
SPO 2026 05 10 06  358   9.0  -9  689.52  -51.4  -51.2  -50.9  55 -99
SPO 2026 05 10 07  357   8.4  -9  689.64  -52.3  -51.8  -50.8  54 -99
SPO 2026 05 10 08  356   7.5  -9  689.83  -52.7  -52.3  -51.4  53 -99
SPO 2026 05 10 09  358   7.4  -9  690.03  -52.2  -52.1  -51.6  54 -99
SPO 2026 05 10 10  357   8.3  -9  690.09  -51.9  -51.8  -51.4  54 -99
SPO 2026 05 10 11  360   8.3  -9  690.16  -51.2  -51.3  -51.0  54 -99
SPO 2026 05 10 12  358   8.1  -9  690.13  -50.6  -50.6  -50.4  55 -99
SPO 2026 05 10 13    1   7.2  -9  690.25  -49.8  -49.8  -49.5  55 -99
SPO 2026 05 10 14  359   7.5  -9  690.21  -48.6  -48.6  -48.5  56 -99
SPO 2026 05 10 15    2   7.3  -9  690.23  -48.5  -48.5  -48.4  57 -99
SPO 2026 05 10 16   10   7.0  -9  690.17  -48.9  -48.9  -48.8  57 -99
SPO 2026 05 10 17   12   6.8  -9  690.13  -49.5  -49.4  -49.3  56 -99
SPO 2026 05 10 18   11   7.4  -9  690.07  -50.2  -49.7  -48.9  56 -99
SPO 2026 05 10 19   12   7.5  -9  690.10  -51.0  -50.7  -49.4  55 -99
SPO 2026 05 10 20    8   8.5  -9  690.03  -51.3  -51.0  -49.9  55 -99
SPO 2026 05 10 21    7   8.3  -9  689.86  -51.0  -50.7  -49.3  55 -99
SPO 2026 05 10 22    9   7.9  -9  689.66  -51.6  -51.1  -49.6  55 -99
SPO 2026 05 10 23   12   8.0  -9  689.38  -52.9  -52.4  -50.6  54 -99
SPO 2026 05 11 00   16   7.9  -9  689.02  -52.5  -51.9  -49.5  52 -99
SPO 2026 05 11 01   10   9.1  -9  688.55  -53.0  -52.3  -49.6  53 -99
SPO 2026 05 11 02   11   8.4  -9  688.17  -53.0  -52.5  -49.6  53 -99
SPO 2026 05 11 03   16   8.5  -9  687.74  -52.5  -51.9  -48.6  52 -99
SPO 2026 05 11 04   21   7.5  -9  687.45  -52.6  -52.0  -49.3  52 -99
SPO 2026 05 11 05   27   6.7  -9  687.10  -53.5  -52.7  -50.7  51 -99
SPO 2026 05 11 06   30   6.3  -9  686.69  -53.3  -52.5  -50.7  51 -99
SPO 2026 05 11 07   33   6.3  -9  686.33  -53.2  -52.4  -51.0  51 -99
SPO 2026 05 11 08   36   6.2  -9  685.79  -53.3  -52.3  -50.8  52 -99
SPO 2026 05 11 09   38   7.1  -9  685.50  -53.6  -52.7  -51.4  52 -99
SPO 2026 05 11 10   42   7.0  -9  685.17  -54.2  -53.5  -52.2  52 -99
SPO 2026 05 11 11   42   6.6  -9  684.90  -55.4  -54.8  -53.8  51 -99
SPO 2026 05 11 12   58   4.4  -9  684.61  -57.7  -56.5  -55.0  51 -99
SPO 2026 05 11 13   52   5.5  -9  684.11  -58.9  -57.8  -55.2  48 -99
SPO 2026 05 11 14   62   4.1  -9  683.82  -58.8  -57.9  -56.4  50 -99
SPO 2026 05 11 15   70   4.7  -9  683.54  -61.0  -60.1  -56.8  47 -99
SPO 2026 05 11 16   51   6.9  -9  682.92  -59.0  -58.3  -56.1  47 -99
SPO 2026 05 11 17   51   6.1  -9  682.90  -57.8  -57.1  -55.8  49 -99
SPO 2026 05 11 18   84   3.2  -9  683.01  -60.9  -59.0  -56.6  49 -99
SPO 2026 05 11 19   67   4.7  -9  682.80  -61.6  -59.4  -55.8  46 -99
SPO 2026 05 11 20   53   7.0  -9  682.33  -58.6  -57.5  -55.1  48 -99
SPO 2026 05 11 21   59   5.8  -9  682.37  -58.1  -57.3  -56.2  49 -99
SPO 2026 05 11 22   59   5.5  -9  682.02  -59.7  -58.5  -56.4  48 -99
SPO 2026 05 11 23   61   6.3  -9  681.77  -59.0  -58.3  -56.8  48 -99
SPO 2026 05 12 00   61   6.5  -9  681.57  -58.9  -58.1  -56.5  48 -99
SPO 2026 05 12 01   57   7.1  -9  681.11  -59.2  -58.5  -56.8  48 -99
SPO 2026 05 12 02   59   6.6  -9  680.98  -59.0  -58.4  -57.2  48 -99
SPO 2026 05 12 03   60   5.8  -9  680.85  -59.4  -58.8  -57.6  48 -99
SPO 2026 05 12 04   71   5.1  -9  680.68  -60.3  -59.5  -57.9  48 -99
SPO 2026 05 12 05   65   6.6  -9  680.43  -60.6  -60.0  -57.8  47 -99
SPO 2026 05 12 06   53   6.9  -9  680.44  -59.6  -59.0  -57.8  48 -99
SPO 2026 05 12 07   55   5.4  -9  680.46  -59.0  -58.3  -57.4  48 -99
SPO 2026 05 12 08   75   3.9  -9  680.67  -60.7  -59.7  -57.9  48 -99
SPO 2026 05 12 09   69   4.1  -9  680.80  -61.1  -60.5  -58.0  47 -99
SPO 2026 05 12 10   62   4.0  -9  681.00  -61.3  -60.0  -57.5  47 -99
SPO 2026 05 12 11   54   5.2  -9  680.91  -60.4  -59.1  -57.3  46 -99
SPO 2026 05 12 12   36   7.8  -9  680.88  -57.6  -57.0  -56.3  48 -99
SPO 2026 05 12 13   31   8.3  -9  681.07  -57.2  -56.7  -56.4  49 -99
SPO 2026 05 12 14   30   8.2  -9  681.36  -57.4  -57.0  -56.7  49 -99
SPO 2026 05 12 15   28   7.6  -9  681.83  -58.0  -57.7  -57.4  48 -99
SPO 2026 05 12 16   22   7.8  -9  682.31  -57.9  -57.9  -57.6  47 -99
SPO 2026 05 12 17   22   7.2  -9  682.74  -58.1  -58.1  -58.0  47 -99
SPO 2026 05 12 18   22   7.4  -9  682.95  -58.6  -58.5  -58.2  47 -99
SPO 2026 05 12 19   26   6.4  -9  683.42  -58.6  -58.5  -58.3  47 -99
SPO 2026 05 12 20   15   7.5  -9  683.74  -58.4  -58.4  -58.3  48 -99
SPO 2026 05 12 21   14   7.7  -9  684.22  -58.0  -58.1  -58.1  49 -99
SPO 2026 05 12 22   14   6.9  -9  684.68  -57.6  -57.7  -57.7  49 -99
SPO 2026 05 12 23   20   6.0  -9  685.13  -57.8  -57.8  -57.8  48 -99
SPO 2026 05 13 00   25   6.4  -9  685.35  -58.4  -58.4  -58.2  47 -99
SPO 2026 05 13 01   16   8.3  -9  685.45  -57.7  -57.8  -57.7  48 -99
SPO 2026 05 13 02   12   8.4  -9  685.61  -57.5  -57.4  -57.3  50 -99
SPO 2026 05 13 03   11   8.1  -9  685.82  -57.9  -57.8  -57.2  49 -99
SPO 2026 05 13 04   20   7.8  -9  685.93  -57.3  -57.3  -57.0  48 -99
SPO 2026 05 13 05   19   8.6  -9  685.72  -56.4  -56.5  -56.4  49 -99
SPO 2026 05 13 06   21   7.7  -9  685.96  -55.2  -55.4  -55.4  49 -99
SPO 2026 05 13 07   28   6.7  -9  686.22  -54.9  -54.9  -54.9  50 -99
SPO 2026 05 13 08   24   7.5  -9  686.33  -54.8  -54.9  -54.9  49 -99
SPO 2026 05 13 09   27   7.7  -9  686.39  -54.3  -54.3  -54.4  50 -99
SPO 2026 05 13 10   24   8.1  -9  686.25  -54.1  -54.2  -54.2  50 -99
SPO 2026 05 13 11   29   7.3  -9  686.08  -53.6  -53.5  -53.5  50 -99
SPO 2026 05 13 12   30   7.5  -9  685.97  -52.9  -52.7  -52.6  51 -99
SPO 2026 05 13 13   29   7.4  -9  685.87  -52.1  -52.0  -51.9  52 -99
SPO 2026 05 13 14   29   8.1  -9  685.71  -51.6  -51.5  -51.5  52 -99
SPO 2026 05 13 15   30   8.1  -9  685.54  -51.7  -51.5  -51.4  52 -99
SPO 2026 05 13 16   32   7.4  -9  685.39  -51.8  -51.4  -51.2  52 -99
SPO 2026 05 13 17   28   7.6  -9  685.22  -51.1  -50.8  -50.6  52 -99
SPO 2026 05 13 18   20   8.0  -9  684.87  -50.6  -50.7  -50.4  53 -99
SPO 2026 05 13 19   27   7.6  -9  684.59  -50.7  -50.5  -50.2  52 -99
SPO 2026 05 13 20   39   6.3  -9  684.58  -51.0  -50.6  -50.2  53 -99
SPO 2026 05 13 21   43   6.6  -9  684.33  -51.4  -50.9  -50.4  53 -99
SPO 2026 05 13 22   54   5.5  -9  683.90  -51.8  -51.3  -50.7  53 -99
SPO 2026 05 13 23   63   5.0  -9  683.29  -52.7  -52.0  -51.2  52 -99
SPO 2026 05 14 00   60   4.4  -9  682.67  -53.0  -52.4  -51.5  52 -99
SPO 2026 05 14 01   65   5.0  -9  682.10  -53.8  -52.9  -51.4  52 -99
SPO 2026 05 14 02   72   5.2  -9  681.58  -54.8  -53.6  -51.6  52 -99
SPO 2026 05 14 03   84   4.8  -9  681.09  -56.7  -55.3  -53.2  50 -99
SPO 2026 05 14 04   83   5.2  -9  680.65  -56.8  -55.2  -53.8  49 -99
SPO 2026 05 14 05   93   6.1  -9  680.29  -56.7  -55.3  -54.2  50 -99
SPO 2026 05 14 06   91   6.2  -9  679.99  -57.3  -56.6  -54.8  50 -99
SPO 2026 05 14 07   91   5.5  -9  679.80  -57.7  -56.9  -55.3  49 -99
SPO 2026 05 14 08   94   5.3  -9  679.74  -57.9  -56.8  -55.5  49 -99
SPO 2026 05 14 09   94   5.1  -9  679.60  -58.3  -57.1  -56.0  49 -99
SPO 2026 05 14 10   98   4.9  -9  679.42  -58.5  -57.8  -56.4  49 -99
SPO 2026 05 14 11   96   3.8  -9  679.32  -59.2  -58.4  -57.5  49 -99
SPO 2026 05 14 12   95   4.8  -9  679.47  -60.0  -59.2  -58.1  48 -99
SPO 2026 05 14 13   98   5.1  -9  679.66  -60.4  -59.6  -58.3  47 -99
SPO 2026 05 14 14   98   5.0  -9  679.71  -60.9  -60.0  -58.5  47 -99
SPO 2026 05 14 15  108   4.3  -9  679.81  -61.4  -60.2  -59.0  47 -99
SPO 2026 05 14 16  104   4.7  -9  680.01  -61.8  -60.2  -59.0  47 -99
SPO 2026 05 14 17   88   3.8  -9  680.37  -61.9  -60.7  -59.0  46 -99
SPO 2026 05 14 18   80   4.5  -9  680.68  -62.3  -61.1  -58.1  46 -99
SPO 2026 05 14 19   79   4.0  -9  680.90  -62.5  -61.2  -58.1  46 -99
SPO 2026 05 14 20   74   3.5  -9  681.24  -62.1  -61.2  -57.8  46 -99
SPO 2026 05 14 21   68   3.6  -9  681.63  -61.2  -60.8  -58.1  47 -99
SPO 2026 05 14 22   72   3.8  -9  682.05  -61.7  -61.2  -57.7  47 -99
SPO 2026 05 14 23   68   4.0  -9  682.46  -62.0  -61.3  -58.2  46 -99
SPO 2026 05 15 00   67   3.8  -9  682.71  -62.3  -61.5  -58.8  46 -99
SPO 2026 05 15 01   66   3.4  -9  682.97  -61.8  -61.3  -58.5  46 -99
SPO 2026 05 15 02   70   3.7  -9  683.28  -61.3  -60.9  -58.5  46 -99
SPO 2026 05 15 03   70   3.7  -9  683.40  -60.5  -60.1  -58.1  47 -99
SPO 2026 05 15 04   68   3.4  -9  683.63  -60.9  -60.0  -58.3  47 -99
SPO 2026 05 15 05   78   3.8  -9  684.01  -62.1  -60.3  -58.3  46 -99
SPO 2026 05 15 06   70   4.1  -9  684.14  -62.2  -60.7  -58.1  46 -99
SPO 2026 05 15 07   70   4.1  -9  684.33  -62.2  -60.7  -58.3  46 -99
SPO 2026 05 15 08   71   4.3  -9  684.64  -62.0  -60.8  -58.1  46 -99
SPO 2026 05 15 09   74   4.3  -9  684.59  -62.4  -61.0  -58.1  46 -99
SPO 2026 05 15 10   67   4.0  -9  684.93  -62.3  -61.3  -59.1  45 -99
SPO 2026 05 15 11   61   4.3  -9  685.14  -61.5  -60.6  -58.9  46 -99
SPO 2026 05 15 12   61   4.8  -9  685.24  -61.2  -60.4  -58.8  46 -99
SPO 2026 05 15 13   64   3.9  -9  685.40  -60.9  -60.6  -59.4  47 -99
SPO 2026 05 15 14   69   4.5  -9  685.70  -61.6  -60.8  -58.8  46 -99
SPO 2026 05 15 15   56   4.8  -9  685.73  -60.3  -60.0  -58.5  46 -99
SPO 2026 05 15 16   51   4.7  -9  685.79  -59.7  -59.1  -58.4  48 -99
SPO 2026 05 15 17   49   5.2  -9  685.89  -59.6  -59.0  -58.0  47 -99
SPO 2026 05 15 18   34   6.3  -9  686.24  -58.1  -57.7  -57.3  48 -99
SPO 2026 05 15 19   30   6.5  -9  686.37  -57.7  -57.4  -57.2  48 -99
SPO 2026 05 15 20   44   5.7  -9  686.56  -57.4  -57.0  -56.3  49 -99
SPO 2026 05 15 21   37   6.0  -9  686.88  -57.2  -56.4  -55.4  49 -99
SPO 2026 05 15 22   29   7.4  -9  687.13  -57.6  -56.9  -56.0  48 -99
SPO 2026 05 15 23   30   7.0  -9  687.29  -57.9  -57.3  -56.7  48 -99
SPO 2026 05 16 00   27   6.7  -9  687.45  -57.8  -57.2  -56.6  47 -99
SPO 2026 05 16 01   29   6.6  -9  687.78  -57.9  -57.4  -56.8  47 -99
SPO 2026 05 16 02   29   6.5  -9  687.92  -57.9  -57.4  -56.9  48 -99
SPO 2026 05 16 03   33   5.8  -9  688.44  -58.4  -57.7  -57.2  48 -99
SPO 2026 05 16 04   25   5.8  -9  688.58  -58.0  -57.8  -57.4  47 -99
SPO 2026 05 16 05   24   6.4  -9  688.59  -57.9  -57.7  -56.8  47 -99
SPO 2026 05 16 06   28   5.9  -9  688.78  -57.7  -57.3  -56.8  47 -99
SPO 2026 05 16 07   32   5.4  -9  689.00  -56.9  -56.5  -56.2  49 -99
SPO 2026 05 16 08   38   4.9  -9  689.29  -56.7  -56.3  -55.6  49 -99
SPO 2026 05 16 09   44   5.0  -9  689.31  -56.8  -56.3  -55.3  50 -99
SPO 2026 05 16 10   45   4.9  -9  689.63  -57.3  -56.8  -55.4  49 -99
SPO 2026 05 16 11   39   5.5  -9  689.66  -57.7  -57.0  -55.6  49 -99
SPO 2026 05 16 12   51   4.5  -9  689.91  -57.7  -57.3  -56.3  49 -99
SPO 2026 05 16 13   43   5.2  -9  689.79  -57.6  -57.0  -55.4  49 -99
SPO 2026 05 16 14   46   5.6  -9  689.80  -57.8  -57.0  -54.8  49 -99
SPO 2026 05 16 15   52   5.2  -9  689.80  -58.5  -57.7  -55.4  49 -99
SPO 2026 05 16 16   48   5.8  -9  689.66  -58.8  -58.0  -55.9  48 -99
SPO 2026 05 16 17   46   6.0  -9  689.67  -57.8  -57.2  -55.6  49 -99
SPO 2026 05 16 18   41   6.2  -9  689.54  -56.6  -56.1  -55.1  49 -99
SPO 2026 05 16 19   43   5.5  -9  689.46  -56.7  -56.0  -55.1  50 -99
SPO 2026 05 16 20   41   5.9  -9  689.38  -56.7  -55.9  -54.5  49 -99
SPO 2026 05 16 21   40   5.9  -9  689.24  -55.9  -55.0  -53.3  50 -99
SPO 2026 05 16 22   46   6.1  -9  689.15  -55.7  -54.9  -53.1  50 -99
SPO 2026 05 16 23   40   6.3  -9  688.80  -55.4  -54.6  -52.8  50 -99
SPO 2026 05 17 00   36   6.1  -9  688.64  -54.9  -54.1  -52.8  50 -99
SPO 2026 05 17 01   38   6.2  -9  688.30  -54.4  -53.7  -52.1  51 -99
SPO 2026 05 17 02   34   6.2  -9  687.89  -52.9  -52.1  -50.8  51 -99
SPO 2026 05 17 03   32   5.7  -9  687.57  -52.0  -51.1  -49.4  52 -99
SPO 2026 05 17 04   46   4.2  -9  687.19  -54.2  -53.2  -51.5  52 -99
SPO 2026 05 17 05   59   5.3  -9  686.96  -56.0  -54.9  -52.0  50 -99
SPO 2026 05 17 06   45   5.8  -9  686.56  -54.1  -53.0  -50.5  50 -99
SPO 2026 05 17 07   34   5.7  -9  686.18  -51.8  -50.7  -49.4  52 -99
SPO 2026 05 17 08   31   6.4  -9  685.84  -51.8  -51.1  -49.9  52 -99
SPO 2026 05 17 09   41   5.4  -9  685.51  -50.7  -50.2  -49.5  53 -99
SPO 2026 05 17 10   38   5.3  -9  685.21  -50.2  -49.5  -48.7  54 -99
SPO 2026 05 17 11   33   6.3  -9  684.87  -49.4  -49.0  -48.4  54 -99
SPO 2026 05 17 12   22   6.3  -9  684.42  -49.4  -49.3  -48.7  53 -99
SPO 2026 05 17 13   32   6.0  -9  684.11  -50.4  -49.8  -49.4  53 -99
SPO 2026 05 17 14   38   5.5  -9  683.84  -51.6  -50.8  -49.9  53 -99
SPO 2026 05 17 15   36   5.3  -9  683.54  -52.3  -51.3  -50.4  52 -99
SPO 2026 05 17 16   31   6.1  -9  683.19  -52.0  -51.3  -50.8  52 -99
SPO 2026 05 17 17   22   7.1  -9  682.94  -50.8  -50.7  -50.1  52 -99
SPO 2026 05 17 18   23   6.9  -9  682.73  -50.4  -50.4  -50.0  52 -99
SPO 2026 05 17 19   24   6.7  -9  682.44  -50.2  -50.2  -49.5  52 -99
SPO 2026 05 17 20   21   7.0  -9  682.27  -51.0  -50.9  -50.2  52 -99
SPO 2026 05 17 21   21   6.7  -9  681.94  -50.4  -50.4  -49.9  52 -99
SPO 2026 05 17 22   31   6.0  -9  681.77  -50.4  -50.0  -49.6  53 -99
SPO 2026 05 17 23   34   6.0  -9  681.67  -51.7  -51.1  -50.5  53 -99
SPO 2026 05 18 00   32   6.5  -9  681.47  -51.6  -51.2  -50.8  52 -99
SPO 2026 05 18 01   35   5.9  -9  681.24  -52.3  -51.6  -51.0  52 -99
SPO 2026 05 18 02   34   5.9  -9  680.99  -52.0  -51.3  -50.8  52 -99
SPO 2026 05 18 03   38   5.7  -9  680.76  -52.1  -51.6  -51.0  53 -99
SPO 2026 05 18 04   37   5.6  -9  680.51  -52.8  -52.2  -51.2  52 -99
SPO 2026 05 18 05   40   5.7  -9  680.32  -52.9  -52.3  -51.5  52 -99
SPO 2026 05 18 06   40   5.7  -9  680.33  -53.9  -53.0  -51.5  52 -99
SPO 2026 05 18 07   41   5.3  -9  680.30  -54.0  -53.3  -52.2  51 -99
SPO 2026 05 18 08   39   5.3  -9  680.14  -53.6  -52.9  -52.0  52 -99
SPO 2026 05 18 09   39   6.2  -9  679.91  -53.1  -52.5  -51.6  52 -99
SPO 2026 05 18 10   38   6.3  -9  679.81  -54.0  -53.2  -51.7  52 -99
SPO 2026 05 18 11   39   6.1  -9  679.82  -53.9  -53.0  -51.6  51 -99
SPO 2026 05 18 12   40   6.1  -9  679.73  -53.1  -52.3  -51.2  52 -99
SPO 2026 05 18 13   29   6.9  -9  679.55  -53.1  -52.4  -51.7  51 -99
SPO 2026 05 18 14   28   7.0  -9  679.33  -52.9  -52.5  -52.0  51 -99
SPO 2026 05 18 15   19   7.6  -9  679.20  -52.7  -52.7  -52.4  51 -99
SPO 2026 05 18 16   18   7.4  -9  679.07  -52.6  -52.8  -52.6  51 -99
SPO 2026 05 18 17   16   6.9  -9  679.08  -52.5  -52.6  -52.5  52 -99
SPO 2026 05 18 18   34   5.2  -9  679.16  -53.4  -53.0  -52.8  52 -99
SPO 2026 05 18 19   26   4.6  -9  679.26  -53.8  -53.5  -53.3  50 -99
SPO 2026 05 18 20   26   4.9  -9  679.19  -54.5  -54.0  -53.6  49 -99
SPO 2026 05 18 21   21   5.3  -9  679.14  -55.1  -54.3  -53.5  48 -99
SPO 2026 05 18 22   20   6.4  -9  679.08  -55.7  -55.0  -53.8  48 -99
SPO 2026 05 18 23   20   6.5  -9  678.89  -56.4  -55.8  -54.0  48 -99
SPO 2026 05 19 00   20   6.0  -9  678.99  -56.4  -55.9  -54.3  48 -99
SPO 2026 05 19 01   19   6.2  -9  678.70  -56.7  -56.2  -54.8  48 -99
SPO 2026 05 19 02   23   5.9  -9  678.63  -57.3  -56.8  -55.3  47 -99
SPO 2026 05 19 03   26   5.5  -9  678.50  -57.6  -57.1  -55.9  47 -99
SPO 2026 05 19 04   47   3.4  -9  678.41  -58.6  -58.0  -56.3  49 -99
SPO 2026 05 19 05   50   3.5  -9  678.27  -60.5  -58.9  -56.3  48 -99
SPO 2026 05 19 06   46   3.3  -9  678.17  -61.2  -59.1  -56.8  47 -99
SPO 2026 05 19 07   51   3.6  -9  677.99  -62.0  -59.9  -57.4  46 -99
SPO 2026 05 19 08   54   3.4  -9  677.80  -63.7  -60.6  -57.7  46 -99
SPO 2026 05 19 09   53   3.6  -9  677.62  -63.6  -61.1  -57.9  44 -99
SPO 2026 05 19 10   64   3.2  -9  677.54  -62.4  -61.3  -58.4  46 -99
SPO 2026 05 19 11   73   4.0  -9  677.52  -63.2  -61.4  -58.8  45 -99
SPO 2026 05 19 12   66   3.2  -9  677.38  -61.6  -61.0  -58.9  46 -99
SPO 2026 05 19 13   63   3.6  -9  677.13  -60.7  -60.4  -59.3  47 -99
SPO 2026 05 19 14   58   3.9  -9  676.89  -60.9  -60.5  -59.4  47 -99
SPO 2026 05 19 15   72   3.8  -9  676.88  -62.8  -61.4  -59.3  46 -99
SPO 2026 05 19 16   77   4.1  -9  676.96  -63.0  -62.0  -59.7  45 -99
SPO 2026 05 19 17   62   4.0  -9  676.89  -61.8  -61.6  -60.0  46 -99
SPO 2026 05 19 18   60   3.9  -9  676.84  -60.6  -60.6  -60.2  47 -99
SPO 2026 05 19 19   63   3.9  -9  676.78  -61.4  -60.9  -60.3  47 -99
SPO 2026 05 19 20   66   3.9  -9  676.84  -62.9  -61.8  -60.6  46 -99
SPO 2026 05 19 21   73   4.1  -9  676.69  -64.1  -62.7  -60.5  45 -99
SPO 2026 05 19 22   88   3.9  -9  676.83  -65.3  -63.3  -61.0  44 -99
SPO 2026 05 19 23   85   4.6  -9  676.84  -64.8  -63.3  -60.8  44 -99
SPO 2026 05 20 00   75   4.5  -9  676.79  -65.0  -63.4  -60.5  44 -99
SPO 2026 05 20 01   67   4.3  -9  676.63  -64.8  -63.5  -60.6  44 -99
SPO 2026 05 20 02   74   3.8  -9  676.67  -66.5  -64.6  -61.6  43 -99
SPO 2026 05 20 03   88   4.1  -9  676.76  -66.5  -64.4  -62.1  43 -99
SPO 2026 05 20 04   87   5.0  -9  676.67  -66.1  -64.4  -62.0  43 -99
SPO 2026 05 20 05   80   4.9  -9  676.72  -66.1  -64.4  -61.4  43 -99
SPO 2026 05 20 06   80   4.8  -9  676.77  -66.1  -64.4  -61.5  43 -99
SPO 2026 05 20 07   80   4.7  -9  676.78  -66.5  -64.6  -61.7  43 -99
SPO 2026 05 20 08   79   4.8  -9  676.70  -66.6  -64.5  -61.5  43 -99
SPO 2026 05 20 09   76   5.1  -9  676.49  -66.1  -64.9  -61.4  43 -99
SPO 2026 05 20 10   72   5.1  -9  676.54  -66.4  -64.8  -61.0  43 -99
SPO 2026 05 20 11   73   5.1  -9  676.53  -66.6  -64.7  -60.8  43 -99
SPO 2026 05 20 12   80   4.7  -9  676.45  -66.6  -64.6  -61.2  43 -99
SPO 2026 05 20 13   76   5.3  -9  676.11  -66.6  -64.7  -60.8  43 -99
SPO 2026 05 20 14   71   5.0  -9  675.92  -66.2  -64.7  -60.6  43 -99
SPO 2026 05 20 15   72   5.0  -9  675.80  -66.3  -64.6  -60.8  43 -99
SPO 2026 05 20 16   63   4.8  -9  675.74  -66.4  -64.6  -60.3  43 -99
SPO 2026 05 20 17   73   4.4  -9  675.59  -67.8  -65.2  -61.1  42 -99
SPO 2026 05 20 18   72   4.8  -9  675.38  -67.5  -65.3  -60.8  42 -99
SPO 2026 05 20 19   66   4.5  -9  675.10  -67.0  -65.5  -60.7  42 -99
SPO 2026 05 20 20   60   5.4  -9  674.89  -66.0  -64.4  -61.1  43 -99
SPO 2026 05 20 21   48   5.2  -9  674.70  -65.3  -64.1  -61.2  43 -99
SPO 2026 05 20 22   45   4.3  -9  674.67  -65.3  -63.6  -61.1  44 -99
SPO 2026 05 20 23   41   5.0  -9  674.37  -64.1  -63.0  -61.1  44 -99
SPO 2026 05 21 00   34   6.0  -9  674.40  -63.1  -62.3  -61.2  44 -99
SPO 2026 05 21 01   28   6.5  -9  674.26  -62.7  -62.0  -61.3  44 -99
SPO 2026 05 21 02   26   6.9  -9  673.87  -62.3  -61.9  -61.3  44 -99
SPO 2026 05 21 03   22   7.1  -9  673.63  -62.1  -61.9  -61.4  44 -99
SPO 2026 05 21 04   15   9.2  -9  673.22  -61.6  -61.5  -61.1  45 -99
SPO 2026 05 21 05   11   9.1  -9  672.91  -61.0  -60.9  -60.6  47 -99
SPO 2026 05 21 06    9   9.8  -9  672.55  -59.9  -60.0  -59.9  47 -99
SPO 2026 05 21 07    7   9.2  -9  672.38  -58.6  -58.8  -58.9  48 -99
SPO 2026 05 21 08   15   7.2  -9  672.37  -57.0  -57.3  -57.4  48 -99
SPO 2026 05 21 09    7  10.1  -9  671.83  -55.6  -55.7  -55.8  50 -99
SPO 2026 05 21 10    5  10.7  -9  671.42  -54.5  -54.5  -54.6  51 -99
SPO 2026 05 21 11    3  10.9  -9  671.22  -53.6  -53.6  -53.7  52 -99
SPO 2026 05 21 12    0  11.9  -9  670.87  -53.3  -53.2  -53.4  52 -99
SPO 2026 05 21 13  357  11.9  -9  670.55  -53.1  -52.9  -53.0  52 -99
SPO 2026 05 21 14    2  10.7  -9  670.37  -52.5  -52.4  -52.5  53 -99
SPO 2026 05 21 15    1  10.6  -9  670.25  -51.9  -51.8  -51.9  53 -99
SPO 2026 05 21 16  359  10.6  -9  670.15  -51.9  -51.8  -51.9  53 -99
SPO 2026 05 21 17  352  10.8  -9  670.32  -51.5  -51.4  -51.4  53 -99
SPO 2026 05 21 18  358   9.3  -9  670.63  -50.6  -50.4  -50.3  54 -99
SPO 2026 05 21 19    2   9.4  -9  670.69  -50.4  -50.3  -50.3  54 -99
SPO 2026 05 21 20  360  10.1  -9  670.75  -50.0  -50.0  -50.0  54 -99
SPO 2026 05 21 21  359  10.1  -9  670.96  -49.5  -49.4  -49.4  55 -99
SPO 2026 05 21 22  357  10.5  -9  671.12  -49.5  -49.3  -49.2  55 -99
SPO 2026 05 21 23  350  10.3  -9  671.29  -49.4  -49.2  -49.0  54 -99
SPO 2026 05 22 00  353   9.5  -9  671.51  -50.2  -49.9  -49.6  54 -99
SPO 2026 05 22 01  357   8.6  -9  671.88  -50.3  -50.1  -49.7  54 -99
SPO 2026 05 22 02  357   7.1  -9  672.42  -49.8  -49.4  -48.9  55 -99
SPO 2026 05 22 03  358   8.0  -9  672.79  -49.6  -49.2  -48.4  55 -99
SPO 2026 05 22 04  356   9.5  -9  672.86  -49.7  -49.5  -49.0  55 -99
SPO 2026 05 22 05    0   8.6  -9  673.29  -50.3  -50.1  -49.9  54 -99
SPO 2026 05 22 06    4   8.1  -9  673.83  -51.2  -50.9  -50.6  54 -99
SPO 2026 05 22 07    3   9.1  -9  674.05  -52.3  -51.8  -51.1  53 -99
SPO 2026 05 22 08    2   8.7  -9  674.36  -53.4  -52.8  -51.3  52 -99
SPO 2026 05 22 09    8   8.8  -9  674.55  -54.2  -53.6  -51.8  52 -99
SPO 2026 05 22 10    9   8.3  -9  675.00  -54.3  -53.9  -52.3  52 -99
SPO 2026 05 22 11   10   8.7  -9  675.33  -54.0  -53.7  -52.5  52 -99
SPO 2026 05 22 12    7   9.0  -9  675.59  -53.8  -53.5  -52.7  52 -99
SPO 2026 05 22 13    8   8.2  -9  675.79  -54.0  -53.6  -52.2  52 -99
SPO 2026 05 22 14   13   7.9  -9  675.79  -53.9  -53.4  -52.0  52 -99
SPO 2026 05 22 15   18   8.5  -9  675.82  -53.1  -52.6  -51.3  52 -99
SPO 2026 05 22 16   44   6.0  -9  676.11  -53.6  -52.9  -52.0  52 -99
SPO 2026 05 22 17   43   5.5  -9  676.32  -54.3  -53.7  -52.7  51 -99
SPO 2026 05 22 18   38   6.6  -9  676.41  -53.7  -53.0  -52.0  51 -99
SPO 2026 05 22 19   41   6.8  -9  676.28  -53.7  -53.0  -52.3  52 -99
SPO 2026 05 22 20   41   6.8  -9  676.14  -53.9  -53.2  -52.6  51 -99
SPO 2026 05 22 21   44   6.5  -9  676.17  -54.9  -54.3  -53.6  51 -99
SPO 2026 05 22 22   37   8.4  -9  675.97  -54.2  -53.5  -52.9  51 -99
SPO 2026 05 22 23   42   8.0  -9  676.03  -54.3  -53.8  -53.3  51 -99
SPO 2026 05 23 00   34   8.1  -9  676.12  -54.3  -53.6  -53.0  51 -99
SPO 2026 05 23 01   37   7.9  -9  676.39  -54.2  -53.6  -52.9  51 -99
SPO 2026 05 23 02   48   6.5  -9  676.63  -54.6  -53.9  -53.0  51 -99
SPO 2026 05 23 03   52   5.6  -9  676.79  -55.3  -54.5  -53.5  50 -99
SPO 2026 05 23 04   49   6.0  -9  677.00  -55.2  -54.4  -53.4  51 -99
SPO 2026 05 23 05   53   5.4  -9  677.24  -56.1  -54.9  -53.5  50 -99
SPO 2026 05 23 06   60   5.0  -9  677.34  -57.4  -56.2  -54.0  49 -99
SPO 2026 05 23 07   44   6.7  -9  677.75  -55.1  -54.2  -52.9  51 -99
SPO 2026 05 23 08   64   3.9  -9  678.46  -56.7  -55.5  -54.2  50 -99
SPO 2026 05 23 09   52   4.8  -9  678.84  -57.5  -55.8  -54.0  48 -99
SPO 2026 05 23 10   53   5.1  -9  679.19  -56.5  -55.0  -53.3  51 -99
SPO 2026 05 23 11   43   6.3  -9  679.39  -56.0  -54.7  -52.8  49 -99
SPO 2026 05 23 12   58   5.1  -9  679.95  -58.9  -56.4  -53.2  49 -99
SPO 2026 05 23 13   64   4.6  -9  680.28  -60.6  -58.0  -53.7  47 -99
SPO 2026 05 23 14   77   4.8  -9  680.60  -61.7  -59.4  -54.4  46 -99
SPO 2026 05 23 15   72   4.8  -9  680.96  -61.1  -58.7  -54.4  47 -99
SPO 2026 05 23 16   78   4.3  -9  681.54  -61.5  -59.1  -54.6  46 -99
SPO 2026 05 23 17   67   5.6  -9  681.64  -60.3  -58.2  -53.7  47 -99
SPO 2026 05 23 18   69   4.8  -9  681.95  -60.6  -58.6  -53.8  47 -99
SPO 2026 05 23 19   79   4.4  -9  682.25  -61.8  -59.0  -54.1  46 -99
SPO 2026 05 23 20   76   4.8  -9  682.57  -61.7  -58.4  -53.8  46 -99
SPO 2026 05 23 21   80   3.6  -9  682.83  -61.4  -58.7  -53.4  47 -99
SPO 2026 05 23 22   61   4.9  -9  682.70  -60.6  -57.9  -53.4  46 -99
SPO 2026 05 23 23   72   3.0  -9  682.72  -60.3  -58.7  -54.8  47 -99
SPO 2026 05 24 00  118   3.1  -9  683.41  -59.8  -58.4  -55.6  47 -99
SPO 2026 05 24 01   92   3.5  -9  683.57  -59.8  -57.5  -54.5  47 -99
SPO 2026 05 24 02   82   4.0  -9  683.13  -59.5  -57.7  -53.3  47 -99
SPO 2026 05 24 03   82   3.9  -9  683.11  -56.9  -56.3  -54.1  49 -99
SPO 2026 05 24 04  110   2.7  -9  683.41  -55.8  -55.6  -54.6  50 -99
SPO 2026 05 24 05   92   3.5  -9  683.13  -56.1  -55.2  -53.1  50 -99
SPO 2026 05 24 06   65   4.7  -9  682.67  -55.2  -54.5  -51.1  50 -99
SPO 2026 05 24 07  117   3.5  -9  683.15  -55.0  -53.7  -52.0  51 -99
SPO 2026 05 24 08  105   3.0  -9  682.92  -56.6  -54.3  -51.1  49 -99
SPO 2026 05 24 09   79   3.8  -9  682.43  -54.6  -53.0  -49.2  50 -99
SPO 2026 05 24 10   92   3.5  -9  682.49  -52.8  -52.0  -48.6  52 -99
SPO 2026 05 24 11  120   2.9  -9  682.77  -51.5  -51.1  -49.3  53 -99
SPO 2026 05 24 12  120   2.9  -9  682.50  -50.4  -50.3  -48.6  54 -99
SPO 2026 05 24 13  106   3.6  -9  682.11  -49.9  -49.4  -47.2  54 -99
SPO 2026 05 24 14   95   3.8  -9  681.65  -50.0  -49.0  -44.4  54 -99
SPO 2026 05 24 15   97   4.0  -9  681.41  -50.9  -48.8  -44.7  53 -99
SPO 2026 05 24 16  104   3.9  -9  681.17  -52.1  -49.1  -45.7  53 -99
SPO 2026 05 24 17  117   4.0  -9  680.94  -53.0  -49.9  -46.3  52 -99
SPO 2026 05 24 18  103   3.9  -9  680.72  -53.0  -49.5  -44.9  52 -99
SPO 2026 05 24 19  114   4.6  -9  680.66  -53.2  -50.0  -47.9  52 -99
SPO 2026 05 24 20   94   4.6  -9  680.21  -53.0  -50.6  -48.7  52 -99
SPO 2026 05 24 21   87   4.2  -9  679.65  -53.3  -52.3  -49.0  52 -99
SPO 2026 05 24 22  100   3.3  -9  679.66  -54.0  -52.5  -50.7  52 -99
SPO 2026 05 24 23  104   3.7  -9  679.33  -55.1  -53.1  -51.8  51 -99
SPO 2026 05 25 00  102   3.9  -9  678.88  -55.4  -54.0  -52.1  50 -99
SPO 2026 05 25 01  100   4.6  -9  678.34  -54.8  -53.6  -51.7  51 -99
SPO 2026 05 25 02   95   3.7  -9  677.93  -55.1  -53.8  -52.0  51 -99
SPO 2026 05 25 03   95   2.7  -9  677.44  -56.5  -55.3  -52.1  50 -99
SPO 2026 05 25 04   97   5.3  -9  677.05  -56.8  -54.3  -49.9  49 -99
SPO 2026 05 25 05   92   5.2  -9  676.49  -55.8  -54.0  -49.4  50 -99
SPO 2026 05 25 06   93   4.7  -9  676.06  -56.3  -54.8  -50.5  50 -99
SPO 2026 05 25 07   89   5.5  -9  675.58  -56.0  -53.5  -48.4  50 -99
SPO 2026 05 25 08   84   3.4  -9  675.29  -57.1  -55.3  -50.4  49 -99
SPO 2026 05 25 09   87   5.4  -9  674.98  -57.3  -54.4  -49.6  49 -99
SPO 2026 05 25 10   83   5.3  -9  674.53  -56.7  -54.2  -48.5  49 -99
SPO 2026 05 25 11   78   5.9  -9  674.06  -56.8  -53.8  -46.8  49 -99
SPO 2026 05 25 12   73   5.8  -9  673.64  -56.0  -53.1  -45.6  50 -99
SPO 2026 05 25 13   79   6.0  -9  673.40  -55.1  -52.1  -46.5  51 -99
SPO 2026 05 25 14   79   6.1  -9  673.05  -55.7  -53.0  -48.3  50 -99
SPO 2026 05 25 15   70   5.9  -9  672.80  -56.1  -54.5  -48.3  50 -99
SPO 2026 05 25 16   72   5.3  -9  672.69  -56.9  -55.8  -51.4  49 -99
SPO 2026 05 25 17   73   5.2  -9  672.65  -57.6  -56.7  -53.0  49 -99
SPO 2026 05 25 18   82   4.5  -9  672.62  -58.2  -57.3  -54.5  49 -99
SPO 2026 05 25 19   88   4.4  -9  672.59  -59.2  -58.0  -54.8  48 -99
SPO 2026 05 25 20   92   4.3  -9  672.72  -60.0  -58.4  -55.5  47 -99
SPO 2026 05 25 21   75   4.8  -9  672.52  -59.5  -58.7  -55.5  47 -99
SPO 2026 05 25 22   80   4.0  -9  672.46  -60.2  -59.2  -56.2  48 -99
SPO 2026 05 25 23   85   3.3  -9  672.64  -61.8  -59.0  -56.3  47 -99
SPO 2026 05 26 00   83   4.2  -9  672.59  -61.9  -59.5  -55.9  46 -99
SPO 2026 05 26 01   63   4.3  -9  672.50  -61.1  -59.5  -55.5  46 -99
SPO 2026 05 26 02   47   4.6  -9  672.52  -59.4  -58.3  -55.2  47 -99
SPO 2026 05 26 03   51   3.9  -9  672.73  -59.3  -58.4  -56.2  48 -99
SPO 2026 05 26 04   50   3.4  -9  672.99  -60.6  -59.1  -56.6  47 -99
SPO 2026 05 26 05   49   3.5  -9  672.96  -59.9  -59.3  -56.9  46 -99
SPO 2026 05 26 06   30   4.5  -9  673.14  -56.6  -56.4  -56.3  48 -99
SPO 2026 05 26 07   27   4.9  -9  673.21  -56.3  -56.3  -56.4  48 -99
SPO 2026 05 26 08   20   5.5  -9  673.23  -56.7  -57.0  -57.0  48 -99
SPO 2026 05 26 09   16   5.3  -9  673.36  -56.9  -57.2  -57.2  49 -99
SPO 2026 05 26 10   15   5.7  -9  673.60  -56.4  -56.7  -56.8  50 -99
SPO 2026 05 26 11   11   6.8  -9  673.60  -56.1  -56.3  -56.3  50 -99
SPO 2026 05 26 12  360   8.7  -9  673.64  -55.7  -55.8  -55.9  51 -99
SPO 2026 05 26 13    3   7.9  -9  673.85  -54.8  -55.0  -55.1  51 -99
SPO 2026 05 26 14    1   8.3  -9  674.00  -53.9  -54.1  -54.1  52 -99
SPO 2026 05 26 15    4   8.3  -9  674.20  -53.5  -53.6  -53.5  52 -99
SPO 2026 05 26 16  359   8.1  -9  674.40  -52.5  -52.6  -52.6  53 -99
SPO 2026 05 26 17  356   7.9  -9  674.47  -51.6  -51.6  -51.5  53 -99
SPO 2026 05 26 18  358   7.7  -9  674.78  -51.1  -51.1  -51.0  54 -99
SPO 2026 05 26 19  355   7.0  -9  675.29  -51.1  -51.1  -51.1  54 -99
SPO 2026 05 26 20  351   7.4  -9  675.43  -51.6  -51.5  -51.4  53 -99
SPO 2026 05 26 21  356   6.0  -9  675.72  -52.4  -52.2  -52.0  53 -99
SPO 2026 05 26 22  357   6.1  -9  676.07  -52.5  -52.4  -52.1  53 -99
SPO 2026 05 26 23  355   6.3  -9  676.30  -53.3  -52.8  -51.9  52 -99
SPO 2026 05 27 00  356   6.3  -9  676.56  -54.4  -53.4  -51.8  51 -99
SPO 2026 05 27 01  358   5.8  -9  676.79  -54.6  -53.8  -52.3  52 -99
SPO 2026 05 27 02  358   6.0  -9  676.58  -54.5  -54.3  -53.1  52 -99
SPO 2026 05 27 03  353   6.1  -9  676.72  -54.1  -54.1  -53.8  52 -99
SPO 2026 05 27 04    1   6.3  -9  676.71  -54.1  -54.2  -54.0  52 -99
SPO 2026 05 27 05    4   6.4  -9  676.46  -53.5  -53.7  -53.8  52 -99
SPO 2026 05 27 06  357   7.0  -9  676.45  -53.3  -53.5  -53.6  52 -99
SPO 2026 05 27 07  357   6.7  -9  676.47  -53.6  -53.6  -53.5  52 -99
SPO 2026 05 27 08    4   6.7  -9  676.43  -54.9  -54.4  -53.5  52 -99
SPO 2026 05 27 09   10   6.8  -9  676.31  -55.7  -55.2  -54.1  51 -99
SPO 2026 05 27 10    4   7.7  -9  676.12  -56.4  -55.9  -54.8  50 -99
SPO 2026 05 27 11    8   7.3  -9  675.90  -55.6  -55.6  -55.3  51 -99
SPO 2026 05 27 12    3   7.8  -9  675.49  -54.2  -54.3  -54.3  52 -99
SPO 2026 05 27 13    3   7.5  -9  675.21  -53.0  -53.2  -53.3  53 -99
SPO 2026 05 27 14  355   8.4  -9  674.90  -52.3  -52.4  -52.4  53 -99
SPO 2026 05 27 15    3   8.4  -9  674.76  -51.6  -51.6  -51.5  53 -99
SPO 2026 05 27 16    2   8.0  -9  674.65  -51.0  -50.9  -50.9  54 -99
SPO 2026 05 27 17  354   8.6  -9  674.38  -50.5  -50.4  -50.4  54 -99
SPO 2026 05 27 18  356   7.9  -9  674.29  -50.2  -50.2  -50.0  54 -99
SPO 2026 05 27 19  356   8.2  -9  674.32  -49.6  -49.6  -49.5  55 -99
SPO 2026 05 27 20  354   8.7  -9  674.35  -49.5  -49.5  -49.5  55 -99
SPO 2026 05 27 21  354   9.5  -9  674.15  -49.4  -49.3  -49.0  55 -99
SPO 2026 05 27 22  357   9.0  -9  673.91  -49.5  -49.5  -49.3  55 -99
SPO 2026 05 27 23  358   8.5  -9  673.82  -49.1  -49.1  -49.0  55 -99
SPO 2026 05 28 00  357   7.6  -9  673.85  -49.0  -49.0  -48.9  55 -99
SPO 2026 05 28 01  360   7.2  -9  673.93  -49.2  -49.1  -48.9  55 -99
SPO 2026 05 28 02    5   7.8  -9  673.63  -49.6  -49.6  -49.4  55 -99
SPO 2026 05 28 03    3   7.5  -9  673.39  -50.1  -49.9  -49.5  55 -99
SPO 2026 05 28 04   11   7.1  -9  673.36  -51.2  -50.8  -49.7  54 -99
SPO 2026 05 28 05    9   6.9  -9  673.30  -52.3  -52.1  -50.9  53 -99
SPO 2026 05 28 06    6   7.4  -9  673.44  -53.0  -52.6  -51.4  53 -99
SPO 2026 05 28 07    2   7.3  -9  673.15  -53.2  -52.9  -51.6  53 -99
SPO 2026 05 28 08    4   7.3  -9  673.29  -52.6  -52.6  -51.9  53 -99
SPO 2026 05 28 09    7   7.3  -9  673.35  -51.8  -52.0  -51.9  54 -99
SPO 2026 05 28 10    0   7.8  -9  673.31  -51.5  -51.6  -51.6  54 -99
SPO 2026 05 28 11    4   6.8  -9  673.41  -52.0  -51.9  -51.6  54 -99
SPO 2026 05 28 12   26   4.3  -9  673.72  -53.6  -53.2  -52.4  52 -99
SPO 2026 05 28 13   36   4.8  -9  673.85  -54.5  -53.6  -52.4  51 -99
SPO 2026 05 28 14   23   5.6  -9  673.84  -53.7  -53.4  -52.2  50 -99
SPO 2026 05 28 15   31   5.4  -9  674.07  -54.1  -53.5  -52.6  50 -99
SPO 2026 05 28 16   21   4.5  -9  674.28  -54.2  -53.9  -53.2  49 -99
SPO 2026 05 28 17   33   3.2  -9  674.45  -54.7  -54.1  -53.2  50 -99
SPO 2026 05 28 18   68   2.7  -9  674.64  -56.3  -55.8  -53.4  50 -99
SPO 2026 05 28 19   54   2.2  -9  674.86  -55.6  -55.4  -53.5  50 -99
SPO 2026 05 28 20   72   2.3  -9  674.94  -55.3  -55.1  -53.6  51 -99
SPO 2026 05 28 21   57   3.5  -9  675.02  -55.0  -54.9  -53.5  50 -99
SPO 2026 05 28 22   28   4.0  -9  674.85  -53.5  -53.3  -52.6  50 -99
SPO 2026 05 28 23   51   2.2  -9  674.87  -54.0  -53.8  -52.8  51 -99
SPO 2026 05 29 00   51   2.8  -9  674.77  -53.5  -53.6  -52.9  51 -99
SPO 2026 05 29 01   41   3.1  -9  674.67  -53.5  -53.1  -52.5  52 -99
SPO 2026 05 29 02   47   1.9  -9  674.65  -54.7  -54.1  -52.9  51 -99
SPO 2026 05 29 03   26   4.4  -9  674.30  -54.5  -53.4  -52.5  49 -99
SPO 2026 05 29 04   21   4.9  -9  673.93  -53.7  -53.5  -52.1  50 -99
SPO 2026 05 29 05   31   3.8  -9  674.00  -54.9  -54.0  -53.2  50 -99
SPO 2026 05 29 06   35   3.9  -9  673.70  -55.2  -54.2  -53.1  50 -99
SPO 2026 05 29 07   29   4.2  -9  673.30  -55.4  -54.1  -52.5  50 -99
SPO 2026 05 29 08   27   4.0  -9  673.18  -56.3  -54.7  -52.7  49 -99
SPO 2026 05 29 09   16   5.7  -9  672.77  -55.7  -54.6  -52.5  50 -99
SPO 2026 05 29 10   12   4.6  -9  672.60  -55.5  -55.0  -52.6  50 -99
SPO 2026 05 29 11    7   5.5  -9  672.17  -54.8  -54.8  -53.1  51 -99
SPO 2026 05 29 12    5   5.8  -9  671.68  -55.0  -54.7  -52.5  52 -99
SPO 2026 05 29 13    7   4.3  -9  671.48  -54.6  -54.6  -54.1  52 -99
SPO 2026 05 29 14   21   3.4  -9  671.25  -55.4  -55.0  -54.1  50 -99
SPO 2026 05 29 15    7   6.2  -9  670.67  -55.2  -54.9  -53.4  50 -99
SPO 2026 05 29 16    1   6.3  -9  670.21  -55.2  -55.1  -54.3  51 -99
SPO 2026 05 29 17    3   7.0  -9  669.79  -55.3  -55.3  -54.4  51 -99
SPO 2026 05 29 18  359   7.5  -9  669.57  -54.3  -54.5  -53.8  52 -99
SPO 2026 05 29 19  358   8.0  -9  669.12  -53.3  -53.5  -53.1  52 -99
SPO 2026 05 29 20  355   8.2  -9  668.59  -52.7  -52.9  -52.8  53 -99
SPO 2026 05 29 21  355   8.1  -9  668.11  -51.6  -51.8  -51.7  53 -99
SPO 2026 05 29 22  351   7.9  -9  667.84  -50.1  -50.3  -50.2  54 -99
SPO 2026 05 29 23  349   8.5  -9  667.47  -49.3  -49.4  -49.4  55 -99
SPO 2026 05 30 00  340   8.0  -9  667.36  -48.1  -48.2  -48.1  55 -99
SPO 2026 05 30 01  331   7.8  -9  667.16  -46.9  -47.0  -46.9  56 -99
SPO 2026 05 30 02  331   6.0  -9  667.16  -46.9  -46.7  -46.6  56 -99
SPO 2026 05 30 03  336   6.5  -9  667.17  -48.0  -47.6  -47.0  55 -99
SPO 2026 05 30 04  341   6.3  -9  667.14  -48.0  -48.1  -47.6  56 -99
SPO 2026 05 30 05  349   6.1  -9  667.12  -49.1  -48.8  -48.1  55 -99
SPO 2026 05 30 06  336   5.8  -9  667.21  -48.5  -48.7  -48.3  55 -99
SPO 2026 05 30 07  334   5.9  -9  667.06  -47.8  -47.9  -47.8  56 -99
SPO 2026 05 30 08  339   5.6  -9  667.07  -48.2  -48.3  -48.2  55 -99
SPO 2026 05 30 09  344   5.6  -9  667.16  -47.5  -47.8  -47.8  56 -99
SPO 2026 05 30 10  340   6.1  -9  667.22  -46.7  -46.9  -47.0  56 -99
SPO 2026 05 30 11  336   7.0  -9  667.17  -46.0  -46.2  -46.3  57 -99
SPO 2026 05 30 12  335   7.0  -9  667.18  -45.5  -45.6  -45.7  57 -99
SPO 2026 05 30 13  335   7.0  -9  667.27  -44.9  -45.1  -45.2  57 -99
SPO 2026 05 30 14  322   6.9  -9  667.15  -43.9  -44.1  -44.2  58 -99
SPO 2026 05 30 15  323   5.2  -9  667.35  -43.0  -43.1  -43.1  58 -99
SPO 2026 05 30 16  324   4.8  -9  667.61  -43.0  -43.0  -43.1  58 -99
SPO 2026 05 30 17  319   5.3  -9  667.87  -42.9  -42.9  -43.0  59 -99
SPO 2026 05 30 18  334   5.5  -9  668.26  -43.3  -43.3  -43.4  58 -99
SPO 2026 05 30 19  336   6.0  -9  668.47  -43.9  -43.9  -43.9  58 -99
SPO 2026 05 30 20  330   5.8  -9  668.70  -44.5  -44.3  -44.0  58 -99
SPO 2026 05 30 21  332   5.5  -9  669.05  -45.4  -45.0  -44.7  57 -99
SPO 2026 05 30 22  346   5.3  -9  669.35  -47.8  -47.4  -46.6  56 -99
SPO 2026 05 30 23  342   5.6  -9  669.44  -48.4  -47.9  -46.9  56 -99
SPO 2026 05 31 00  340   5.8  -9  669.67  -50.1  -48.7  -47.6  54 -99
SPO 2026 05 31 01  332   5.5  -9  669.95  -50.6  -49.6  -47.7  54 -99
SPO 2026 05 31 02  322   5.2  -9  670.15  -50.8  -49.5  -47.0  54 -99
SPO 2026 05 31 03  326   5.3  -9  670.20  -51.4  -49.4  -46.9  54 -99
SPO 2026 05 31 04  337   4.9  -9  670.43  -52.3  -49.4  -48.1  53 -99
SPO 2026 05 31 05  359   4.3  -9  670.77  -53.0  -50.3  -48.4  53 -99
SPO 2026 05 31 06    3   4.1  -9  671.11  -52.6  -51.6  -49.4  53 -99
SPO 2026 05 31 07   16   2.9  -9  671.13  -52.1  -52.0  -50.4  53 -99
SPO 2026 05 31 08    8   3.1  -9  670.96  -52.0  -52.1  -48.9  54 -99
SPO 2026 05 31 09   20   3.2  -9  671.03  -53.9  -53.1  -49.0  51 -99
SPO 2026 05 31 10   10   3.9  -9  671.03  -54.6  -53.7  -48.9  51 -99
SPO 2026 05 31 11   31   3.5  -9  671.16  -55.2  -54.4  -52.0  50 -99
SPO 2026 05 31 12    6   5.2  -9  671.01  -54.9  -54.3  -48.6  51 -99
SPO 2026 05 31 13   12   3.9  -9  670.91  -54.7  -54.2  -47.7  52 -99
SPO 2026 05 31 14   61   2.5  -9  671.01  -56.3  -55.6  -49.7  51 -99
SPO 2026 05 31 15   82   3.3  -9  671.42  -58.0  -57.7  -52.4  49 -99
SPO 2026 05 31 16   68   3.5  -9  671.62  -57.9  -57.5  -51.1  49 -99
SPO 2026 05 31 17   76   3.6  -9  671.67  -58.2  -57.6  -49.6  49 -99
SPO 2026 05 31 18   66   3.6  -9  671.52  -58.4  -57.8  -50.2  48 -99
SPO 2026 05 31 19   55   3.7  -9  671.38  -57.9  -56.5  -49.6  49 -99
SPO 2026 05 31 20   71   3.1  -9  671.37  -57.8  -57.2  -49.7  49 -99
SPO 2026 05 31 21  111   2.8  -9  671.45  -57.3  -56.8  -52.0  50 -99
SPO 2026 05 31 22  113   3.3  -9  671.36  -57.4  -56.9  -53.9  49 -99
SPO 2026 05 31 23  105   4.0  -9  671.16  -56.7  -55.8  -50.2  50 -99
SPO 2026 06 01 00  100   4.2  -9  670.93  -56.6  -54.6  -48.7  50 -99
SPO 2026 06 01 01  111   4.6  -9  670.88  -57.2  -55.7  -50.3  49 -99
SPO 2026 06 01 02  105   4.3  -9  670.84  -57.3  -55.1  -48.3  49 -99
SPO 2026 06 01 03  121   4.4  -9  670.75  -58.4  -56.5  -49.1  49 -99
SPO 2026 06 01 04  115   4.1  -9  670.69  -59.2  -56.1  -46.3  48 -99
SPO 2026 06 01 05  139   4.8  -9  670.61  -59.8  -58.3  -45.8  48 -99
SPO 2026 06 01 06  135   5.5  -9  670.36  -60.0  -57.1  -42.7  48 -99
SPO 2026 06 01 07  134   5.9  -9  670.19  -60.8  -58.0  -44.3  47 -99
SPO 2026 06 01 08  129   5.3  -9  669.91  -61.1  -58.3  -44.7  47 -99
SPO 2026 06 01 09  121   5.0  -9  669.70  -61.4  -58.3  -47.3  46 -99
SPO 2026 06 01 10  120   3.9  -9  669.54  -61.3  -57.8  -48.4  46 -99
SPO 2026 06 01 11  131   4.3  -9  669.15  -61.8  -58.9  -46.0  46 -99
SPO 2026 06 01 12  141   5.1  -9  668.89  -61.4  -59.5  -45.0  47 -99
SPO 2026 06 01 13  124   5.0  -9  668.82  -62.4  -60.0  -52.6  46 -99
SPO 2026 06 01 14  120   3.9  -9  668.80  -63.2  -60.3  -55.7  45 -99
SPO 2026 06 01 15  119   3.5  -9  668.71  -62.4  -60.7  -57.5  45 -99
SPO 2026 06 01 16  117   4.8  -9  668.52  -61.7  -58.6  -55.6  46 -99
SPO 2026 06 01 17  121   5.1  -9  668.49  -59.7  -57.1  -55.0  47 -99
SPO 2026 06 01 18  134   2.4  -9  668.59  -58.5  -57.1  -56.0  48 -99
SPO 2026 06 01 19  136   4.1  -9  668.44  -57.7  -57.0  -54.9  49 -99
SPO 2026 06 01 20  124   4.8  -9  668.44  -57.2  -56.3  -54.5  49 -99
SPO 2026 06 01 21  132   4.0  -9  668.46  -55.8  -55.1  -54.4  50 -99
SPO 2026 06 01 22  139   4.2  -9  668.40  -57.6  -56.7  -54.9  49 -99
SPO 2026 06 01 23  139   3.9  -9  668.40  -58.7  -58.1  -56.2  48 -99
SPO 2026 06 02 00  127   5.6  -9  668.61  -59.8  -58.8  -57.7  48 -99
SPO 2026 06 02 01  123   5.9  -9  668.62  -60.1  -59.1  -58.0  47 -99
SPO 2026 06 02 02  124   5.0  -9  668.66  -60.4  -59.5  -58.8  47 -99
SPO 2026 06 02 03  120   5.8  -9  668.56  -61.0  -59.9  -58.8  47 -99
SPO 2026 06 02 04  124   3.9  -9  668.70  -61.3  -60.5  -59.9  47 -99
SPO 2026 06 02 05  119   4.3  -9  668.80  -61.8  -61.2  -60.4  46 -99
SPO 2026 06 02 06  124   3.8  -9  668.87  -62.0  -61.5  -60.9  46 -99
SPO 2026 06 02 07  111   4.1  -9  668.88  -62.4  -61.5  -60.8  46 -99
SPO 2026 06 02 08  113   6.4  -9  668.87  -62.0  -61.1  -60.4  46 -99
SPO 2026 06 02 09  113   6.8  -9  669.07  -62.4  -61.8  -61.1  46 -99
SPO 2026 06 02 10  114   5.7  -9  669.30  -63.3  -63.0  -62.5  45 -99
SPO 2026 06 02 11  119   5.2  -9  669.38  -64.2  -64.0  -63.5  45 -99
SPO 2026 06 02 12  116   7.0  -9  669.34  -64.5  -64.4  -63.9  45 -99
SPO 2026 06 02 13  119   6.7  -9  669.77  -65.3  -65.1  -64.7  44 -99
SPO 2026 06 02 14  117   6.2  -9  669.97  -65.7  -65.6  -65.3  44 -99
SPO 2026 06 02 15  122   4.3  -9  670.37  -66.6  -66.5  -66.2  43 -99
SPO 2026 06 02 16  120   3.8  -9  670.55  -66.9  -66.8  -66.6  43 -99
SPO 2026 06 02 17  121   4.4  -9  670.79  -67.7  -67.6  -67.2  43 -99
SPO 2026 06 02 18  117   4.2  -9  670.88  -68.1  -68.0  -67.8  42 -99
SPO 2026 06 02 19  114   3.0  -9  671.27  -68.5  -68.4  -68.2  42 -99
SPO 2026 06 02 20  117   3.5  -9  671.63  -69.1  -68.8  -68.6  42 -99
SPO 2026 06 02 21  114   4.0  -9  672.02  -69.4  -69.2  -68.8  41 -99
SPO 2026 06 02 22  123   3.3  -9  672.27  -70.0  -69.8  -69.4  41 -99
SPO 2026 06 02 23  120   3.2  -9  672.64  -70.2  -70.1  -69.8  41 -99
SPO 2026 06 03 00  111   3.2  -9  672.94  -70.5  -70.3  -69.9  41 -99
SPO 2026 06 03 01  116   3.5  -9  673.12  -70.8  -70.4  -69.9  40 -99
SPO 2026 06 03 02  111   3.4  -9  673.65  -70.9  -70.4  -69.7  40 -99
SPO 2026 06 03 03  110   3.9  -9  673.98  -71.0  -70.5  -69.1  40 -99
SPO 2026 06 03 04  110   3.5  -9  674.38  -70.8  -70.4  -69.8  40 -99
SPO 2026 06 03 05  110   3.1  -9  674.77  -70.0  -70.0  -69.4  41 -99
SPO 2026 06 03 06  104   3.3  -9  675.16  -70.0  -69.9  -68.9  41 -99
SPO 2026 06 03 07  103   4.0  -9  675.62  -70.8  -70.5  -68.4  40 -99
SPO 2026 06 03 08  102   3.7  -9  675.99  -71.1  -70.7  -68.5  40 -99
SPO 2026 06 03 09  100   3.6  -9  676.23  -71.4  -70.7  -67.8  40 -99
SPO 2026 06 03 10   98   3.9  -9  676.66  -71.6  -70.7  -68.3  40 -99
SPO 2026 06 03 11   90   4.4  -9  677.13  -71.4  -70.6  -68.0  40 -99
SPO 2026 06 03 12   73   3.8  -9  677.44  -71.2  -70.6  -67.7  40 -99
SPO 2026 06 03 13   72   3.8  -9  677.68  -71.3  -70.8  -68.6  40 -99
SPO 2026 06 03 14   64   3.5  -9  677.86  -70.7  -70.1  -68.2  40 -99
SPO 2026 06 03 15   61   3.0  -9  678.04  -71.7  -70.7  -68.3  40 -99
SPO 2026 06 03 16   60   3.9  -9  678.04  -71.5  -70.9  -68.0  39 -99
SPO 2026 06 03 17   49   3.8  -9  678.48  -69.6  -68.7  -67.2  40 -99
SPO 2026 06 03 18   40   5.3  -9  678.57  -68.4  -67.8  -66.7  41 -99
SPO 2026 06 03 19   29   6.3  -9  678.70  -67.7  -67.3  -66.8  41 -99
SPO 2026 06 03 20   20   7.1  -9  678.76  -67.0  -67.0  -66.8  41 -99
SPO 2026 06 03 21   11   8.4  -9  678.55  -65.6  -65.7  -65.6  43 -99
SPO 2026 06 03 22    7   9.4  -9  678.23  -63.3  -63.5  -63.6  45 -99
SPO 2026 06 03 23    1  10.5  -9  678.08  -61.6  -61.7  -61.8  46 -99
SPO 2026 06 04 00    2  11.1  -9  677.85  -59.5  -59.5  -59.6  47 -99
SPO 2026 06 04 01  357  10.6  -9  677.84  -57.4  -57.4  -57.4  49 -99
SPO 2026 06 04 02  352  10.7  -9  677.66  -55.3  -55.2  -55.0  50 -99
SPO 2026 06 04 03  341   9.7  -9  677.78  -52.5  -52.4  -52.2  52 -99
SPO 2026 06 04 04  341  10.8  -9  677.67  -50.7  -50.6  -50.4  53 -99
SPO 2026 06 04 05  332  10.4  -9  677.61  -48.3  -48.3  -48.1  55 -99
SPO 2026 06 04 06  322  11.1  -9  677.50  -46.0  -45.8  -45.7  57 -99
SPO 2026 06 04 07  320  10.3  -9  677.78  -44.8  -44.6  -44.5  57 -99
SPO 2026 06 04 08  312   9.9  -9  678.21  -43.3  -43.1  -43.1  58 -99
SPO 2026 06 04 09  309   9.8  -9  678.41  -42.7  -42.6  -42.5  58 -99
SPO 2026 06 04 10  299   9.9  -9  678.67  -41.9  -41.8  -41.7  59 -99
SPO 2026 06 04 11  299   8.9  -9  679.30  -41.4  -41.3  -41.2  59 -99
SPO 2026 06 04 12  295   9.4  -9  679.53  -41.0  -40.9  -40.8  60 -99
SPO 2026 06 04 13  302   8.2  -9  679.84  -40.8  -40.7  -40.6  60 -99
SPO 2026 06 04 14  298   8.2  -9  680.05  -40.5  -40.4  -40.3  60 -99
SPO 2026 06 04 15  298   9.2  -9  680.43  -40.3  -40.2  -40.2  60 -99
SPO 2026 06 04 16  298   8.7  -9  680.87  -40.1  -40.0  -40.0  60 -99
SPO 2026 06 04 17  299   8.9  -9  681.01  -40.0  -39.9  -39.9  60 -99
SPO 2026 06 04 18  296   9.6  -9  680.95  -40.1  -40.0  -39.9  60 -99
SPO 2026 06 04 19  303   8.6  -9  680.89  -40.5  -40.3  -40.2  60 -99
SPO 2026 06 04 20  302   8.5  -9  681.10  -40.3  -40.2  -40.1  60 -99
SPO 2026 06 04 21  299   8.9  -9  681.31  -39.6  -39.5  -39.5  61 -99
SPO 2026 06 04 22  307   8.2  -9  681.12  -39.4  -39.4  -39.4  61 -99
SPO 2026 06 04 23  308   9.4  -9  681.00  -39.1  -39.1  -39.1  61 -99
SPO 2026 06 05 00  301   9.6  -9  680.82  -38.8  -38.8  -38.8  61 -99
SPO 2026 06 05 01  298   9.8  -9  680.80  -38.6  -38.6  -38.6  61 -99
SPO 2026 06 05 02  294  10.1  -9  680.66  -38.5  -38.5  -38.4  62 -99
SPO 2026 06 05 03  289   8.6  -9  680.93  -38.3  -38.2  -38.2  62 -99
SPO 2026 06 05 04  280   6.7  -9  681.20  -38.6  -38.5  -38.4  62 -99
SPO 2026 06 05 05  279   6.7  -9  681.35  -39.7  -39.3  -39.1  61 -99
SPO 2026 06 05 06  289   5.3  -9  681.80  -42.1  -41.1  -40.2  59 -99
SPO 2026 06 05 07  289   5.8  -9  682.14  -42.5  -41.7  -40.4  59 -99
SPO 2026 06 05 08  278   4.5  -9  682.62  -41.5  -41.2  -40.8  60 -99
SPO 2026 06 05 09  287   3.5  -9  683.07  -41.0  -40.9  -40.6  60 -99
SPO 2026 06 05 10  280   4.1  -9  683.79  -41.3  -40.9  -40.4  60 -99
SPO 2026 06 05 11  281   4.9  -9  684.01  -41.8  -41.5  -40.3  60 -99
SPO 2026 06 05 12  267   4.9  -9  684.23  -42.3  -42.0  -40.9  60 -99
SPO 2026 06 05 13  258   4.7  -9  684.41  -43.4  -43.3  -42.2  58 -99
SPO 2026 06 05 14  247   3.9  -9  685.05  -43.2  -43.1  -42.9  59 -99
SPO 2026 06 05 15  254   4.0  -9  685.13  -45.0  -44.4  -43.1  58 -99
SPO 2026 06 05 16  265   2.3  -9  685.40  -46.5  -45.5  -43.1  56 -99
SPO 2026 06 05 17  272   2.1  -9  685.83  -45.9  -44.9  -43.6  57 -99
SPO 2026 06 05 18  273   1.0  -9  686.04  -45.6  -44.7  -43.2  57 -99
SPO 2026 06 05 19  274   1.6  -9  686.17  -43.5  -42.8  -41.5  58 -99
SPO 2026 06 05 20  292   0.5  -9  686.14  -42.2  -41.9  -41.2  60 -99
SPO 2026 06 05 21  327   2.8  -9  686.20  -41.3  -41.2  -40.7  60 -99
SPO 2026 06 05 22  327   4.1  -9  685.94  -40.3  -40.3  -39.9  61 -99
SPO 2026 06 05 23  326   5.1  -9  685.74  -40.1  -39.9  -39.7  61 -99
SPO 2026 06 06 00  311   5.5  -9  685.68  -39.5  -39.4  -39.3  61 -99
SPO 2026 06 06 01  304   4.6  -9  685.62  -39.4  -39.2  -38.9  61 -99
SPO 2026 06 06 02  310   5.4  -9  685.22  -38.7  -38.6  -38.5  62 -99
SPO 2026 06 06 03  317   6.6  -9  684.81  -38.4  -38.4  -38.3  62 -99
SPO 2026 06 06 04  312   6.8  -9  684.62  -38.3  -38.3  -38.2  62 -99
SPO 2026 06 06 05  315   5.6  -9  684.50  -38.5  -38.4  -38.4  62 -99
SPO 2026 06 06 06  321   4.8  -9  684.28  -38.4  -38.4  -38.2  62 -99
SPO 2026 06 06 07  315   4.7  -9  683.81  -38.3  -38.2  -38.0  62 -99
SPO 2026 06 06 08  316   5.7  -9  683.40  -38.1  -38.0  -37.9  62 -99
SPO 2026 06 06 09  325   5.4  -9  683.24  -38.3  -38.3  -38.2  62 -99
SPO 2026 06 06 10  320   3.8  -9  683.07  -38.6  -38.6  -38.6  62 -99
SPO 2026 06 06 11  328   3.3  -9  682.75  -38.9  -38.8  -38.7  62 -99
SPO 2026 06 06 12  327   5.4  -9  682.36  -39.2  -39.1  -39.0  62 -99
SPO 2026 06 06 13  329   3.7  -9  682.33  -39.2  -39.2  -39.2  62 -99
SPO 2026 06 06 14  341   3.8  -9  682.03  -39.4  -39.4  -39.4  62 -99
SPO 2026 06 06 15  346   4.1  -9  681.70  -39.6  -39.7  -39.7  62 -99
SPO 2026 06 06 16  359   4.1  -9  681.67  -40.2  -40.3  -40.3  61 -99
SPO 2026 06 06 17    1   4.7  -9  681.31  -41.4  -41.2  -41.0  61 -99
SPO 2026 06 06 18    4   4.8  -9  681.10  -42.3  -42.2  -41.5  60 -99
SPO 2026 06 06 19    5   6.3  -9  680.81  -43.3  -43.2  -42.7  60 -99
SPO 2026 06 06 20  356   6.4  -9  680.47  -44.5  -44.3  -43.9  59 -99
SPO 2026 06 06 21  357   6.4  -9  680.16  -45.8  -45.5  -44.5  58 -99
SPO 2026 06 06 22  358   6.2  -9  680.04  -46.6  -46.3  -44.9  57 -99
SPO 2026 06 06 23  356   6.5  -9  679.86  -46.9  -46.9  -45.8  57 -99
SPO 2026 06 07 00  354   6.5  -9  679.50  -47.2  -47.1  -46.7  57 -99
SPO 2026 06 07 01  357   7.0  -9  679.21  -47.1  -47.1  -47.0  57 -99
SPO 2026 06 07 02  357   6.3  -9  678.96  -47.4  -47.4  -47.3  57 -99
SPO 2026 06 07 03    5   5.2  -9  678.85  -48.0  -48.0  -47.8  57 -99
SPO 2026 06 07 04    7   5.2  -9  678.50  -48.5  -48.5  -48.3  57 -99
SPO 2026 06 07 05   12   5.0  -9  678.26  -49.1  -49.1  -48.5  56 -99
SPO 2026 06 07 06    6   6.3  -9  678.05  -49.6  -49.5  -49.0  56 -99
SPO 2026 06 07 07    6   6.0  -9  677.79  -49.7  -49.8  -49.5  56 -99
SPO 2026 06 07 08  359   7.6  -9  677.26  -49.1  -49.2  -49.2  56 -99
SPO 2026 06 07 09  358   7.4  -9  676.89  -48.8  -49.0  -49.0  56 -99
SPO 2026 06 07 10  359   6.8  -9  676.65  -48.8  -49.0  -49.0  56 -99
SPO 2026 06 07 11  358   7.3  -9  676.18  -48.6  -48.7  -48.8  56 -99
SPO 2026 06 07 12    1   5.9  -9  676.20  -48.0  -48.3  -48.4  57 -99
SPO 2026 06 07 13  357   7.1  -9  675.65  -47.9  -48.1  -48.2  57 -99
SPO 2026 06 07 14  358   7.8  -9  675.20  -48.1  -48.3  -48.4  57 -99
SPO 2026 06 07 15    5   5.9  -9  675.14  -47.8  -48.0  -48.2  57 -99
SPO 2026 06 07 16    2   6.7  -9  674.63  -47.4  -47.7  -47.8  57 -99
SPO 2026 06 07 17    5   5.6  -9  674.45  -47.1  -47.4  -47.5  58 -99
SPO 2026 06 07 18    8   5.6  -9  674.15  -46.9  -47.1  -47.2  58 -99
SPO 2026 06 07 19    5   6.2  -9  673.75  -46.7  -46.9  -47.0  58 -99
SPO 2026 06 07 20  359   7.4  -9  673.31  -46.5  -46.7  -46.8  58 -99
SPO 2026 06 07 21  360   6.5  -9  673.11  -46.4  -46.6  -46.7  58 -99
SPO 2026 06 07 22  355   7.2  -9  672.78  -46.4  -46.6  -46.7  58 -99
SPO 2026 06 07 23  356   8.1  -9  672.44  -46.4  -46.6  -46.7  58 -99
SPO 2026 06 08 00  353   7.5  -9  672.18  -46.1  -46.3  -46.4  58 -99
SPO 2026 06 08 01  352   7.3  -9  671.75  -45.7  -45.9  -46.1  58 -99
SPO 2026 06 08 02  349   6.3  -9  671.48  -45.5  -45.7  -45.8  58 -99
SPO 2026 06 08 03  351   6.7  -9  671.19  -45.4  -45.6  -45.7  58 -99
SPO 2026 06 08 04  357   5.8  -9  671.05  -45.5  -45.7  -45.7  58 -99
SPO 2026 06 08 05  358   6.1  -9  670.81  -46.0  -46.1  -46.1  58 -99
SPO 2026 06 08 06  354   6.6  -9  670.49  -46.3  -46.3  -46.4  58 -99
SPO 2026 06 08 07  350   6.3  -9  670.19  -46.1  -46.3  -46.3  58 -99
SPO 2026 06 08 08  348   6.0  -9  669.95  -45.7  -45.9  -46.0  58 -99
SPO 2026 06 08 09  348   6.2  -9  669.56  -45.7  -45.9  -46.0  58 -99
SPO 2026 06 08 10  345   6.2  -9  669.28  -45.8  -46.0  -46.1  58 -99
SPO 2026 06 08 11  347   6.1  -9  669.08  -46.2  -46.4  -46.5  58 -99
SPO 2026 06 08 12  352   4.9  -9  668.94  -46.6  -46.7  -46.8  57 -99
SPO 2026 06 08 13    1   4.8  -9  668.70  -46.6  -46.9  -47.0  58 -99
SPO 2026 06 08 14  355   6.4  -9  668.34  -46.8  -47.0  -47.1  57 -99
SPO 2026 06 08 15  346   6.5  -9  667.97  -46.9  -47.0  -47.1  57 -99
SPO 2026 06 08 16  343   5.5  -9  667.79  -46.8  -47.0  -47.1  57 -99
SPO 2026 06 08 17  343   5.7  -9  667.35  -46.9  -47.0  -47.1  57 -99
SPO 2026 06 08 18  341   6.0  -9  667.13  -47.1  -47.2  -47.2  57 -99
SPO 2026 06 08 19  343   5.5  -9  666.95  -47.7  -47.7  -47.6  57 -99
SPO 2026 06 08 20  347   4.7  -9  667.01  -48.5  -48.4  -48.1  56 -99
SPO 2026 06 08 21  350   5.7  -9  666.72  -49.1  -49.1  -48.8  56 -99
SPO 2026 06 08 22  345   5.2  -9  666.64  -49.6  -49.6  -49.4  55 -99
SPO 2026 06 08 23  346   4.5  -9  666.63  -50.4  -50.0  -49.5  55 -99
SPO 2026 06 09 00  346   4.7  -9  666.63  -51.1  -50.2  -49.7  54 -99
SPO 2026 06 09 01  355   4.4  -9  666.68  -51.9  -50.8  -50.1  54 -99
SPO 2026 06 09 02  355   4.8  -9  666.67  -52.9  -51.5  -50.6  54 -99
SPO 2026 06 09 03    0   5.0  -9  666.74  -53.8  -52.1  -51.2  53 -99
SPO 2026 06 09 04    6   5.2  -9  666.75  -54.3  -53.1  -51.8  54 -99
SPO 2026 06 09 05   12   5.0  -9  666.68  -56.0  -54.2  -52.8  52 -99
SPO 2026 06 09 06   36   3.7  -9  666.85  -58.9  -56.4  -53.7  49 -99
SPO 2026 06 09 07   30   3.7  -9  667.03  -59.8  -57.1  -54.9  48 -99
SPO 2026 06 09 08   64   3.3  -9  667.29  -63.2  -59.3  -55.9  46 -99
SPO 2026 06 09 09   76   4.5  -9  667.29  -63.6  -61.2  -57.0  46 -99
SPO 2026 06 09 10   72   4.7  -9  667.32  -63.5  -62.2  -57.5  46 -99
SPO 2026 06 09 11   62   3.9  -9  667.42  -64.2  -62.4  -57.2  46 -99
SPO 2026 06 09 12   73   4.1  -9  667.47  -65.6  -63.2  -57.6  45 -99
SPO 2026 06 09 13   77   3.9  -9  667.76  -66.1  -63.5  -59.2  44 -99
SPO 2026 06 09 14   79   4.5  -9  667.86  -66.3  -63.6  -60.0  44 -99
SPO 2026 06 09 15   79   4.9  -9  667.84  -66.1  -63.8  -60.6  44 -99
SPO 2026 06 09 16   79   4.6  -9  667.92  -66.6  -64.3  -60.7  44 -99
SPO 2026 06 09 17   81   4.7  -9  667.88  -67.2  -64.9  -61.7  44 -99
SPO 2026 06 09 18   82   4.9  -9  667.99  -67.1  -65.0  -62.1  43 -99
SPO 2026 06 09 19   82   4.7  -9  667.94  -67.6  -65.4  -62.5  43 -99
SPO 2026 06 09 20   77   4.8  -9  667.92  -67.3  -65.7  -62.8  43 -99
SPO 2026 06 09 21   75   4.7  -9  667.93  -67.2  -65.8  -62.3  43 -99
SPO 2026 06 09 22   81   4.8  -9  668.01  -67.7  -65.5  -63.2  43 -99
SPO 2026 06 09 23   85   4.5  -9  668.01  -67.7  -65.5  -63.5  43 -99
SPO 2026 06 10 00   85   4.2  -9  668.14  -67.8  -66.0  -63.7  43 -99
SPO 2026 06 10 01   83   3.8  -9  668.00  -67.7  -66.3  -64.2  43 -99
SPO 2026 06 10 02   81   4.0  -9  667.99  -67.7  -66.2  -64.0  43 -99
SPO 2026 06 10 03   79   4.7  -9  667.93  -68.3  -66.3  -63.5  43 -99
SPO 2026 06 10 04   76   4.4  -9  667.68  -68.3  -66.5  -63.7  42 -99
SPO 2026 06 10 05   80   3.6  -9  667.85  -68.6  -66.7  -64.2  42 -99
SPO 2026 06 10 06   83   4.7  -9  668.00  -68.3  -66.1  -63.9  42 -99
SPO 2026 06 10 07   76   4.0  -9  668.12  -67.7  -66.6  -63.9  43 -99
SPO 2026 06 10 08   76   3.4  -9  668.20  -68.4  -66.6  -64.4  42 -99
SPO 2026 06 10 09   73   4.2  -9  668.00  -68.4  -66.6  -64.5  42 -99
SPO 2026 06 10 10   70   4.9  -9  668.00  -68.3  -66.9  -64.2  43 -99
SPO 2026 06 10 11   62   4.0  -9  668.09  -68.0  -66.9  -64.9  42 -99
SPO 2026 06 10 12   70   3.5  -9  668.09  -68.2  -67.1  -65.1  43 -99
SPO 2026 06 10 13   76   3.7  -9  668.37  -68.5  -67.2  -64.8  42 -99
SPO 2026 06 10 14   71   3.9  -9  668.41  -68.2  -66.8  -64.5  43 -99
SPO 2026 06 10 15   72   3.8  -9  668.51  -69.1  -67.5  -64.5  42 -99
SPO 2026 06 10 16   76   4.2  -9  668.67  -69.3  -67.2  -64.7  42 -99
SPO 2026 06 10 17   67   4.8  -9  668.56  -68.5  -67.3  -63.9  42 -99
SPO 2026 06 10 18   64   4.4  -9  668.51  -68.9  -67.7  -64.4  42 -99
SPO 2026 06 10 19   59   4.2  -9  668.47  -68.7  -67.4  -64.8  42 -99
SPO 2026 06 10 20   51   4.4  -9  668.68  -67.8  -66.7  -64.7  43 -99
SPO 2026 06 10 21   56   3.9  -9  668.89  -69.4  -67.8  -64.4  42 -99
SPO 2026 06 10 22   61   4.0  -9  668.68  -69.4  -68.2  -64.1  42 -99
SPO 2026 06 10 23   67   5.1  -9  668.74  -69.0  -67.8  -64.0  42 -99
SPO 2026 06 11 00   63   4.7  -9  668.83  -68.1  -67.3  -64.1  43 -99
SPO 2026 06 11 01   75   4.2  -9  668.89  -69.4  -67.8  -64.9  42 -99
SPO 2026 06 11 02   68   3.4  -9  668.88  -70.2  -68.3  -65.5  41 -99
SPO 2026 06 11 03   62   4.1  -9  668.79  -69.3  -68.2  -65.1  42 -99
SPO 2026 06 11 04   64   3.8  -9  668.73  -69.3  -67.9  -64.2  42 -99
SPO 2026 06 11 05   62   4.7  -9  668.43  -69.0  -67.7  -63.5  42 -99
SPO 2026 06 11 06   56   4.5  -9  668.17  -68.6  -67.5  -64.1  42 -99
SPO 2026 06 11 07   65   4.6  -9  668.44  -69.6  -68.2  -64.4  42 -99
SPO 2026 06 11 08   67   4.3  -9  668.44  -69.5  -68.0  -64.2  42 -99
SPO 2026 06 11 09   59   3.6  -9  668.22  -68.9  -67.3  -64.3  42 -99
SPO 2026 06 11 10   65   4.1  -9  668.15  -69.1  -67.3  -63.8  42 -99
SPO 2026 06 11 11   61   4.6  -9  667.98  -68.3  -67.1  -63.4  42 -99
SPO 2026 06 11 12   57   4.3  -9  667.65  -66.5  -65.5  -63.6  43 -99
SPO 2026 06 11 13   68   4.1  -9  667.61  -67.5  -66.7  -63.8  43 -99
SPO 2026 06 11 14   69   4.4  -9  667.30  -68.0  -67.1  -63.0  43 -99
SPO 2026 06 11 15   68   4.9  -9  667.19  -67.3  -66.2  -62.9  43 -99
SPO 2026 06 11 16   57   5.4  -9  666.98  -66.2  -65.2  -62.9  43 -99
SPO 2026 06 11 17   66   5.3  -9  666.78  -66.6  -65.6  -62.6  43 -99
SPO 2026 06 11 18   59   5.5  -9  666.64  -66.2  -65.2  -61.6  43 -99
SPO 2026 06 11 19   55   5.5  -9  666.45  -65.8  -64.4  -61.2  44 -99
SPO 2026 06 11 20   52   5.4  -9  666.34  -64.8  -63.3  -61.1  44 -99
SPO 2026 06 11 21   47   5.2  -9  666.21  -63.2  -62.0  -60.5  45 -99
SPO 2026 06 11 22   42   5.6  -9  666.02  -63.2  -61.6  -60.1 -99 -99
SPO 2026 06 11 23   35   6.1  -9  665.89  -61.2  -60.4  -59.5  46 -99
SPO 2026 06 12 00   42   5.0  -9  665.97  -61.1  -60.3  -59.4  47 -99
SPO 2026 06 12 01   40   6.1  -9  665.98  -61.4  -60.5  -59.4  47 -99
SPO 2026 06 12 02   39   5.6  -9  666.02  -60.5  -59.8  -59.0  47 -99
SPO 2026 06 12 03   35   6.2  -9  665.71  -59.3  -58.7  -58.3  48 -99
SPO 2026 06 12 04   35   6.1  -9  665.71  -58.9  -58.3  -57.8  48 -99
SPO 2026 06 12 05   38   6.6  -9  665.76  -59.5  -58.7  -57.9  48 -99
SPO 2026 06 12 06   38   7.0  -9  665.72  -59.5  -58.8  -58.0  48 -99
SPO 2026 06 12 07   34   8.4  -9  665.82  -58.8  -58.2  -57.6  48 -99
SPO 2026 06 12 08   38   7.5  -9  665.88  -58.6  -58.2  -57.6  49 -99
SPO 2026 06 12 09   40   7.1  -9  665.80  -58.4  -58.0  -57.4  49 -99
SPO 2026 06 12 10   40   7.2  -9  665.87  -58.7  -58.1  -57.5  49 -99
SPO 2026 06 12 11   40   7.3  -9  666.06  -58.6  -58.2  -57.5  49 -99
SPO 2026 06 12 12   44   6.4  -9  666.02  -58.6  -58.3  -57.9  49 -99
SPO 2026 06 12 13   50   5.4  -9  666.00  -60.5  -59.8  -58.4  48 -99
SPO 2026 06 12 14   56   5.0  -9  666.15  -63.5  -61.5  -59.1  46 -99
SPO 2026 06 12 15   53   5.5  -9  666.32  -62.3  -61.1  -59.4  46 -99
SPO 2026 06 12 16   55   5.3  -9  666.30  -62.0  -60.9  -59.4  47 -99
SPO 2026 06 12 17   56   5.1  -9  666.33  -64.2  -62.1  -59.3  45 -99
SPO 2026 06 12 18   59   5.2  -9  666.36  -65.0  -63.2  -59.2  45 -99
SPO 2026 06 12 19   67   5.1  -9  666.39  -65.6  -64.4  -59.9  44 -99
SPO 2026 06 12 20   64   5.0  -9  666.50  -64.9  -63.5  -59.6  44 -99
SPO 2026 06 12 21   66   5.1  -9  666.55  -65.0  -63.6  -59.5  45 -99
SPO 2026 06 12 22   69   5.7  -9  666.58  -65.9  -64.2  -58.8  44 -99
SPO 2026 06 12 23   66   5.1  -9  666.65  -65.5  -63.9  -59.6  44 -99
SPO 2026 06 13 00   59   5.3  -9  666.55  -64.5  -63.0  -59.2  45 -99
SPO 2026 06 13 01   61   5.1  -9  666.31  -64.7  -63.4  -59.6  45 -99
SPO 2026 06 13 02   72   4.1  -9  666.46  -66.6  -64.8  -60.0  44 -99
SPO 2026 06 13 03   74   5.0  -9  666.37  -67.7  -64.1  -59.5  43 -99
SPO 2026 06 13 04   69   5.1  -9  666.39  -66.5  -64.2  -58.4  43 -99
SPO 2026 06 13 05   64   5.6  -9  666.38  -65.6  -63.2  -57.5  44 -99
SPO 2026 06 13 06   64   5.3  -9  666.29  -64.4  -62.9  -58.4  45 -99
SPO 2026 06 13 07   73   4.8  -9  666.26  -65.4  -63.5  -59.0  44 -99
SPO 2026 06 13 08   70   5.2  -9  666.14  -65.7  -63.7  -58.7  44 -99
SPO 2026 06 13 09   69   5.4  -9  666.19  -65.8  -63.7  -58.4  44 -99
SPO 2026 06 13 10   67   5.6  -9  665.96  -65.6  -63.6  -57.9  44 -99
SPO 2026 06 13 11   69   5.7  -9  665.85  -65.3  -63.5  -57.9  44 -99
SPO 2026 06 13 12   69   6.1  -9  665.74  -64.4  -62.7  -57.8  45 -99
SPO 2026 06 13 13   68   6.0  -9  665.79  -64.8  -62.5  -57.3  44 -99
SPO 2026 06 13 14   68   5.5  -9  665.68  -65.1  -62.7  -57.3  44 -99
SPO 2026 06 13 15   67   5.7  -9  665.54  -64.9  -62.9  -57.7  44 -99
SPO 2026 06 13 16   69   5.8  -9  665.45  -64.8  -62.9  -57.9  44 -99
SPO 2026 06 13 17   68   6.1  -9  665.42  -64.0  -62.2  -57.5  45 -99
SPO 2026 06 13 18   74   5.6  -9  665.26  -64.2  -62.4  -58.0  45 -99
SPO 2026 06 13 19   77   5.6  -9  665.28  -64.4  -62.5  -58.2  45 -99
SPO 2026 06 13 20   79   5.6  -9  665.26  -65.0  -62.7  -58.5  44 -99
SPO 2026 06 13 21   75   5.4  -9  665.10  -65.3  -62.8  -57.7  44 -99
SPO 2026 06 13 22   73   5.9  -9  665.13  -65.6  -62.4  -57.3  44 -99
SPO 2026 06 13 23   73   5.6  -9  665.27  -65.6  -62.3  -57.3  44 -99
SPO 2026 06 14 00   70   5.8  -9  665.22  -64.7  -62.4  -57.2  44 -99
SPO 2026 06 14 01   71   5.7  -9  665.32  -63.5  -62.0  -57.4  45 -99
SPO 2026 06 14 02   69   5.9  -9  665.45  -63.2  -61.6  -57.5  45 -99
SPO 2026 06 14 03   65   5.6  -9  665.53  -63.9  -62.1  -57.4  45 -99
SPO 2026 06 14 04   70   4.9  -9  665.50  -64.0  -61.4  -57.7  45 -99
SPO 2026 06 14 05   62   4.8  -9  665.52  -63.9  -60.9  -57.0  45 -99
SPO 2026 06 14 06   65   5.2  -9  665.62  -63.9  -61.0  -57.0  45 -99
SPO 2026 06 14 07   48   5.5  -9  665.69  -63.2  -59.5  -56.7  44 -99
SPO 2026 06 14 08   40   6.4  -9  665.83  -58.8  -57.6  -56.3  48 -99
SPO 2026 06 14 09   40   6.5  -9  666.12  -58.5  -57.6  -56.6  48 -99
SPO 2026 06 14 10   45   5.9  -9  666.33  -58.5  -57.8  -56.9  48 -99
SPO 2026 06 14 11   42   5.8  -9  666.39  -58.0  -57.3  -56.6  49 -99
SPO 2026 06 14 12   40   6.4  -9  666.45  -57.0  -56.6  -56.1  50 -99
SPO 2026 06 14 13   37   6.0  -9  666.50  -56.9  -56.2  -55.7  50 -99
SPO 2026 06 14 14   40   5.0  -9  666.57  -57.6  -56.7  -55.8  49 -99
SPO 2026 06 14 15   40   5.6  -9  666.66  -57.9  -57.0  -56.0  49 -99
SPO 2026 06 14 16   45   5.7  -9  666.73  -58.1  -57.5  -56.6  49 -99
SPO 2026 06 14 17   39   6.2  -9  666.85  -58.2  -57.4  -56.7  49 -99
SPO 2026 06 14 18   36   6.5  -9  666.83  -58.2  -57.4  -56.7  49 -99
SPO 2026 06 14 19   34   7.2  -9  666.75  -58.4  -57.6  -56.9  48 -99
SPO 2026 06 14 20   37   6.6  -9  666.89  -58.6  -57.9  -57.2  48 -99
SPO 2026 06 14 21   35   6.5  -9  667.00  -58.7  -57.9  -57.3  48 -99
SPO 2026 06 14 22   41   5.9  -9  667.13  -59.2  -58.7  -57.9  48 -99
SPO 2026 06 14 23   39   5.9  -9  667.06  -59.5  -58.9  -58.2  48 -99
SPO 2026 06 15 00   36   6.0  -9  666.98  -59.2  -58.6  -58.1  48 -99
SPO 2026 06 15 01   38   6.2  -9  666.94  -59.4  -58.9  -58.4  48 -99
SPO 2026 06 15 02   42   6.3  -9  666.95  -60.1  -59.6  -58.8  48 -99
SPO 2026 06 15 03   41   6.7  -9  667.07  -60.7  -60.1  -59.1  47 -99
SPO 2026 06 15 04   44   6.2  -9  667.10  -61.1  -60.5  -59.4  47 -99
SPO 2026 06 15 05   45   5.7  -9  667.27  -61.1  -60.6  -59.8  47 -99
SPO 2026 06 15 06   45   5.3  -9  667.27  -61.0  -60.6  -60.1  47 -99
SPO 2026 06 15 07   51   4.1  -9  667.32  -64.2  -62.3  -60.9  46 -99
SPO 2026 06 15 08   54   4.3  -9  667.40  -65.9  -63.5  -61.5  44 -99
SPO 2026 06 15 09   62   4.3  -9  667.58  -66.1  -64.2  -61.7  44 -99
SPO 2026 06 15 10   69   4.2  -9  667.64  -66.5  -64.8  -61.6  43 -99
SPO 2026 06 15 11   76   4.6  -9  667.76  -67.5  -64.7  -62.0  43 -99
SPO 2026 06 15 12   78   4.8  -9  667.77  -67.9  -65.0  -62.1  42 -99
SPO 2026 06 15 13   80   4.6  -9  667.76  -68.5  -65.6  -62.3  42 -99
SPO 2026 06 15 14   81   4.1  -9  667.92  -69.4  -65.9  -62.8  41 -99
SPO 2026 06 15 15   82   4.2  -9  668.03  -69.0  -65.7  -63.3  41 -99
SPO 2026 06 15 16   82   4.1  -9  668.09  -68.9  -66.0  -63.4  41 -99
SPO 2026 06 15 17   82   4.3  -9  668.27  -69.0  -66.3  -63.6  41 -99
SPO 2026 06 15 18   82   4.5  -9  668.29  -69.2  -66.4  -63.7  41 -99
SPO 2026 06 15 19   84   3.7  -9  668.41  -69.4  -66.8  -64.2  41 -99
SPO 2026 06 15 20   85   3.8  -9  668.49  -69.7  -67.1  -64.8  41 -99
SPO 2026 06 15 21   84   3.9  -9  668.46  -70.1  -67.8  -65.2  41 -99
SPO 2026 06 15 22   86   4.0  -9  668.43  -69.6  -68.4  -65.2  41 -99
SPO 2026 06 15 23   87   1.1  -9  668.48  -69.5  -68.8  -67.2  41 -99
SPO 2026 06 16 00   87   1.4  -9  668.39  -70.1  -69.0  -66.7  41 -99
SPO 2026 06 16 01   95   3.3  -9  668.50  -70.5  -69.2  -65.6  40 -99
SPO 2026 06 16 02  102   4.8  -9  668.38  -70.8  -69.2  -64.2  40 -99
SPO 2026 06 16 03  102   5.0  -9  668.48  -71.1  -69.1  -64.1  40 -99
SPO 2026 06 16 04  102   4.3  -9  668.20  -71.5  -69.4  -64.9  40 -99
SPO 2026 06 16 05  102   4.3  -9  668.26  -71.9  -70.2  -65.3  40 -99
SPO 2026 06 16 06  103   4.7  -9  668.33  -72.0  -70.2  -65.9  40 -99
SPO 2026 06 16 07  101   4.5  -9  668.25  -71.8  -69.9  -66.6  40 -99
SPO 2026 06 16 08  101   4.1  -9  668.29  -72.3  -70.3  -67.5  39 -99
SPO 2026 06 16 09  101   4.3  -9  668.26  -72.6  -71.0  -67.7  39 -99
SPO 2026 06 16 10  106   4.8  -9  668.50  -72.8  -71.1  -68.5  39 -99
SPO 2026 06 16 11  102   4.5  -9  668.46  -72.4  -71.4  -68.1  39 -99
SPO 2026 06 16 12  102   4.7  -9  668.70  -72.3  -71.4  -68.1  39 -99
SPO 2026 06 16 13   94   5.4  -9  668.77  -72.3  -71.3  -66.4  39 -99
SPO 2026 06 16 14   90   5.3  -9  668.87  -71.9  -70.3  -66.7  40 -99
SPO 2026 06 16 15   92   4.7  -9  669.12  -72.1  -70.1  -67.0  39 -99
SPO 2026 06 16 16   94   3.7  -9  669.29  -72.2  -70.4  -67.2  40 -99
SPO 2026 06 16 17   94   3.9  -9  669.49  -72.6  -70.2  -66.8  39 -99
SPO 2026 06 16 18   85   4.3  -9  669.57  -71.5  -69.9  -66.6  40 -99
SPO 2026 06 16 19   84   4.6  -9  669.74  -70.8  -69.3  -66.7  40 -99
SPO 2026 06 16 20   84   4.3  -9  669.90  -70.5  -69.3  -66.4  40 -99
SPO 2026 06 16 21   87   4.1  -9  670.10  -70.7  -68.9  -66.2  40 -99
SPO 2026 06 16 22   89   4.9  -9  670.27  -70.7  -68.7  -65.9  40 -99
SPO 2026 06 16 23   90   4.2  -9  670.50  -70.4  -68.1  -65.9  40 -99
SPO 2026 06 17 00   89   4.6  -9  670.65  -70.4  -68.2  -65.6  40 -99
SPO 2026 06 17 01   88   4.1  -9  670.66  -70.2  -68.9  -66.0  40 -99
SPO 2026 06 17 02   92   4.1  -9  670.89  -70.2  -68.5  -65.9  40 -99
SPO 2026 06 17 03   97   4.7  -9  671.00  -70.6  -67.8  -65.5  40 -99
SPO 2026 06 17 04   85   5.3  -9  670.94  -70.7  -68.5  -65.2  40 -99
SPO 2026 06 17 05   81   5.4  -9  670.92  -70.5  -68.8  -64.6  40 -99
SPO 2026 06 17 06   89   4.2  -9  671.33  -70.7  -68.2  -65.3  40 -99
SPO 2026 06 17 07   89   5.1  -9  671.50  -70.6  -67.8  -64.4  40 -99
SPO 2026 06 17 08   80   5.7  -9  671.69  -69.9  -67.3  -64.0  41 -99
SPO 2026 06 17 09   82   5.4  -9  672.02  -70.4  -67.8  -63.8  40 -99
SPO 2026 06 17 10   77   6.0  -9  672.02  -69.5  -67.9  -63.0  41 -99
SPO 2026 06 17 11   78   5.2  -9  671.97  -70.1  -68.1  -63.0  41 -99
SPO 2026 06 17 12   76   5.4  -9  672.09  -70.0  -66.7  -62.9  41 -99
SPO 2026 06 17 13   69   6.0  -9  672.14  -69.2  -67.2  -61.9  41 -99
SPO 2026 06 17 14   70   5.6  -9  672.43  -68.7  -67.4  -61.9  41 -99
SPO 2026 06 17 15   70   5.1  -9  672.66  -68.4  -67.1  -62.3  42 -99
SPO 2026 06 17 16   73   4.6  -9  672.89  -69.3  -67.3  -62.3  41 -99
SPO 2026 06 17 17   64   5.8  -9  672.83  -68.0  -66.5  -62.3  42 -99
SPO 2026 06 17 18   70   5.1  -9  673.10  -68.6  -67.2  -62.5  42 -99
SPO 2026 06 17 19   72   4.0  -9  673.47  -68.9  -67.1  -62.7  42 -99
SPO 2026 06 17 20   70   4.6  -9  673.90  -69.3  -67.1  -62.2  41 -99
SPO 2026 06 17 21   71   4.3  -9  674.49  -68.7  -66.3  -62.2  41 -99
SPO 2026 06 17 22   59   5.3  -9  674.59  -67.1  -65.4  -61.7  42 -99
SPO 2026 06 17 23   58   4.1  -9  674.93  -67.2  -65.4  -62.1  43 -99
SPO 2026 06 18 00   70   3.3  -9  675.35  -67.4  -65.6  -62.1  42 -99
SPO 2026 06 18 01   73   3.7  -9  675.57  -67.0  -65.9  -62.2  43 -99
SPO 2026 06 18 02   66   4.3  -9  675.78  -67.2  -65.7  -61.6  42 -99
SPO 2026 06 18 03   53   3.4  -9  676.21  -65.9  -64.1  -61.5  43 -99
SPO 2026 06 18 04   48   3.7  -9  676.47  -63.1  -61.7  -60.3  45 -99
SPO 2026 06 18 05   50   2.1  -9  676.86  -64.4  -62.6  -60.0  44 -99
SPO 2026 06 18 06   47   3.0  -9  677.28  -64.3  -61.9  -59.5  44 -99
SPO 2026 06 18 07   40   4.5  -9  677.62  -60.3  -59.6  -58.9  46 -99
SPO 2026 06 18 08   36   4.6  -9  678.04  -59.0  -58.7  -58.3  47 -99
SPO 2026 06 18 09   30   4.9  -9  678.35  -58.1  -57.9  -57.9  47 -99
SPO 2026 06 18 10   28   4.9  -9  678.63  -57.4  -57.3  -57.3  48 -99
SPO 2026 06 18 11   26   3.9  -9  678.90  -57.4  -57.5  -57.5  48 -99
SPO 2026 06 18 12   39   3.0  -9  679.37  -57.7  -57.5  -57.3  49 -99
SPO 2026 06 18 13   28   5.2  -9  679.23  -57.3  -57.2  -57.1  48 -99
SPO 2026 06 18 14   23   5.0  -9  679.55  -56.9  -57.1  -57.1  48 -99
SPO 2026 06 18 15   19   5.2  -9  679.86  -56.6  -56.9  -57.0  48 -99
SPO 2026 06 18 16   16   5.8  -9  679.63  -56.3  -56.5  -56.5  49 -99
SPO 2026 06 18 17   25   4.3  -9  679.99  -55.7  -55.9  -56.0  48 -99
SPO 2026 06 18 18   21   4.7  -9  680.26  -55.5  -55.9  -56.0  49 -99
SPO 2026 06 18 19   23   4.3  -9  680.43  -55.9  -55.9  -55.9  48 -99
SPO 2026 06 18 20   15   5.8  -9  680.36  -56.6  -56.5  -55.8  49 -99
SPO 2026 06 18 21   14   5.8  -9  680.44  -56.5  -56.5  -55.9  49 -99
SPO 2026 06 18 22   11   6.6  -9  680.51  -56.6  -56.6  -55.9  49 -99
SPO 2026 06 18 23    3   8.2  -9  680.42  -56.8  -56.5  -55.4  50 -99
SPO 2026 06 19 00    3   8.4  -9  680.37  -56.8  -56.5  -55.4  50 -99
SPO 2026 06 19 01    4   8.1  -9  680.48  -56.8  -56.5  -55.2  50 -99
SPO 2026 06 19 02  360   8.3  -9  680.60  -56.1  -56.0  -55.3  50 -99
SPO 2026 06 19 03  357   7.7  -9  680.66  -54.8  -54.9  -54.5  51 -99
SPO 2026 06 19 04  356   7.4  -9  680.77  -54.0  -54.1  -53.6  52 -99
SPO 2026 06 19 05  357   7.7  -9  680.72  -53.8  -53.9  -53.7  52 -99
SPO 2026 06 19 06  357   7.2  -9  680.90  -53.6  -53.7  -53.2  52 -99
SPO 2026 06 19 07  355   6.7  -9  680.75  -53.6  -53.6  -52.8  52 -99
SPO 2026 06 19 08  350   7.0  -9  680.65  -53.4  -53.4  -52.4  52 -99
SPO 2026 06 19 09  347   7.2  -9  680.69  -52.6  -52.8  -52.4  53 -99
SPO 2026 06 19 10  339   5.7  -9  680.73  -51.6  -51.8  -51.6  53 -99
SPO 2026 06 19 11  335   5.0  -9  680.61  -50.9  -51.0  -50.8  54 -99
SPO 2026 06 19 12  332   4.7  -9  680.55  -49.9  -50.0  -49.4  54 -99
SPO 2026 06 19 13  339   3.8  -9  680.32  -49.6  -49.7  -49.1  55 -99
SPO 2026 06 19 14  346   3.0  -9  680.30  -49.6  -49.7  -48.5  55 -99
SPO 2026 06 19 15  342   4.4  -9  680.08  -49.6  -49.8  -49.2  55 -99
SPO 2026 06 19 16  339   3.5  -9  679.96  -49.0  -49.2  -49.0  55 -99
SPO 2026 06 19 17  333   3.3  -9  679.75  -48.5  -48.7  -48.4  55 -99
SPO 2026 06 19 18  307   4.1  -9  679.25  -47.5  -47.6  -47.3  56 -99
SPO 2026 06 19 19  287   3.2  -9  678.95  -47.4  -47.3  -46.6  56 -99
SPO 2026 06 19 20  259   2.4  -9  678.79  -46.8  -46.9  -46.6  56 -99
SPO 2026 06 19 21  243   2.2  -9  678.57  -46.5  -46.6  -46.4  57 -99
SPO 2026 06 19 22  266   2.5  -9  677.96  -47.0  -46.7  -45.6  57 -99
SPO 2026 06 19 23  255   1.8  -9  677.65  -47.4  -46.9  -45.8  56 -99
SPO 2026 06 20 00  250   0.9  -9  677.40  -47.7  -47.1  -45.9  55 -99
SPO 2026 06 20 01  238   2.2  -9  676.84  -47.3  -46.9  -43.3  56 -99
SPO 2026 06 20 02  229   1.5  -9  676.70  -48.8  -47.4  -43.4  56 -99
SPO 2026 06 20 03  103   2.8  -9  676.73  -50.3  -47.4  -45.9  53 -99
SPO 2026 06 20 04   93   3.0  -9  676.62  -49.8  -47.5  -45.0  55 -99
SPO 2026 06 20 05   96   3.1  -9  676.48  -52.0  -46.8  -44.5  53 -99
SPO 2026 06 20 06  102   4.2  -9  676.31  -51.4  -47.0  -44.4  53 -99
SPO 2026 06 20 07  100   4.1  -9  676.18  -50.9  -48.2  -44.5  54 -99
SPO 2026 06 20 08   93   4.5  -9  676.10  -51.5  -49.2  -45.4  53 -99
SPO 2026 06 20 09   84   4.1  -9  676.05  -51.0  -48.3  -45.2  54 -99
SPO 2026 06 20 10   85   4.6  -9  676.21  -52.3  -50.0  -47.6  53 -99
SPO 2026 06 20 11   94   4.5  -9  676.18  -53.9  -51.2  -49.1  52 -99
SPO 2026 06 20 12   97   5.0  -9  676.13  -54.8  -52.5  -49.3  51 -99
SPO 2026 06 20 13   99   6.4  -9  675.83  -54.9  -52.8  -49.6  51 -99
SPO 2026 06 20 14  102   6.8  -9  675.82  -55.7  -53.2  -50.2  50 -99
SPO 2026 06 20 15  105   7.0  -9  675.62  -55.7  -53.3  -51.5  51 -99
SPO 2026 06 20 16   92   5.9  -9  675.40  -56.2  -54.4  -53.1  50 -99
SPO 2026 06 20 17   86   7.6  -9  675.24  -56.7  -56.0  -54.0  50 -99
SPO 2026 06 20 18   92   7.7  -9  675.06  -57.9  -56.9  -54.6  49 -99
SPO 2026 06 20 19   91   7.9  -9  674.80  -58.2  -56.9  -54.2  49 -99
SPO 2026 06 20 20   94   7.7  -9  674.49  -57.7  -56.8  -55.0  49 -99
SPO 2026 06 20 21   99   7.2  -9  674.05  -58.5  -57.2  -55.2  49 -99
SPO 2026 06 20 22   98   7.4  -9  673.49  -58.4  -57.3  -56.1  49 -99
SPO 2026 06 20 23   97   8.0  -9  672.97  -59.3  -58.6  -57.5  48 -99
SPO 2026 06 21 00   97   9.6  -9  672.38  -60.1  -59.8  -59.3  48 -99
SPO 2026 06 21 01   99   9.5  -9  672.04  -61.1  -60.9  -60.5  47 -99
SPO 2026 06 21 02   88   5.9  -9  671.84  -61.5  -61.2  -60.9  47 -99
SPO 2026 06 21 03   91   7.5  -9  671.19  -61.5  -61.1  -60.7  47 -99
SPO 2026 06 21 04   87   8.0  -9  670.74  -61.7  -61.5  -61.3  47 -99
SPO 2026 06 21 05   91   8.7  -9  670.11  -62.1  -61.8  -61.3  47 -99
SPO 2026 06 21 06   93   8.0  -9  669.44  -62.1  -61.6  -61.1  47 -99
SPO 2026 06 21 07   89   7.9  -9  668.95  -61.9  -61.4  -60.8  46 -99
SPO 2026 06 21 08   89   7.3  -9  668.57  -61.6  -61.1  -60.5  47 -99
SPO 2026 06 21 09   95   7.1  -9  668.03  -62.2  -61.1  -60.0  47 -99
SPO 2026 06 21 10  100   6.7  -9  667.52  -63.0  -61.6  -60.3  46 -99
SPO 2026 06 21 11   98   7.2  -9  666.73  -63.6  -61.9  -60.5  45 -99
SPO 2026 06 21 12   88   8.0  -9  666.02  -62.8  -62.1  -60.9  46 -99
SPO 2026 06 21 13   84   8.1  -9  665.33  -62.7  -62.1  -61.3  46 -99
SPO 2026 06 21 14   86   8.3  -9  664.55  -62.8  -62.4  -61.7  46 -99
SPO 2026 06 21 15   89   7.1  -9  664.01  -63.3  -62.8  -62.0  46 -99
SPO 2026 06 21 16   90   6.4  -9  663.67  -64.2  -63.3  -62.0  45 -99
SPO 2026 06 21 17   92   6.2  -9  663.14  -65.1  -63.7  -62.1  45 -99
SPO 2026 06 21 18   93   5.9  -9  662.74  -65.4  -64.1  -62.5  44 -99
SPO 2026 06 21 19   99   5.7  -9  662.61  -66.3  -64.6  -62.9  44 -99
SPO 2026 06 21 20   96   6.3  -9  662.16  -66.5  -65.3  -63.4  43 -99
SPO 2026 06 21 21   89   6.2  -9  661.67  -66.5  -65.7  -64.3  44 -99
SPO 2026 06 21 22   87   6.2  -9  661.27  -67.1  -66.0  -64.1  43 -99
SPO 2026 06 21 23   86   5.7  -9  661.21  -67.3  -65.7  -64.0  43 -99
SPO 2026 06 22 00   86   6.1  -9  661.01  -67.9  -66.2  -63.9  42 -99
SPO 2026 06 22 01   84   5.4  -9  660.98  -68.3  -66.4  -63.3  42 -99
SPO 2026 06 22 02   85   5.4  -9  661.17  -69.1  -66.5  -63.2  42 -99
SPO 2026 06 22 03   83   5.5  -9  661.24  -69.2  -66.3  -62.6  42 -99
SPO 2026 06 22 04   82   5.5  -9  661.28  -69.5  -66.3  -62.6  41 -99
SPO 2026 06 22 05   81   5.6  -9  661.25  -69.5  -66.3  -62.4  41 -99
SPO 2026 06 22 06   81   5.3  -9  661.52  -69.6  -66.5  -62.5  41 -99
SPO 2026 06 22 07   75   5.3  -9  661.79  -69.9  -65.9  -61.8  41 -99
SPO 2026 06 22 08   78   5.3  -9  661.97  -70.1  -66.5  -61.9  41 -99
SPO 2026 06 22 09   76   5.5  -9  662.20  -70.3  -66.9  -61.7  41 -99
SPO 2026 06 22 10   71   5.4  -9  662.42  -70.8  -66.6  -60.9  41 -99
SPO 2026 06 22 11   69   5.6  -9  662.72  -71.0  -66.5  -61.0  40 -99
SPO 2026 06 22 12   67   5.2  -9  663.22  -71.1  -66.9  -61.1  40 -99
SPO 2026 06 22 13   57   4.8  -9  663.69  -70.3  -66.9  -60.9  40 -99
SPO 2026 06 22 14   61   4.8  -9  664.15  -71.7  -66.5  -61.1  39 -99
SPO 2026 06 22 15   69   4.3  -9  664.43  -71.8  -67.3  -61.2  40 -99
SPO 2026 06 22 16   61   4.9  -9  664.55  -71.2  -67.8  -60.9  40 -99
SPO 2026 06 22 17   67   3.6  -9  665.33  -71.2  -67.9  -61.8  40 -99
SPO 2026 06 22 18   65   2.7  -9  665.95  -69.2  -67.1  -62.5  41 -99
SPO 2026 06 22 19   67   2.6  -9  666.18  -66.6  -66.2  -62.8  43 -99
SPO 2026 06 22 20   48   3.1  -9  666.13  -63.4  -63.3  -62.1  44 -99
SPO 2026 06 22 21   32   3.0  -9  666.40  -61.2  -61.3  -61.2  46 -99
SPO 2026 06 22 22   17   1.9  -9  667.13  -60.2  -60.4  -60.5  47 -99
SPO 2026 06 22 23   30   2.9  -9  667.26  -59.4  -59.6  -59.6  46 -99
SPO 2026 06 23 00   18   3.6  -9  667.39  -58.7  -59.2  -59.2  47 -99
SPO 2026 06 23 01   20   3.6  -9  667.57  -58.0  -58.5  -58.6  47 -99
SPO 2026 06 23 02   14   3.6  -9  667.68  -57.6  -58.1  -58.2  48 -99
SPO 2026 06 23 03   10   4.1  -9  667.63  -57.5  -57.9  -58.0  49 -99
SPO 2026 06 23 04    2   4.0  -9  667.90  -57.3  -57.5  -57.6  50 -99
SPO 2026 06 23 05  357   4.2  -9  667.84  -57.1  -57.2  -57.3  50 -99
SPO 2026 06 23 06  358   3.6  -9  667.89  -56.9  -57.0  -57.1  50 -99
SPO 2026 06 23 07  352   4.2  -9  668.08  -56.9  -57.0  -57.0  50 -99
SPO 2026 06 23 08  350   4.8  -9  668.04  -57.2  -57.2  -57.2  50 -99
SPO 2026 06 23 09  346   4.0  -9  668.23  -57.4  -57.5  -57.4  49 -99
SPO 2026 06 23 10  350   5.1  -9  668.15  -57.6  -57.6  -57.4  49 -99
SPO 2026 06 23 11  343   5.1  -9  667.93  -57.6  -57.6  -57.5  49 -99
SPO 2026 06 23 12  336   4.5  -9  667.77  -57.7  -57.7  -57.6  49 -99
SPO 2026 06 23 13  352   3.4  -9  667.88  -57.8  -57.7  -57.5  50 -99
SPO 2026 06 23 14  358   4.0  -9  667.88  -58.0  -57.9  -57.8  49 -99
SPO 2026 06 23 15  354   4.7  -9  667.67  -58.0  -58.0  -57.8  49 -99
SPO 2026 06 23 16  356   5.1  -9  667.65  -58.2  -58.1  -58.0  49 -99
SPO 2026 06 23 17  356   5.8  -9  667.50  -58.6  -58.4  -58.1  49 -99
SPO 2026 06 23 18  354   5.8  -9  667.39  -59.1  -58.8  -58.3  48 -99
SPO 2026 06 23 19  357   5.9  -9  667.29  -59.3  -59.1  -58.3  48 -99
SPO 2026 06 23 20  360   5.5  -9  667.30  -59.8  -59.6  -58.9  48 -99
SPO 2026 06 23 21    2   6.0  -9  667.13  -59.7  -59.4  -58.7  48 -99
SPO 2026 06 23 22    9   5.6  -9  666.96  -59.7  -59.4  -58.3  48 -99
SPO 2026 06 23 23    0   6.0  -9  666.86  -59.6  -59.2  -57.9  48 -99
SPO 2026 06 24 00    1   6.3  -9  666.75  -59.1  -58.9  -57.0  48 -99
SPO 2026 06 24 01    6   5.8  -9  666.56  -58.2  -58.3  -57.4  49 -99
SPO 2026 06 24 02    3   5.9  -9  666.28  -57.7  -57.8  -57.5  50 -99
SPO 2026 06 24 03  356   6.4  -9  666.00  -56.9  -56.9  -56.6  50 -99
SPO 2026 06 24 04  355   6.3  -9  665.99  -56.4  -56.4  -55.7  50 -99
SPO 2026 06 24 05  358   6.4  -9  665.90  -56.4  -56.3  -55.1  50 -99
SPO 2026 06 24 06  357   6.4  -9  666.03  -57.1  -56.7  -54.9  50 -99
SPO 2026 06 24 07  358   6.8  -9  666.14  -57.5  -57.2  -55.1  49 -99
SPO 2026 06 24 08  354   6.5  -9  666.07  -57.5  -57.2  -55.3  49 -99
SPO 2026 06 24 09    1   5.8  -9  665.92  -57.2  -56.9  -55.6  50 -99
SPO 2026 06 24 10    2   5.5  -9  666.01  -57.3  -56.6  -54.9  50 -99
SPO 2026 06 24 11    5   5.1  -9  665.96  -57.9  -56.6  -54.6  50 -99
SPO 2026 06 24 12    4   5.6  -9  665.80  -59.4  -56.5  -54.2  49 -99
SPO 2026 06 24 13   16   4.6  -9  665.89  -60.9  -57.4  -54.8  46 -99
SPO 2026 06 24 14   16   5.7  -9  665.80  -59.7  -57.1  -54.1  45 -99
SPO 2026 06 24 15   11   5.6  -9  665.92  -59.8  -57.7  -54.2  47 -99
SPO 2026 06 24 16    9   6.3  -9  665.79  -59.9  -58.2  -52.5  48 -99
SPO 2026 06 24 17   11   5.9  -9  665.70  -59.6  -58.1  -51.2  48 -99
SPO 2026 06 24 18   10   5.9  -9  665.55  -59.9  -58.2  -51.5  48 -99
SPO 2026 06 24 19   14   6.0  -9  665.43  -59.6  -58.6  -54.5  46 -99
SPO 2026 06 24 20   16   5.8  -9  665.30  -58.8  -58.1  -55.0  48 -99
SPO 2026 06 24 21   15   6.5  -9  665.07  -58.9  -58.3  -54.6  47 -99
SPO 2026 06 24 22    7   6.7  -9  664.97  -58.8  -58.4  -55.6  48 -99
SPO 2026 06 24 23    9   6.8  -9  664.74  -57.8  -57.7  -55.7  49 -99
SPO 2026 06 25 00    7   7.3  -9  664.50  -56.1  -55.9  -54.9  50 -99
SPO 2026 06 25 01  358   7.6  -9  664.30  -54.7  -54.8  -54.4  51 -99
SPO 2026 06 25 02  358   7.4  -9  664.21  -54.4  -54.5  -54.2  51 -99
SPO 2026 06 25 03  358   7.5  -9  664.31  -53.8  -53.9  -53.8  52 -99
SPO 2026 06 25 04  358   8.4  -9  664.19  -52.8  -52.9  -52.8  53 -99
SPO 2026 06 25 05  355   8.3  -9  664.02  -51.7  -51.8  -51.8  53 -99
SPO 2026 06 25 06  351   9.0  -9  663.96  -51.0  -51.0  -51.0  54 -99
SPO 2026 06 25 07  351   8.6  -9  664.04  -50.4  -50.4  -50.4  54 -99
SPO 2026 06 25 08  350   9.0  -9  664.12  -50.0  -50.1  -50.1  54 -99
SPO 2026 06 25 09  352   9.0  -9  664.18  -49.9  -49.9  -49.8  54 -99
SPO 2026 06 25 10  351   9.4  -9  664.28  -49.9  -50.0  -50.0  55 -99
SPO 2026 06 25 11  351   8.5  -9  664.71  -50.2  -50.2  -50.1  54 -99
SPO 2026 06 25 12  349   7.9  -9  665.01  -49.7  -49.7  -49.6  55 -99
SPO 2026 06 25 13  352   8.1  -9  665.18  -49.5  -49.4  -49.3  55 -99
SPO 2026 06 25 14  348   8.6  -9  665.38  -49.3  -49.3  -49.1  55 -99
SPO 2026 06 25 15  349   9.5  -9  665.33  -49.5  -49.4  -49.3  55 -99
SPO 2026 06 25 16  348  10.2  -9  665.71  -49.9  -49.9  -50.0  55 -99
SPO 2026 06 25 17  347  10.3  -9  665.87  -49.7  -49.8  -49.9  55 -99
SPO 2026 06 25 18  350   9.6  -9  666.38  -49.6  -49.6  -49.7  55 -99
SPO 2026 06 25 19  353   8.9  -9  666.70  -49.8  -49.8  -49.7  55 -99
SPO 2026 06 25 20  359   8.8  -9  666.99  -49.8  -49.7  -49.6  55 -99
SPO 2026 06 25 21    1   9.5  -9  667.14  -49.5  -49.5  -49.4  55 -99
SPO 2026 06 25 22    2   9.5  -9  667.67  -49.2  -49.2  -49.2  55 -99
SPO 2026 06 25 23    3   8.7  -9  668.11  -48.6  -48.7  -48.7  56 -99
SPO 2026 06 26 00    4   8.7  -9  668.31  -48.2  -48.2  -48.2  56 -99
SPO 2026 06 26 01    5   8.1  -9  668.56  -47.9  -47.9  -47.9  56 -99
SPO 2026 06 26 02    6   9.0  -9  668.76  -47.9  -47.9  -47.9  56 -99
SPO 2026 06 26 03    8   9.7  -9  668.80  -47.7  -47.7  -47.6  56 -99
SPO 2026 06 26 04    6   9.8  -9  669.01  -47.3  -47.2  -47.2  57 -99
SPO 2026 06 26 05    4  10.2  -9  668.99  -47.1  -47.0  -47.0  57 -99
SPO 2026 06 26 06    4   9.2  -9  669.32  -47.2  -47.1  -47.0  57 -99
SPO 2026 06 26 07    6   8.7  -9  669.72  -47.7  -47.5  -47.3  57 -99
SPO 2026 06 26 08   10   8.1  -9  669.83  -48.3  -48.1  -47.9  56 -99
SPO 2026 06 26 09   14   8.4  -9  669.89  -48.9  -48.8  -48.4  55 -99
SPO 2026 06 26 10    9   9.2  -9  669.89  -49.1  -49.0  -48.7  55 -99
SPO 2026 06 26 11    9  10.4  -9  669.91  -49.4  -49.3  -49.1  55 -99
SPO 2026 06 26 12    9  10.2  -9  670.14  -50.0  -49.9  -49.7  55 -99
SPO 2026 06 26 13   17   9.8  -9  670.39  -50.6  -50.6  -50.3  54 -99
SPO 2026 06 26 14   21   9.6  -9  670.39  -50.4  -50.4  -50.2  53 -99
SPO 2026 06 26 15   17   9.7  -9  670.10  -50.7  -50.7  -50.5  53 -99
SPO 2026 06 26 16   26   9.9  -9  669.90  -50.8  -50.6  -50.4  53 -99
SPO 2026 06 26 17   29   9.4  -9  669.83  -50.8  -50.6  -50.4  53 -99
SPO 2026 06 26 18   24  11.2  -9  669.44  -51.2  -51.1  -51.0  52 -99
SPO 2026 06 26 19   22  10.4  -9  669.42  -51.5  -51.6  -51.4  52 -99
SPO 2026 06 26 20   24   9.8  -9  669.32  -51.3  -51.3  -51.2  52 -99
SPO 2026 06 26 21   23  11.1  -9  668.73  -51.5  -51.3  -51.2  53 -99
SPO 2026 06 26 22   13  11.6  -9  668.99  -52.5  -52.5  -52.3  53 -99
SPO 2026 06 26 23   12  11.9  -9  668.95  -52.8  -52.7  -52.6  53 -99
SPO 2026 06 27 00   11  12.0  -9  669.05  -52.8  -52.8  -52.9  53 -99
SPO 2026 06 27 01    9  11.9  -9  669.23  -53.0  -53.1  -53.1  52 -99
SPO 2026 06 27 02    9  12.7  -9  669.18  -53.2  -53.2  -53.3  53 -99
SPO 2026 06 27 03    4  10.9  -9  669.79  -53.5  -53.5  -53.6  53 -99
SPO 2026 06 27 04    4  11.8  -9  669.80  -53.6  -53.6  -53.6  53 -99
SPO 2026 06 27 05    3  11.6  -9  670.25  -53.9  -53.9  -53.9  52 -99
SPO 2026 06 27 06    4  10.2  -9  670.81  -54.4  -54.3  -54.3  52 -99
SPO 2026 06 27 07    2  10.9  -9  670.99  -54.0  -53.9  -53.9  52 -99
SPO 2026 06 27 08    1  11.8  -9  671.22  -53.3  -53.3  -53.3  53 -99
SPO 2026 06 27 09  360  11.3  -9  671.90  -52.7  -52.7  -52.8  53 -99
SPO 2026 06 27 10    2  10.7  -9  672.14  -52.5  -52.5  -52.6  53 -99
SPO 2026 06 27 11    6   9.9  -9  672.18  -52.4  -52.5  -52.5  53 -99
SPO 2026 06 27 12   10   8.8  -9  672.56  -52.3  -52.3  -52.3  53 -99
SPO 2026 06 27 13   10   8.0  -9  672.89  -51.7  -51.8  -51.9  53 -99
SPO 2026 06 27 14    7   8.8  -9  672.90  -51.1  -51.1  -51.1  54 -99
SPO 2026 06 27 15    9   8.5  -9  673.11  -50.7  -50.8  -50.8  54 -99
SPO 2026 06 27 16   17   8.0  -9  673.34  -50.3  -50.5  -50.5  53 -99
SPO 2026 06 27 17   12   9.4  -9  673.07  -50.0  -50.0  -50.0  54 -99
SPO 2026 06 27 18   10   9.4  -9  672.88  -49.9  -49.9  -49.8  55 -99
SPO 2026 06 27 19   10   9.9  -9  672.74  -49.9  -49.9  -49.7  55 -99
SPO 2026 06 27 20   13   9.1  -9  672.91  -50.6  -50.6  -50.3  54 -99
SPO 2026 06 27 21   17   9.0  -9  673.00  -51.6  -51.7  -51.4  52 -99
SPO 2026 06 27 22   15   8.5  -9  673.14  -52.8  -52.8  -52.4  52 -99
SPO 2026 06 27 23   17   8.4  -9  672.98  -53.1  -53.0  -52.4  51 -99
SPO 2026 06 28 00   25   7.0  -9  672.73  -53.3  -53.0  -51.9  50 -99
SPO 2026 06 28 01   43   5.4  -9  672.55  -53.4  -52.8  -51.3  51 -99
SPO 2026 06 28 02   51   4.2  -9  672.29  -54.9  -53.8  -51.5  51 -99
SPO 2026 06 28 03   59   4.0  -9  672.20  -55.3  -53.8  -51.4  51 -99
SPO 2026 06 28 04   73   4.3  -9  671.87  -56.0  -54.1  -50.9  50 -99
SPO 2026 06 28 05   67   4.4  -9  671.26  -55.0  -53.7  -50.0  51 -99
SPO 2026 06 28 06   78   3.7  -9  671.01  -56.2  -54.7  -52.2  50 -99
SPO 2026 06 28 07   82   3.5  -9  670.46  -56.6  -55.7  -53.6  50 -99
SPO 2026 06 28 08   83   4.5  -9  669.94  -56.8  -56.2  -54.1  50 -99
SPO 2026 06 28 09   83   4.7  -9  669.63  -57.4  -56.6  -54.8  49 -99
SPO 2026 06 28 10   97   4.6  -9  669.31  -58.3  -57.7  -56.3  49 -99
SPO 2026 06 28 11   95   4.4  -9  668.81  -58.6  -58.2  -57.2  49 -99
SPO 2026 06 28 12   95   3.9  -9  668.38  -59.7  -58.9  -57.7  48 -99
SPO 2026 06 28 13  100   4.6  -9  668.07  -60.3  -59.4  -58.1  47 -99
SPO 2026 06 28 14  100   5.0  -9  667.90  -61.0  -60.3  -59.0  47 -99
SPO 2026 06 28 15   94   5.7  -9  667.55  -60.6  -60.0  -59.0  47 -99
SPO 2026 06 28 16   98   5.5  -9  667.05  -60.7  -60.2  -59.3  47 -99
SPO 2026 06 28 17  101   5.6  -9  666.72  -61.1  -60.7  -59.7  47 -99
SPO 2026 06 28 18  105   5.3  -9  666.61  -61.5  -60.8  -59.5  47 -99
SPO 2026 06 28 19  102   5.3  -9  666.63  -61.1  -60.3  -58.9  47 -99
SPO 2026 06 28 20   96   5.3  -9  666.42  -60.5  -59.8  -58.1  47 -99
SPO 2026 06 28 21   96   5.3  -9  666.28  -59.9  -59.0  -57.1  48 -99
SPO 2026 06 28 22   95   5.1  -9  666.23  -60.4  -59.0  -56.8  47 -99
SPO 2026 06 28 23   92   5.1  -9  666.39  -60.6  -58.8  -56.3  47 -99
SPO 2026 06 29 00   98   5.2  -9  666.64  -59.8  -58.1  -56.2  48 -99
SPO 2026 06 29 01   90   4.9  -9  666.65  -60.8  -58.7  -56.0  47 -99
SPO 2026 06 29 02   88   5.5  -9  666.58  -59.2  -57.5  -55.0  48 -99
SPO 2026 06 29 03   91   5.3  -9  666.55  -59.9  -58.6  -56.3  48 -99
SPO 2026 06 29 04   91   5.0  -9  666.59  -60.9  -59.3  -56.7  47 -99
SPO 2026 06 29 05   83   5.2  -9  666.60  -61.2  -59.3  -56.4  47 -99
SPO 2026 06 29 06   81   5.4  -9  666.67  -61.7  -60.0  -57.5  46 -99
SPO 2026 06 29 07   78   5.2  -9  666.89  -62.2  -60.5  -58.3  46 -99
SPO 2026 06 29 08   79   4.9  -9  667.07  -62.6  -60.9  -58.6  46 -99
SPO 2026 06 29 09   82   4.5  -9  667.45  -64.7  -61.1  -58.9  44 -99
SPO 2026 06 29 10   83   4.9  -9  667.83  -64.4  -61.9  -59.3  45 -99
SPO 2026 06 29 11   78   4.9  -9  668.03  -64.3  -62.2  -59.4  44 -99
SPO 2026 06 29 12   73   4.5  -9  668.34  -64.2  -62.3  -59.8  45 -99
SPO 2026 06 29 13   64   5.3  -9  668.48  -63.8  -62.3  -59.7  45 -99
SPO 2026 06 29 14   66   4.4  -9  668.85  -64.4  -63.1  -60.6  45 -99
SPO 2026 06 29 15   73   4.9  -9  668.88  -65.3  -63.6  -61.0  44 -99
SPO 2026 06 29 16   72   4.7  -9  669.25  -66.2  -64.1  -61.2  43 -99
SPO 2026 06 29 17   84   4.3  -9  669.85  -67.2  -63.9  -61.4  43 -99
SPO 2026 06 29 18   88   4.5  -9  670.27  -67.0  -64.4  -61.5  43 -99
SPO 2026 06 29 19   66   5.1  -9  670.13  -66.5  -65.3  -61.6  43 -99
SPO 2026 06 29 20   49   5.4  -9  670.22  -65.3  -64.3  -62.2  44 -99
SPO 2026 06 29 21   65   3.7  -9  670.72  -66.7  -65.0  -62.8  43 -99
SPO 2026 06 29 22   68   4.1  -9  671.05  -68.0  -66.0  -62.7  42 -99
SPO 2026 06 29 23   56   4.5  -9  671.43  -67.9  -66.0  -62.2  42 -99
SPO 2026 06 30 00   53   4.9  -9  671.48  -67.6  -66.4  -63.1  42 -99
SPO 2026 06 30 01   43   4.5  -9  671.93  -66.1  -65.1  -63.0  43 -99
SPO 2026 06 30 02   37   4.8  -9  672.16  -66.3  -64.7  -62.6  42 -99
SPO 2026 06 30 03   24   6.1  -9  672.29  -63.8  -63.2  -61.9  43 -99
SPO 2026 06 30 04   27   5.0  -9  672.80  -63.7  -63.1  -61.7  43 -99
SPO 2026 06 30 05   32   5.0  -9  672.95  -63.7  -62.9  -61.6  44 -99
SPO 2026 06 30 06   29   5.0  -9  673.08  -62.9  -62.3  -61.3  44 -99
SPO 2026 06 30 07   30   4.4  -9  673.34  -63.0  -62.1  -61.1  44 -99
SPO 2026 06 30 08   30   4.7  -9  673.66  -62.6  -61.6  -60.6  44 -99
SPO 2026 06 30 09   23   5.6  -9  673.80  -62.0  -61.6  -60.3  44 -99
SPO 2026 06 30 10   21   5.6  -9  674.00  -61.8  -61.4  -59.8  45 -99
SPO 2026 06 30 11   39   5.0  -9  674.33  -62.0  -61.2  -59.8  46 -99
SPO 2026 06 30 12   32   5.9  -9  674.57  -61.8  -61.0  -59.9  45 -99
SPO 2026 06 30 13   34   5.2  -9  674.84  -61.5  -60.6  -59.6  46 -99
SPO 2026 06 30 14   32   6.0  -9  674.72  -61.1  -60.2  -59.1  46 -99
SPO 2026 06 30 15   33   5.8  -9  674.91  -60.8  -60.1  -58.9  46 -99
SPO 2026 06 30 16   26   6.5  -9  674.94  -60.2  -59.6  -58.3  45 -99
SPO 2026 06 30 17   39   5.4  -9  675.02  -60.5  -59.7  -58.1  47 -99
SPO 2026 06 30 18   42   4.9  -9  674.90  -61.3  -60.3  -58.7  47 -99
SPO 2026 06 30 19   52   5.1  -9  675.04  -63.6  -62.4  -59.6  45 -99
SPO 2026 06 30 20   39   6.4  -9  674.90  -61.0  -60.2  -58.7  46 -99
SPO 2026 06 30 21   41   5.8  -9  674.96  -60.9  -60.1  -58.8  47 -99
SPO 2026 06 30 22   51   5.2  -9  674.66  -61.1  -60.3  -58.6  46 -99
SPO 2026 06 30 23   54   4.5  -9  674.64  -62.1  -61.2  -59.4  46 -99
SPO 2026 07 01 00   59   4.5  -9  674.49  -62.8  -61.4  -58.9  46 -99
SPO 2026 07 01 01   47   5.1  -9  674.32  -61.4  -60.2  -58.6  46 -99
SPO 2026 07 01 02   47   6.3  -9  673.91  -59.7  -58.8  -57.1  47 -99
SPO 2026 07 01 03   44   6.4  -9  673.57  -58.0  -57.2  -55.9  48 -99
SPO 2026 07 01 04   35   7.9  -9  672.95  -57.2  -56.5  -55.4  49 -99
SPO 2026 07 01 05   43   7.0  -9  672.72  -57.0  -56.4  -55.7  49 -99
SPO 2026 07 01 06   34   7.3  -9  672.48  -56.4  -55.8  -55.4  49 -99
SPO 2026 07 01 07   28   9.3  -9  671.85  -55.3  -55.0  -54.6  49 -99
SPO 2026 07 01 08   20   9.7  -9  671.43  -55.3  -55.1  -54.5  49 -99
SPO 2026 07 01 09   11  10.0  -9  671.21  -55.4  -55.3  -54.9  50 -99
SPO 2026 07 01 10   10   9.4  -9  671.13  -55.8  -55.6  -55.2  50 -99
SPO 2026 07 01 11    9   9.5  -9  670.95  -56.8  -56.4  -55.5  50 -99
SPO 2026 07 01 12   13   9.9  -9  670.95  -56.9  -56.6  -55.9  49 -99
SPO 2026 07 01 13   10   9.8  -9  670.99  -57.0  -56.8  -56.2  50 -99
SPO 2026 07 01 14    9   9.8  -9  670.91  -57.2  -56.9  -56.3  50 -99
SPO 2026 07 01 15   16   8.2  -9  671.17  -57.5  -57.4  -56.9  48 -99
SPO 2026 07 01 16   33   5.4  -9  671.38  -57.5  -57.2  -57.0  48 -99
SPO 2026 07 01 17   26   6.3  -9  671.23  -57.8  -57.4  -57.1  47 -99
SPO 2026 07 01 18   29   5.5  -9  671.40  -57.9  -57.6  -57.4  48 -99
SPO 2026 07 01 19   10   8.6  -9  671.19  -57.3  -57.3  -56.8  49 -99
SPO 2026 07 01 20   20   7.0  -9  671.54  -57.9  -57.6  -56.8  49 -99
SPO 2026 07 01 21   17   7.6  -9  671.60  -57.7  -57.7  -57.2  48 -99
SPO 2026 07 01 22   19   7.1  -9  671.82  -57.7  -57.5  -57.1  48 -99
SPO 2026 07 01 23   38   5.1  -9  671.96  -58.0  -57.6  -57.2  48 -99
SPO 2026 07 02 00   30   6.3  -9  671.78  -58.4  -57.9  -57.3  48 -99
SPO 2026 07 02 01   33   6.8  -9  671.91  -58.6  -58.1  -57.4  48 -99
SPO 2026 07 02 02   31   7.3  -9  671.92  -58.5  -58.0  -57.4  47 -99
SPO 2026 07 02 03   43   5.8  -9  671.84  -58.8  -58.3  -57.6  48 -99
SPO 2026 07 02 04   43   5.9  -9  671.72  -58.7  -58.2  -57.4  48 -99
SPO 2026 07 02 05   45   5.6  -9  671.59  -59.4  -58.7  -57.6  48 -99
SPO 2026 07 02 06   37   6.7  -9  671.32  -59.0  -58.3  -57.2  48 -99
SPO 2026 07 02 07   53   4.7  -9  671.34  -60.0  -59.3  -58.0  47 -99
SPO 2026 07 02 08   53   5.3  -9  671.10  -59.9  -59.3  -57.7  47 -99
SPO 2026 07 02 09   56   4.9  -9  670.65  -61.1  -60.6  -57.2  46 -99
SPO 2026 07 02 10   57   5.2  -9  670.52  -60.4  -59.5  -57.1  47 -99
SPO 2026 07 02 11   66   4.5  -9  670.34  -60.6  -59.7  -57.3  47 -99
SPO 2026 07 02 12   73   3.8  -9  669.99  -61.7  -60.4  -56.8  46 -99
SPO 2026 07 02 13   79   2.9  -9  669.39  -61.7  -60.8  -57.0  46 -99
SPO 2026 07 02 14   82   4.1  -9  668.77  -61.7  -60.5  -55.6  46 -99
SPO 2026 07 02 15   84   3.8  -9  668.43  -61.1  -60.2  -55.7  46 -99
SPO 2026 07 02 16   87   6.2  -9  667.78  -59.6  -58.2  -54.1  47 -99
SPO 2026 07 02 17   80   6.0  -9  667.34  -59.6  -58.0  -54.2  48 -99
SPO 2026 07 02 18   80   6.0  -9  667.04  -60.8  -58.7  -55.1  47 -99
SPO 2026 07 02 19   84   5.6  -9  666.85  -62.4  -60.1  -56.9  46 -99
SPO 2026 07 02 20   89   6.0  -9  666.48  -62.1  -60.9  -58.6  46 -99
SPO 2026 07 02 21   90   6.1  -9  666.29  -62.3  -61.3  -59.2  46 -99
SPO 2026 07 02 22   91   6.1  -9  665.97  -61.8  -61.0  -59.3  46 -99
SPO 2026 07 02 23   86   6.1  -9  665.77  -61.4  -60.8  -58.5  46 -99
SPO 2026 07 03 00   86   5.5  -9  665.65  -59.1  -58.6  -57.0  48 -99
SPO 2026 07 03 01   92   5.7  -9  665.58  -58.5  -57.5  -55.6  48 -99
SPO 2026 07 03 02   86   5.7  -9  665.32  -59.2  -57.3  -55.0  48 -99
SPO 2026 07 03 03   83   5.8  -9  665.21  -59.5  -57.6  -54.7  47 -99
SPO 2026 07 03 04   68   6.4  -9  665.23  -57.9  -56.8  -54.3  48 -99
SPO 2026 07 03 05   54   6.2  -9  665.30  -56.2  -55.2  -53.6  50 -99
SPO 2026 07 03 06   60   5.8  -9  665.60  -58.2  -56.3  -53.5  48 -99
SPO 2026 07 03 07   50   6.0  -9  665.82  -56.6  -54.9  -53.0  49 -99
SPO 2026 07 03 08   46   7.4  -9  665.88  -53.6  -52.7  -51.7  52 -99
SPO 2026 07 03 09   40   7.5  -9  666.31  -52.8  -51.9  -50.8  52 -99
SPO 2026 07 03 10   33   7.6  -9  666.55  -51.6  -50.8  -49.8  52 -99
SPO 2026 07 03 11   25   9.3  -9  666.79  -50.8  -50.1  -48.8  51 -99
SPO 2026 07 03 12   27   7.4  -9  667.49  -50.4  -49.7  -48.3  52 -99
SPO 2026 07 03 13   40   5.7  -9  668.09  -51.1  -50.0  -48.7  53 -99
SPO 2026 07 03 14   37   5.4  -9  668.85  -51.9  -50.5  -49.2  52 -99
SPO 2026 07 03 15   27   6.5  -9  669.30  -51.2  -50.2  -49.3  52 -99
SPO 2026 07 03 16   22   6.0  -9  669.88  -51.6  -50.8  -49.8  51 -99
SPO 2026 07 03 17   14   6.2  -9  670.59  -52.1  -51.4  -49.8  51 -99
SPO 2026 07 03 18   10   6.1  -9  671.33  -53.2  -52.2  -50.0  52 -99
SPO 2026 07 03 19    9   7.1  -9  672.11  -54.7  -52.9  -50.3  51 -99
SPO 2026 07 03 20    8   7.9  -9  672.88  -55.5  -53.9  -50.9  51 -99
SPO 2026 07 03 21    9   7.8  -9  673.83  -55.3  -54.0  -51.4  51 -99
SPO 2026 07 03 22   11   7.2  -9  674.55  -55.6  -54.3  -51.9  50 -99
SPO 2026 07 03 23    9   7.4  -9  675.33  -55.5  -54.5  -52.1  51 -99
SPO 2026 07 04 00   13   6.7  -9  676.22  -56.2  -55.2  -53.0  49 -99
SPO 2026 07 04 01   12   6.6  -9  676.86  -56.0  -55.2  -52.4  50 -99
SPO 2026 07 04 02   17   6.6  -9  677.58  -56.8  -55.9  -53.3  48 -99
SPO 2026 07 04 03   23   6.1  -9  678.12  -57.8  -56.6  -53.1  47 -99
SPO 2026 07 04 04   26   5.6  -9  678.56  -57.1  -56.2  -53.6  47 -99
SPO 2026 07 04 05   30   6.0  -9  679.06  -57.5  -56.0  -53.3  48 -99
SPO 2026 07 04 06   31   6.0  -9  679.46  -57.3  -55.8  -52.9  48 -99
SPO 2026 07 04 07   43   5.1  -9  679.73  -59.2  -57.6  -53.2  48 -99
SPO 2026 07 04 08   42   5.8  -9  680.01  -58.3  -56.8  -53.3  48 -99
SPO 2026 07 04 09   49   5.3  -9  680.26  -59.3  -57.8  -53.9  48 -99
SPO 2026 07 04 10   51   5.3  -9  680.62  -60.7  -59.3  -53.8  47 -99
SPO 2026 07 04 11   53   5.4  -9  680.93  -60.9  -59.7  -53.9  47 -99
SPO 2026 07 04 12   56   4.9  -9  680.99  -61.1  -59.7  -53.6  47 -99
SPO 2026 07 04 13   51   5.4  -9  681.06  -60.6  -59.0  -54.1  47 -99
SPO 2026 07 04 14   54   5.3  -9  681.14  -60.5  -59.1  -54.7  47 -99
SPO 2026 07 04 15   40   6.0  -9  681.09  -57.8  -56.7  -53.8  48 -99
SPO 2026 07 04 16   59   4.6  -9  681.23  -60.8  -58.6  -54.8  48 -99
SPO 2026 07 04 17   59   5.4  -9  681.17  -61.3  -59.8  -54.0  46 -99
SPO 2026 07 04 18   60   5.4  -9  681.17  -61.0  -59.7  -54.1  47 -99
SPO 2026 07 04 19   55   5.4  -9  681.21  -60.3  -58.9  -53.9  47 -99
SPO 2026 07 04 20   59   5.9  -9  681.14  -60.0  -58.7  -54.1  47 -99
SPO 2026 07 04 21   63   4.6  -9  681.18  -61.4  -60.0  -55.4  47 -99
SPO 2026 07 04 22   66   3.9  -9  681.16  -62.7  -60.4  -54.9  46 -99
SPO 2026 07 04 23   64   5.1  -9  681.24  -61.3  -60.1  -54.4  46 -99
SPO 2026 07 05 00   67   5.1  -9  681.35  -61.4  -60.3  -54.9  46 -99
SPO 2026 07 05 01   65   5.5  -9  681.32  -61.5  -60.2  -54.9  46 -99
SPO 2026 07 05 02   73   5.3  -9  681.32  -62.3  -60.4  -55.9  46 -99
SPO 2026 07 05 03   67   5.9  -9  681.19  -61.5  -60.1  -56.4  46 -99
SPO 2026 07 05 04   65   6.0  -9  681.12  -62.1  -60.7  -56.9  46 -99
SPO 2026 07 05 05   56   5.7  -9  680.97  -62.1  -60.9  -57.8  46 -99
SPO 2026 07 05 06   62   4.9  -9  681.19  -63.5  -61.8  -58.4  45 -99
SPO 2026 07 05 07   53   5.1  -9  681.20  -63.5  -61.9  -57.7  45 -99
SPO 2026 07 05 08   50   5.2  -9  681.15  -62.4  -61.1  -58.3  45 -99
SPO 2026 07 05 09   45   6.0  -9  681.06  -60.8  -59.8  -57.6  46 -99
SPO 2026 07 05 10   41   6.3  -9  680.92  -60.4  -59.5  -57.2  47 -99
SPO 2026 07 05 11   51   5.4  -9  680.90  -60.5  -59.7  -58.1  47 -99
SPO 2026 07 05 12   60   5.6  -9  680.88  -62.3  -61.4  -58.9  46 -99
SPO 2026 07 05 13   55   6.0  -9  680.77  -62.1  -61.2  -59.4  46 -99
SPO 2026 07 05 14   58   6.0  -9  680.53  -62.0  -61.3  -59.7  46 -99
SPO 2026 07 05 15   62   6.9  -9  680.09  -62.3  -61.6  -59.6  46 -99
SPO 2026 07 05 16   50   6.2  -9  679.52  -61.7  -60.9  -59.4  46 -99
SPO 2026 07 05 17   48   7.6  -9  679.24  -60.4  -59.5  -57.7  47 -99
SPO 2026 07 05 18   60   6.3  -9  679.02  -61.4  -60.5  -58.2  47 -99
SPO 2026 07 05 19   62   6.0  -9  678.68  -61.6  -60.9  -59.0  46 -99
SPO 2026 07 05 20   58   7.1  -9  678.36  -59.9  -59.1  -57.7  47 -99
SPO 2026 07 05 21   60   7.5  -9  677.83  -59.4  -58.8  -57.4  47 -99
SPO 2026 07 05 22   58   8.7  -9  677.05  -58.3  -57.7  -56.4  48 -99
SPO 2026 07 05 23   53   7.4  -9  676.53  -57.7  -57.2  -56.1  49 -99
SPO 2026 07 06 00   54   7.9  -9  675.91  -56.7  -56.2  -55.2  49 -99
SPO 2026 07 06 01   50   8.1  -9  675.39  -55.1  -54.5  -53.6  50 -99
SPO 2026 07 06 02   54   7.7  -9  674.73  -54.4  -54.0  -53.3  51 -99
SPO 2026 07 06 03   57   8.5  -9  674.02  -52.7  -52.5  -52.1  52 -99
SPO 2026 07 06 04   58   8.4  -9  673.48  -51.7  -51.5  -51.3  53 -99
SPO 2026 07 06 05   53   8.9  -9  672.84  -50.6  -50.3  -50.0  53 -99
SPO 2026 07 06 06   52   7.9  -9  671.99  -50.4  -50.0  -49.7  54 -99
SPO 2026 07 06 07   51   7.6  -9  671.44  -50.3  -49.8  -49.4  54 -99
SPO 2026 07 06 08   42   9.8  -9  670.76  -49.1  -48.7  -48.3  54 -99
SPO 2026 07 06 09   41   9.3  -9  670.36  -48.8  -48.4  -48.1  55 -99
SPO 2026 07 06 10   39   7.7  -9  670.36  -48.8  -48.3  -48.0  55 -99
SPO 2026 07 06 11   30   6.8  -9  670.19  -49.1  -48.6  -48.3  54 -99
SPO 2026 07 06 12   40   5.9  -9  669.99  -50.7  -49.8  -49.0  54 -99
SPO 2026 07 06 13   32   5.5  -9  670.07  -52.4  -50.8  -49.7  52 -99
SPO 2026 07 06 14   32   5.4  -9  670.07  -54.3  -52.3  -50.8  51 -99
SPO 2026 07 06 15   17   7.0  -9  669.87  -54.5  -53.7  -52.1  50 -99
SPO 2026 07 06 16   12   6.2  -9  670.33  -56.1  -55.6  -53.9  49 -99
SPO 2026 07 06 17   25   5.1  -9  670.67  -57.7  -56.8  -55.7  48 -99
SPO 2026 07 06 18   25   6.0  -9  670.78  -58.1  -57.1  -56.2  47 -99
SPO 2026 07 06 19   16   7.5  -9  670.95  -58.2  -57.9  -56.6  47 -99
SPO 2026 07 06 20   21   7.7  -9  671.23  -58.4  -58.1  -56.9  47 -99
SPO 2026 07 06 21   32   7.0  -9  671.52  -58.9  -58.1  -57.3  48 -99
SPO 2026 07 06 22   38   6.4  -9  671.71  -59.3  -58.6  -57.6  48 -99
SPO 2026 07 06 23   38   6.9  -9  671.74  -58.7  -58.0  -57.1  48 -99
SPO 2026 07 07 00   48   5.9  -9  671.80  -58.7  -58.1  -57.3  48 -99
SPO 2026 07 07 01   36   7.2  -9  671.67  -57.2  -56.7  -56.2  49 -99
SPO 2026 07 07 02   31   8.7  -9  671.46  -56.7  -56.1  -55.4  49 -99
SPO 2026 07 07 03   36   7.7  -9  671.47  -56.2  -55.5  -54.8  50 -99
SPO 2026 07 07 04   41   7.1  -9  671.52  -55.8  -55.2  -54.5  50 -99
SPO 2026 07 07 05   36   6.6  -9  671.67  -55.0  -54.3  -53.7  50 -99
SPO 2026 07 07 06   28   7.6  -9  671.68  -54.2  -53.6  -53.1  50 -99
SPO 2026 07 07 07   18   9.6  -9  671.46  -52.6  -52.3  -51.4  51 -99
SPO 2026 07 07 08   16   9.9  -9  671.51  -51.8  -51.5  -50.7  52 -99
SPO 2026 07 07 09   15   9.3  -9  671.68  -51.0  -50.8  -49.9  52 -99
SPO 2026 07 07 10   22   8.8  -9  672.11  -50.6  -50.3  -49.4  52 -99
SPO 2026 07 07 11   29   7.6  -9  672.39  -50.4  -49.9  -49.4  53 -99
SPO 2026 07 07 12   32   6.9  -9  672.30  -50.7  -49.9  -49.2  53 -99
SPO 2026 07 07 13   34   7.2  -9  672.15  -49.4  -48.6  -47.9  54 -99
SPO 2026 07 07 14   38   7.9  -9  671.99  -47.3  -46.8  -46.4  56 -99
SPO 2026 07 07 15   40   7.5  -9  672.02  -48.6  -47.9  -47.3  55 -99
SPO 2026 07 07 16   41   7.0  -9  671.91  -49.5  -48.7  -48.1  54 -99
SPO 2026 07 07 17   42   7.4  -9  671.66  -50.2  -49.3  -48.5  54 -99
SPO 2026 07 07 18   37   8.1  -9  671.38  -50.0  -49.2  -48.6  54 -99
SPO 2026 07 07 19   36  10.1  -9  671.00  -49.7  -49.0  -48.6  54 -99
SPO 2026 07 07 20   41   9.4  -9  670.89  -50.6  -50.0  -49.4  54 -99
SPO 2026 07 07 21   35   9.2  -9  670.87  -50.9  -50.3  -49.9  53 -99
SPO 2026 07 07 22   40   8.5  -9  671.10  -50.8  -50.3  -50.0  54 -99
SPO 2026 07 07 23   41   9.6  -9  670.73  -50.6  -50.5  -50.3  54 -99
SPO 2026 07 08 00   37   9.3  -9  670.63  -50.3  -50.0  -49.9  54 -99
SPO 2026 07 08 01   40   8.1  -9  670.65  -50.8  -50.4  -50.1  54 -99
SPO 2026 07 08 02   32   6.9  -9  670.96  -50.7  -50.3  -50.1  53 -99
SPO 2026 07 08 03   34   7.2  -9  670.95  -51.5  -51.0  -50.6  53 -99
SPO 2026 07 08 04   33   7.8  -9  670.93  -51.6  -51.1  -50.8  53 -99
SPO 2026 07 08 05   29   6.6  -9  671.38  -51.4  -51.0  -50.9  53 -99
SPO 2026 07 08 06   10   7.2  -9  671.65  -51.6  -51.7  -51.5  53 -99
SPO 2026 07 08 07    8   6.6  -9  672.03  -51.7  -51.8  -51.5  53 -99
SPO 2026 07 08 08   21   5.9  -9  672.42  -51.7  -51.7  -51.6  51 -99
SPO 2026 07 08 09   18   6.9  -9  672.80  -52.5  -52.4  -51.8  51 -99
SPO 2026 07 08 10   14   8.1  -9  673.15  -53.0  -52.9  -52.0  51 -99
SPO 2026 07 08 11   10   8.3  -9  673.54  -53.4  -53.1  -52.2  52 -99
SPO 2026 07 08 12   13   8.4  -9  673.78  -53.7  -53.4  -52.2  51 -99
SPO 2026 07 08 13   20   7.7  -9  674.12  -53.4  -53.2  -52.6  51 -99
SPO 2026 07 08 14    7   7.9  -9  674.55  -53.2  -53.0  -52.6  53 -99
SPO 2026 07 08 15   10   8.0  -9  674.74  -54.1  -53.7  -52.7  52 -99
SPO 2026 07 08 16   15   8.1  -9  674.87  -54.8  -54.5  -53.2  50 -99
SPO 2026 07 08 17   19   8.7  -9  674.79  -54.6  -54.3  -52.8  49 -99
SPO 2026 07 08 18   21   8.7  -9  674.77  -54.3  -54.2  -53.4  50 -99
SPO 2026 07 08 19   26   8.9  -9  674.78  -54.0  -53.8  -53.2  50 -99
SPO 2026 07 08 20   23   8.1  -9  674.93  -53.8  -53.6  -53.2  50 -99
SPO 2026 07 08 21   14   8.7  -9  675.08  -53.0  -53.1  -52.9  52 -99
SPO 2026 07 08 22   12   9.3  -9  674.91  -53.0  -53.1  -52.8  52 -99
SPO 2026 07 08 23   19   8.2  -9  674.99  -52.5  -52.4  -52.0  51 -99
SPO 2026 07 09 00   28   7.5  -9  675.13  -52.5  -52.2  -51.9  52 -99
SPO 2026 07 09 01   26   7.7  -9  674.98  -52.7  -52.4  -52.1  51 -99
SPO 2026 07 09 02   22   8.6  -9  674.53  -52.3  -52.4  -51.8  51 -99
SPO 2026 07 09 03   16   7.5  -9  674.46  -52.6  -52.4  -51.7  52 -99
SPO 2026 07 09 04   14   7.7  -9  674.59  -52.8  -52.7  -52.2  52 -99
SPO 2026 07 09 05   13   8.2  -9  674.53  -52.7  -52.7  -52.3  52 -99
SPO 2026 07 09 06   16   8.3  -9  674.34  -52.0  -52.0  -51.7  52 -99
SPO 2026 07 09 07   15   7.9  -9  674.10  -52.2  -52.1  -51.7  51 -99
SPO 2026 07 09 08   13   8.5  -9  673.78  -52.5  -52.4  -52.0  52 -99
SPO 2026 07 09 09   11   8.2  -9  673.76  -52.7  -52.5  -52.2  52 -99
SPO 2026 07 09 10   23   7.2  -9  673.87  -53.0  -52.7  -52.3  51 -99
SPO 2026 07 09 11   27   6.9  -9  673.59  -53.6  -52.9  -52.2  51 -99
SPO 2026 07 09 12   38   5.6  -9  673.35  -53.8  -53.3  -52.7  51 -99
SPO 2026 07 09 13   33   7.0  -9  672.93  -54.1  -53.3  -52.2  51 -99
SPO 2026 07 09 14   38   6.1  -9  672.85  -54.3  -53.5  -52.3  51 -99
SPO 2026 07 09 15   33   6.2  -9  672.74  -53.8  -52.9  -51.8  51 -99
SPO 2026 07 09 16   43   5.5  -9  672.68  -54.5  -53.6  -52.0  51 -99
SPO 2026 07 09 17   20   7.5  -9  672.14  -52.9  -52.5  -51.2  51 -99
SPO 2026 07 09 18   16   7.5  -9  671.79  -52.2  -52.2  -51.0  52 -99
SPO 2026 07 09 19   28   6.7  -9  671.70  -52.4  -52.0  -50.9  51 -99
SPO 2026 07 09 20   46   5.3  -9  671.61  -53.8  -52.8  -50.7  52 -99
SPO 2026 07 09 21   58   5.0  -9  671.21  -55.4  -54.3  -51.3  51 -99
SPO 2026 07 09 22   60   5.6  -9  670.96  -57.0  -55.3  -51.2  50 -99
SPO 2026 07 09 23   68   4.8  -9  670.72  -58.8  -56.8  -52.0  48 -99
SPO 2026 07 10 00   71   5.3  -9  670.44  -59.6  -57.8  -52.2  48 -99
SPO 2026 07 10 01   69   5.3  -9  670.18  -60.0  -58.4  -52.6  47 -99
SPO 2026 07 10 02   73   4.9  -9  669.85  -61.1  -58.9  -54.4  47 -99
SPO 2026 07 10 03   73   5.2  -9  669.69  -61.5  -59.0  -55.5  46 -99
SPO 2026 07 10 04   76   5.2  -9  669.50  -62.1  -59.9  -56.1  46 -99
SPO 2026 07 10 05   80   4.9  -9  669.38  -62.7  -60.6  -56.7  46 -99
SPO 2026 07 10 06   83   5.0  -9  669.31  -63.3  -60.8  -57.2  45 -99
SPO 2026 07 10 07   77   5.3  -9  669.09  -63.0  -61.3  -56.8  45 -99
SPO 2026 07 10 08   74   5.5  -9  669.17  -63.0  -60.7  -56.6  45 -99
SPO 2026 07 10 09   76   5.0  -9  669.24  -63.5  -61.8  -56.6  45 -99
SPO 2026 07 10 10   70   5.1  -9  669.12  -63.5  -61.8  -56.7  45 -99
SPO 2026 07 10 11   67   5.6  -9  669.09  -62.5  -61.4  -56.7  46 -99
SPO 2026 07 10 12   61   4.7  -9  669.29  -63.3  -61.4  -57.0  45 -99
SPO 2026 07 10 13   69   4.6  -9  669.23  -64.0  -62.4  -57.4  45 -99
SPO 2026 07 10 14   65   5.3  -9  669.26  -62.8  -61.6  -56.7  45 -99
SPO 2026 07 10 15   61   5.3  -9  669.21  -62.6  -61.5  -57.4  46 -99
SPO 2026 07 10 16   54   5.8  -9  669.26  -62.3  -61.3  -57.7  46 -99
SPO 2026 07 10 17   49   5.9  -9  669.39  -61.2  -60.0  -57.8  46 -99
SPO 2026 07 10 18   49   5.4  -9  669.30  -60.8  -59.4  -57.6  47 -99
SPO 2026 07 10 19   41   5.8  -9  669.57  -59.5  -58.4  -57.3  47 -99
SPO 2026 07 10 20   44   5.4  -9  670.05  -58.4  -57.7  -56.9  48 -99
SPO 2026 07 10 21   59   3.5  -9  670.31  -60.7  -59.2  -57.0  47 -99
SPO 2026 07 10 22   60   3.6  -9  670.33  -60.5  -59.0  -57.2  47 -99
SPO 2026 07 10 23   48   5.4  -9  670.32  -58.7  -57.7  -56.6  48 -99
SPO 2026 07 11 00   49   5.8  -9  670.48  -58.9  -58.3  -57.3  48 -99
SPO 2026 07 11 01   39   6.9  -9  670.42  -58.5  -57.8  -56.9  48 -99
SPO 2026 07 11 02   45   6.3  -9  670.54  -59.0  -58.1  -57.2  48 -99
SPO 2026 07 11 03   40   6.7  -9  670.67  -58.4  -57.8  -56.9  48 -99
SPO 2026 07 11 04   40   6.4  -9  670.88  -58.1  -57.6  -56.7  49 -99
SPO 2026 07 11 05   40   6.7  -9  670.98  -58.9  -58.2  -57.1  48 -99
SPO 2026 07 11 06   42   6.9  -9  670.94  -59.0  -58.5  -57.4  48 -99
SPO 2026 07 11 07   40   6.8  -9  671.10  -57.8  -57.4  -56.9  49 -99
SPO 2026 07 11 08   40   7.0  -9  671.34  -58.0  -57.4  -56.7  49 -99
SPO 2026 07 11 09   37   7.5  -9  671.39  -57.9  -57.1  -56.3  49 -99
SPO 2026 07 11 10   42   7.0  -9  671.51  -58.0  -57.3  -56.6  48 -99
SPO 2026 07 11 11   37   8.0  -9  671.49  -57.6  -56.9  -56.3  49 -99
SPO 2026 07 11 12   36   8.2  -9  671.59  -57.3  -56.7  -56.0  49 -99
SPO 2026 07 11 13   30   9.1  -9  671.50  -56.9  -56.3  -55.7  49 -99
SPO 2026 07 11 14   24   9.4  -9  671.57  -57.0  -56.6  -55.9  48 -99
SPO 2026 07 11 15   32   8.2  -9  671.87  -57.1  -56.6  -55.9  49 -99
SPO 2026 07 11 16   55   5.0  -9  672.08  -58.7  -57.8  -56.7  49 -99
SPO 2026 07 11 17   69   4.5  -9  671.97  -60.6  -59.7  -57.7  47 -99
SPO 2026 07 11 18   56   5.1  -9  672.00  -59.9  -59.1  -57.5  47 -99
SPO 2026 07 11 19   42   6.7  -9  671.98  -57.9  -57.3  -56.4  48 -99
SPO 2026 07 11 20   43   6.6  -9  672.07  -57.3  -56.8  -56.0  49 -99
SPO 2026 07 11 21   37   6.8  -9  672.19  -56.8  -56.3  -55.6  49 -99
SPO 2026 07 11 22   40   6.2  -9  672.27  -56.6  -56.1  -55.5  50 -99
SPO 2026 07 11 23   40   5.2  -9  672.44  -57.4  -56.7  -55.9  49 -99
SPO 2026 07 12 00   37   6.2  -9  672.31  -57.1  -56.4  -55.8  49 -99
SPO 2026 07 12 01   29   8.2  -9  672.20  -57.0  -56.3  -55.8  48 -99
SPO 2026 07 12 02   33   6.7  -9  672.50  -56.8  -56.3  -56.0  49 -99
SPO 2026 07 12 03   27   7.8  -9  672.54  -56.7  -56.3  -56.1  49 -99
SPO 2026 07 12 04   25   7.7  -9  672.56  -56.8  -56.5  -56.3  48 -99
SPO 2026 07 12 05   30   7.1  -9  672.57  -57.9  -57.2  -56.7  48 -99
SPO 2026 07 12 06   30   7.3  -9  672.71  -58.1  -57.3  -56.8  48 -99
SPO 2026 07 12 07   32   7.6  -9  672.67  -58.3  -57.6  -57.1  48 -99
SPO 2026 07 12 08   34   7.4  -9  672.66  -58.5  -57.8  -57.3  48 -99
SPO 2026 07 12 09   33   6.8  -9  672.71  -58.9  -58.2  -57.7  48 -99
SPO 2026 07 12 10   29   6.9  -9  672.95  -59.6  -58.8  -58.3  47 -99
SPO 2026 07 12 11   28   7.0  -9  673.00  -60.1  -59.3  -58.8  47 -99
SPO 2026 07 12 12   28   7.0  -9  673.05  -60.5  -59.8  -59.3  47 -99
SPO 2026 07 12 13   20   7.0  -9  673.02  -60.2  -60.0  -59.6  46 -99
SPO 2026 07 12 14   24   6.8  -9  673.11  -60.0  -59.8  -59.5  46 -99
SPO 2026 07 12 15   19   7.7  -9  673.00  -60.0  -59.9  -59.6  46 -99
SPO 2026 07 12 16   18   7.6  -9  673.12  -60.0  -60.1  -59.9  47 -99
SPO 2026 07 12 17   21   6.6  -9  673.34  -59.9  -59.9  -59.8  46 -99
SPO 2026 07 12 18   17   7.2  -9  673.38  -59.6  -59.8  -59.8  46 -99
SPO 2026 07 12 19   10   8.0  -9  673.16  -59.6  -59.7  -59.6  48 -99
SPO 2026 07 12 20   13   7.1  -9  673.27  -59.2  -59.4  -59.3  47 -99
SPO 2026 07 12 21   15   6.7  -9  673.38  -59.3  -59.4  -59.1  47 -99
SPO 2026 07 12 22   12   6.8  -9  673.58  -59.5  -59.6  -59.2  47 -99
SPO 2026 07 12 23    8   7.4  -9  673.55  -59.8  -59.7  -59.2  48 -99
SPO 2026 07 13 00    6   7.7  -9  673.66  -60.3  -60.0  -59.1  48 -99
SPO 2026 07 13 01    6   7.9  -9  673.63  -60.6  -60.2  -59.2  48 -99
SPO 2026 07 13 02    8   7.2  -9  673.65  -60.2  -60.2  -59.2  48 -99
SPO 2026 07 13 03    4   6.5  -9  673.71  -59.4  -59.5  -59.3  48 -99
SPO 2026 07 13 04    1   6.5  -9  673.78  -58.4  -58.6  -58.5  49 -99
SPO 2026 07 13 05    1   6.3  -9  673.95  -57.9  -58.1  -58.1  50 -99
SPO 2026 07 13 06    1   5.3  -9  674.02  -57.8  -57.9  -57.9  49 -99
SPO 2026 07 13 07    2   4.7  -9  674.04  -57.6  -57.7  -57.8  49 -99
SPO 2026 07 13 08  359   5.5  -9  674.08  -58.0  -58.0  -58.0  50 -99
SPO 2026 07 13 09    3   4.8  -9  674.14  -58.1  -58.2  -58.1  50 -99
SPO 2026 07 13 10   24   3.4  -9  674.38  -57.6  -57.7  -57.8  48 -99
SPO 2026 07 13 11   13   3.4  -9  674.57  -57.5  -57.8  -57.9  49 -99
SPO 2026 07 13 12   12   2.9  -9  674.51  -57.3  -57.7  -57.7  49 -99
SPO 2026 07 13 13   34   1.7  -9  674.39  -56.9  -57.0  -57.1  48 -99
SPO 2026 07 13 14   34   1.0  -9  674.32  -56.8  -56.8  -56.9  49 -99
SPO 2026 07 13 15   61   0.4  -9  674.13  -57.2  -57.0  -56.9  49 -99
SPO 2026 07 13 16   62   2.3  -9  674.12  -57.7  -57.4  -57.2  49 -99
SPO 2026 07 13 17   49   1.8  -9  674.05  -57.3  -57.3  -57.0  49 -99
SPO 2026 07 13 18   41   0.1  -9  673.96  -56.7  -56.7  -56.6  50 -99
SPO 2026 07 13 19  240   0.4  -9  673.53  -56.9  -56.8  -56.3  50 -99
SPO 2026 07 13 20  173   2.7  -9  673.34  -58.2  -57.7  -56.3  49 -99
SPO 2026 07 13 21  145   4.0  -9  673.19  -58.6  -58.4  -56.7  49 -99
SPO 2026 07 13 22  136   4.5  -9  673.06  -58.2  -57.9  -56.2  49 -99
SPO 2026 07 13 23  118   3.8  -9  673.05  -57.7  -57.4  -56.4  49 -99
SPO 2026 07 14 00  107   3.3  -9  672.89  -57.2  -56.2  -55.3  49 -99
SPO 2026 07 14 01  133   3.1  -9  672.67  -57.2  -56.0  -55.3  49 -99
SPO 2026 07 14 02  135   3.5  -9  672.49  -57.2  -56.6  -54.3  50 -99
SPO 2026 07 14 03  131   3.8  -9  672.29  -57.4  -56.5  -54.0  49 -99
SPO 2026 07 14 04  139   4.0  -9  672.02  -58.0  -56.3  -53.8  49 -99
SPO 2026 07 14 05  132   4.2  -9  671.81  -59.3  -57.5  -52.7  48 -99
SPO 2026 07 14 06  135   5.0  -9  671.39  -58.0  -55.8  -52.9  49 -99
SPO 2026 07 14 07  133   4.7  -9  671.14  -58.8  -56.3  -52.9  49 -99
SPO 2026 07 14 08  136   5.1  -9  670.97  -58.3  -56.5  -53.9  49 -99
SPO 2026 07 14 09  132   4.4  -9  670.66  -58.5  -55.8  -52.7  48 -99
SPO 2026 07 14 10  134   4.0  -9  670.40  -57.6  -55.2  -52.9  49 -99
SPO 2026 07 14 11  144   3.2  -9  670.17  -58.9  -56.2  -54.2  48 -99
SPO 2026 07 14 12  154   2.9  -9  669.69  -59.2  -56.8  -53.7  48 -99
SPO 2026 07 14 13  152   4.1  -9  669.22  -57.3  -56.3  -54.2  49 -99
SPO 2026 07 14 14  142   5.0  -9  668.64  -57.9  -56.0  -53.9  49 -99
SPO 2026 07 14 15  130   4.3  -9  668.15  -58.9  -56.1  -54.6  48 -99
SPO 2026 07 14 16  130   5.0  -9  667.62  -59.7  -56.8  -55.4  47 -99
SPO 2026 07 14 17  127   6.0  -9  667.14  -59.9  -58.3  -56.8  47 -99
SPO 2026 07 14 18  134   6.1  -9  666.75  -60.7  -59.5  -57.8  47 -99
SPO 2026 07 14 19  129   7.1  -9  666.13  -60.9  -59.8  -58.8  47 -99
SPO 2026 07 14 20  120   5.7  -9  665.88  -61.7  -61.0  -60.1  46 -99
SPO 2026 07 14 21  118   6.8  -9  665.53  -63.2  -62.8  -62.4  46 -99
SPO 2026 07 14 22  117   7.5  -9  665.33  -65.3  -65.1  -64.8  45 -99
SPO 2026 07 14 23  107   5.7  -9  665.41  -67.0  -66.9  -66.8  43 -99
SPO 2026 07 15 00  109   6.1  -9  664.98  -68.2  -68.1  -67.9  43 -99
SPO 2026 07 15 01  112   5.4  -9  664.68  -68.8  -68.6  -68.2  42 -99
SPO 2026 07 15 02  110   6.1  -9  664.32  -69.0  -68.9  -68.6  42 -99
SPO 2026 07 15 03   99   4.8  -9  664.30  -69.4  -69.1  -68.7  42 -99
SPO 2026 07 15 04   95   5.0  -9  664.15  -69.7  -69.4  -69.1  41 -99
SPO 2026 07 15 05  105   5.1  -9  663.78  -70.2  -69.9  -69.6  41 -99
SPO 2026 07 15 06  101   6.1  -9  663.43  -70.3  -70.1  -69.7  41 -99
SPO 2026 07 15 07  104   6.2  -9  663.06  -70.4  -70.2  -69.9  41 -99
SPO 2026 07 15 08  104   6.6  -9  662.75  -70.4  -70.1  -69.8  41 -99
SPO 2026 07 15 09  104   5.8  -9  662.72  -70.8  -70.6  -70.3  41 -99
SPO 2026 07 15 10  101   6.3  -9  662.45  -71.4  -71.2  -71.0  40 -99
SPO 2026 07 15 11   97   6.0  -9  662.06  -71.7  -71.6  -71.3  40 -99
SPO 2026 07 15 12   97   5.7  -9  662.03  -71.8  -71.6  -71.2  40 -99
SPO 2026 07 15 13   99   5.4  -9  661.95  -71.7  -71.4  -70.9  40 -99
SPO 2026 07 15 14   93   4.7  -9  661.58  -71.8  -71.5  -71.0  40 -99
SPO 2026 07 15 15   95   5.0  -9  661.10  -71.6  -71.2  -70.6  40 -99
SPO 2026 07 15 16   96   5.4  -9  660.68  -71.5  -71.0  -69.9  40 -99
SPO 2026 07 15 17   91   5.6  -9  660.47  -71.3  -70.8  -69.4  40 -99
SPO 2026 07 15 18   91   5.3  -9  660.40  -70.7  -70.0  -68.5  40 -99
SPO 2026 07 15 19   98   5.5  -9  660.13  -70.4  -69.3  -67.7  40 -99
SPO 2026 07 15 20   89   5.7  -9  659.65  -70.3  -69.4  -67.2  40 -99
SPO 2026 07 15 21   73   6.4  -9  659.00  -70.1  -69.3  -65.6  40 -99
SPO 2026 07 15 22   84   5.5  -9  659.06  -70.2  -69.1  -66.3  40 -99
SPO 2026 07 15 23   85   5.6  -9  658.94  -70.6  -69.0  -65.8  40 -99
SPO 2026 07 16 00   82   5.8  -9  658.40  -70.4  -68.6  -65.7  40 -99
SPO 2026 07 16 01   78   5.8  -9  657.89  -70.3  -68.6  -66.0  40 -99
SPO 2026 07 16 02   71   5.9  -9  657.45  -70.0  -68.6  -65.8  40 -99
SPO 2026 07 16 03   68   6.2  -9  656.96  -69.3  -68.1  -65.6  41 -99
SPO 2026 07 16 04   68   6.5  -9  656.60  -69.2  -68.2  -65.1  41 -99
SPO 2026 07 16 05   61   7.1  -9  656.10  -68.8  -68.0  -64.7  41 -99
SPO 2026 07 16 06   64   6.3  -9  655.89  -69.4  -68.6  -65.6  41 -99
SPO 2026 07 16 07   65   6.1  -9  655.78  -70.0  -68.7  -65.3  40 -99
SPO 2026 07 16 08   65   5.9  -9  655.50  -69.8  -68.5  -65.3  41 -99
SPO 2026 07 16 09   66   5.8  -9  655.33  -70.3  -68.9  -65.6  40 -99
SPO 2026 07 16 10   57   6.2  -9  655.32  -69.9  -68.6  -65.4  40 -99
SPO 2026 07 16 11   56   6.6  -9  655.18  -69.6  -68.6  -65.6  41 -99
SPO 2026 07 16 12   51   7.0  -9  655.18  -68.4  -67.4  -65.2  41 -99
SPO 2026 07 16 13   49   7.0  -9  655.38  -67.2  -66.3  -64.6  42 -99
SPO 2026 07 16 14   47   7.2  -9  655.56  -66.8  -66.1  -64.7  42 -99
SPO 2026 07 16 15   47   6.7  -9  655.93  -67.2  -66.4  -64.8  42 -99
SPO 2026 07 16 16   44   7.3  -9  656.16  -66.0  -65.5  -64.7  43 -99
SPO 2026 07 16 17   44   7.0  -9  656.46  -66.4  -65.9  -65.0  43 -99
SPO 2026 07 16 18   47   6.1  -9  656.79  -67.3  -66.6  -65.4  42 -99
SPO 2026 07 16 19   55   4.3  -9  657.34  -68.0  -67.2  -66.1  42 -99
SPO 2026 07 16 20   56   4.9  -9  657.88  -68.5  -67.5  -66.2  41 -99
SPO 2026 07 16 21   49   6.4  -9  658.17  -68.1  -67.3  -65.8  42 -99
SPO 2026 07 16 22   53   5.9  -9  658.69  -68.6  -67.7  -65.8  41 -99
SPO 2026 07 16 23   58   4.9  -9  659.27  -69.7  -68.4  -66.3  41 -99
SPO 2026 07 17 00   65   4.9  -9  659.76  -71.2  -69.4  -66.3  40 -99
SPO 2026 07 17 01   57   5.6  -9  660.01  -70.3  -69.1  -65.8  40 -99
SPO 2026 07 17 02   59   5.6  -9  660.49  -71.1  -69.7  -66.0  40 -99
SPO 2026 07 17 03   61   6.2  -9  660.89  -70.9  -69.7  -65.5  40 -99
SPO 2026 07 17 04   67   5.9  -9  661.33  -71.1  -69.9  -65.6  40 -99
SPO 2026 07 17 05   69   5.5  -9  661.76  -71.1  -70.0  -66.1  40 -99
SPO 2026 07 17 06   68   5.5  -9  662.02  -71.4  -70.3  -66.6  40 -99
SPO 2026 07 17 07   69   5.6  -9  662.62  -71.3  -70.3  -66.2  40 -99
SPO 2026 07 17 08   74   4.7  -9  663.15  -72.1  -70.4  -66.8  39 -99
SPO 2026 07 17 09   75   5.2  -9  663.35  -71.9  -70.1  -67.0  39 -99
SPO 2026 07 17 10   70   5.6  -9  663.51  -71.7  -70.2  -66.6  39 -99
SPO 2026 07 17 11   74   5.2  -9  663.95  -71.8  -70.5  -66.9  39 -99
SPO 2026 07 17 12   76   4.7  -9  664.28  -72.2  -70.5  -66.9  39 -99
SPO 2026 07 17 13   80   4.6  -9  664.50  -71.9  -70.6  -67.0  39 -99
SPO 2026 07 17 14   82   4.2  -9  664.84  -72.3  -70.6  -67.6  39 -99
SPO 2026 07 17 15   75   4.7  -9  665.07  -71.6  -70.0  -67.1  39 -99
SPO 2026 07 17 16   77   4.8  -9  665.36  -71.6  -70.0  -66.9  39 -99
SPO 2026 07 17 17   82   4.9  -9  665.62  -71.7  -70.0  -67.0  39 -99
SPO 2026 07 17 18   84   4.0  -9  665.97  -72.5  -70.4  -67.7  39 -99
SPO 2026 07 17 19   86   4.4  -9  666.34  -72.2  -70.6  -67.6  39 -99
SPO 2026 07 17 20   97   3.8  -9  666.82  -71.9  -69.6  -67.4  39 -99
SPO 2026 07 17 21  103   4.0  -9  667.10  -72.0  -69.5  -67.6  39 -99
SPO 2026 07 17 22   91   3.6  -9  667.39  -71.6  -69.8  -66.8  39 -99
SPO 2026 07 17 23   84   3.3  -9  667.60  -71.9  -69.2  -66.6  39 -99
SPO 2026 07 18 00   93   2.1  -9  667.93  -72.3  -70.1  -67.8  38 -99
SPO 2026 07 18 01   95   3.1  -9  667.99  -72.4  -70.2  -65.7  39 -99
SPO 2026 07 18 02  113   4.2  -9  668.32  -72.4  -70.2  -64.9  39 -99
SPO 2026 07 18 03  113   4.1  -9  668.41  -73.6  -70.3  -62.9  38 -99
SPO 2026 07 18 04  100   3.3  -9  668.38  -73.4  -69.4  -60.8  38 -99
SPO 2026 07 18 05  105   2.9  -9  668.52  -73.3  -70.3  -64.5  38 -99
SPO 2026 07 18 06  110   2.7  -9  668.60  -74.3  -71.3  -63.1  38 -99
SPO 2026 07 18 07  119   3.3  -9  668.72  -74.4  -72.1  -63.0  38 -99
SPO 2026 07 18 08  115   3.6  -9  668.82  -74.9  -72.2  -61.3  37 -99
SPO 2026 07 18 09   98   1.9  -9  668.92  -75.3  -72.2  -64.6  37 -99
SPO 2026 07 18 10  109   3.7  -9  669.17  -75.1  -71.0  -61.5  37 -99
SPO 2026 07 18 11  111   4.1  -9  669.28  -75.2  -71.9  -62.4  37 -99
SPO 2026 07 18 12  104   3.7  -9  669.29  -75.2  -71.7  -62.7  37 -99
SPO 2026 07 18 13   98   3.8  -9  669.13  -75.1  -71.7  -62.8  37 -99
SPO 2026 07 18 14   89   3.9  -9  669.52  -75.2  -71.7  -63.7  37 -99
SPO 2026 07 18 15   98   3.7  -9  669.55  -76.2  -72.3  -64.5  36 -99
SPO 2026 07 18 16   84   4.5  -9  669.44  -74.5  -71.0  -64.2  37 -99
SPO 2026 07 18 17   74   4.2  -9  669.63  -74.7  -71.9  -65.0  37 -99
SPO 2026 07 18 18   66   4.5  -9  669.87  -74.5  -72.1  -63.9  37 -99
SPO 2026 07 18 19   82   3.0  -9  670.35  -75.6  -72.5  -67.0  37 -99
SPO 2026 07 18 20   73   4.2  -9  670.29  -74.1  -72.0  -65.1  37 -99
SPO 2026 07 18 21   59   4.5  -9  670.57  -72.8  -71.2  -65.1  38 -99
SPO 2026 07 18 22   51   3.0  -9  670.90  -70.6  -70.0  -67.2  40 -99
SPO 2026 07 18 23   71   2.2  -9  671.03  -71.0  -70.9  -68.5  40 -99
SPO 2026 07 19 00   71   2.4  -9  671.15  -69.5  -69.5  -68.2  41 -99
SPO 2026 07 19 01   70   1.5  -9  671.32  -68.8  -68.8  -68.1  41 -99
SPO 2026 07 19 02   68   3.2  -9  671.43  -68.1  -68.2  -67.4  41 -99
SPO 2026 07 19 03   59   3.5  -9  671.62  -67.2  -67.2  -66.9  42 -99
SPO 2026 07 19 04   61   3.1  -9  671.72  -67.0  -67.0  -66.1  42 -99
SPO 2026 07 19 05   63   2.8  -9  671.72  -66.4  -66.5  -66.3  43 -99
SPO 2026 07 19 06   61   3.0  -9  671.79  -66.0  -66.1  -66.0  43 -99
SPO 2026 07 19 07   54   2.9  -9  672.10  -65.0  -65.1  -65.1  44 -99
SPO 2026 07 19 08   54   3.0  -9  672.27  -64.3  -64.4  -64.3  44 -99
SPO 2026 07 19 09   64   2.5  -9  672.67  -63.8  -63.9  -63.8  44 -99
SPO 2026 07 19 10   67   3.0  -9  672.92  -63.2  -63.3  -63.3  45 -99
SPO 2026 07 19 11   64   3.6  -9  672.97  -62.7  -62.8  -62.6  45 -99
SPO 2026 07 19 12   62   3.2  -9  673.15  -62.0  -62.1  -62.1  46 -99
SPO 2026 07 19 13   69   2.6  -9  673.36  -62.1  -62.2  -62.2  46 -99
SPO 2026 07 19 14   94   2.6  -9  673.64  -62.7  -62.5  -62.2  46 -99
SPO 2026 07 19 15  102   3.1  -9  673.96  -63.0  -62.7  -61.4  45 -99
SPO 2026 07 19 16  105   3.3  -9  674.12  -63.0  -62.5  -60.1  45 -99
SPO 2026 07 19 17  107   3.0  -9  674.39  -62.8  -62.2  -59.2  45 -99
SPO 2026 07 19 18  114   3.9  -9  674.77  -62.3  -61.8  -56.9  46 -99
SPO 2026 07 19 19  121   3.9  -9  674.89  -61.7  -61.3  -57.3  46 -99
SPO 2026 07 19 20  123   4.0  -9  675.17  -61.4  -60.7  -58.1  46 -99
SPO 2026 07 19 21  117   3.0  -9  675.47  -61.2  -60.4  -58.1  46 -99
SPO 2026 07 19 22  122   3.3  -9  675.78  -61.1  -59.8  -56.6  46 -99
SPO 2026 07 19 23  121   4.3  -9  675.98  -61.6  -58.8  -55.2  46 -99
SPO 2026 07 20 00  113   4.1  -9  676.29  -61.0  -58.0  -55.9  46 -99
SPO 2026 07 20 01  112   4.2  -9  676.50  -61.1  -58.1  -56.8  46 -99
SPO 2026 07 20 02  111   4.4  -9  676.72  -60.8  -58.6  -57.0  46 -99
SPO 2026 07 20 03  110   4.2  -9  677.03  -61.0  -59.1  -58.0  46 -99
SPO 2026 07 20 04  102   4.4  -9  677.28  -61.3  -59.8  -58.4  46 -99
SPO 2026 07 20 05   95   5.2  -9  677.66  -61.4  -60.1  -59.0  46 -99
SPO 2026 07 20 06  109   4.9  -9  678.13  -61.6  -60.3  -59.2  46 -99
SPO 2026 07 20 07  112   4.5  -9  678.29  -61.5  -60.7  -59.4  46 -99
SPO 2026 07 20 08  104   5.5  -9  678.68  -61.9  -61.2  -60.0  46 -99
SPO 2026 07 20 09  105   5.6  -9  679.00  -61.5  -60.8  -59.6  46 -99
SPO 2026 07 20 10  107   6.1  -9  679.17  -61.1  -60.2  -58.9  46 -99
SPO 2026 07 20 11  101   6.1  -9  679.28  -61.7  -60.7  -59.0  46 -99
SPO 2026 07 20 12  113   6.2  -9  679.59  -61.9  -60.9  -58.9  46 -99
SPO 2026 07 20 13  110   6.4  -9  679.67  -61.4  -60.4  -59.1  46 -99
SPO 2026 07 20 14  100   6.9  -9  679.83  -61.2  -60.4  -59.4  46 -99
SPO 2026 07 20 15  107   6.8  -9  680.08  -61.7  -61.0  -60.2  46 -99
SPO 2026 07 20 16  106   6.5  -9  680.05  -61.4  -60.7  -59.7  46 -99
SPO 2026 07 20 17  110   6.8  -9  679.98  -61.2  -60.4  -59.2  46 -99
SPO 2026 07 20 18  102   7.0  -9  680.18  -61.7  -61.2  -60.3  46 -99
SPO 2026 07 20 19  105   7.1  -9  680.33  -62.4  -61.8  -60.9  46 -99
SPO 2026 07 20 20   99   7.4  -9  680.39  -62.9  -62.5  -61.5  45 -99
SPO 2026 07 20 21   85   5.0  -9  680.65  -63.8  -63.4  -62.5  45 -99
SPO 2026 07 20 22  107   6.2  -9  680.92  -64.6  -64.0  -63.1  44 -99
SPO 2026 07 20 23  105   6.9  -9  680.79  -65.1  -64.6  -63.4  44 -99
SPO 2026 07 21 00  102   5.1  -9  680.97  -65.6  -65.2  -64.4  44 -99
SPO 2026 07 21 01  105   4.9  -9  681.26  -66.2  -65.3  -64.4  43 -99
SPO 2026 07 21 02  115   6.1  -9  681.31  -66.3  -65.7  -64.6  43 -99
SPO 2026 07 21 03  105   6.3  -9  681.12  -65.9  -65.5  -64.6  43 -99
SPO 2026 07 21 04  105   5.9  -9  680.80  -65.9  -65.4  -64.2  43 -99
SPO 2026 07 21 05   98   6.0  -9  680.84  -65.8  -65.3  -63.7  43 -99
SPO 2026 07 21 06  116   5.5  -9  681.00  -66.1  -65.5  -64.5  43 -99
SPO 2026 07 21 07  127   5.5  -9  681.16  -66.8  -66.3  -64.9  43 -99
SPO 2026 07 21 08  112   5.5  -9  680.88  -66.0  -65.5  -64.2  43 -99
SPO 2026 07 21 09  108   5.9  -9  680.85  -66.2  -65.6  -64.0  43 -99
SPO 2026 07 21 10  113   6.3  -9  680.81  -65.9  -65.0  -63.3  43 -99
SPO 2026 07 21 11  109   6.3  -9  680.64  -65.6  -65.0  -63.4  43 -99
SPO 2026 07 21 12  109   5.3  -9  680.26  -65.7  -65.0  -63.0  43 -99
SPO 2026 07 21 13  106   6.1  -9  680.03  -64.6  -63.7  -61.8  44 -99
SPO 2026 07 21 14  107   5.2  -9  680.07  -64.8  -63.7  -61.9  44 -99
SPO 2026 07 21 15  112   5.5  -9  679.88  -64.4  -62.4  -60.9  44 -99
SPO 2026 07 21 16  111   5.3  -9  679.77  -64.0  -62.7  -61.1  44 -99
SPO 2026 07 21 17  111   6.9  -9  679.58  -64.4  -63.5  -61.7  44 -99
SPO 2026 07 21 18  108   6.2  -9  679.39  -64.3  -63.4  -61.7  44 -99
SPO 2026 07 21 19  111   5.5  -9  679.26  -64.6  -63.8  -62.4  44 -99
SPO 2026 07 21 20  110   5.4  -9  678.93  -65.0  -64.1  -62.5  44 -99
SPO 2026 07 21 21  111   5.9  -9  678.80  -65.6  -64.6  -62.7  43 -99
SPO 2026 07 21 22  110   6.2  -9  678.67  -65.6  -64.3  -61.9  43 -99
SPO 2026 07 21 23  110   6.5  -9  678.29  -65.7  -64.4  -62.2  43 -99
SPO 2026 07 22 00  108   5.7  -9  677.80  -65.6  -64.2  -62.8  43 -99
SPO 2026 07 22 01  108   5.6  -9  677.67  -65.8  -65.0  -63.3  43 -99
SPO 2026 07 22 02  103   6.1  -9  677.20  -66.4  -65.6  -64.3  43 -99
SPO 2026 07 22 03  101   5.5  -9  676.68  -66.6  -66.0  -64.7  43 -99
SPO 2026 07 22 04  107   5.0  -9  676.17  -67.6  -65.8  -64.1  42 -99
SPO 2026 07 22 05  113   4.8  -9  675.57  -68.4  -66.7  -64.8  42 -99
SPO 2026 07 22 06  113   5.2  -9  675.34  -68.8  -66.9  -64.3  41 -99
SPO 2026 07 22 07  112   5.3  -9  674.90  -69.4  -67.3  -64.4  41 -99
SPO 2026 07 22 08  107   5.3  -9  674.46  -69.6  -68.1  -64.5  41 -99
SPO 2026 07 22 09  101   5.2  -9  673.85  -69.6  -68.1  -64.9  41 -99
SPO 2026 07 22 10   99   5.4  -9  673.13  -70.1  -68.5  -64.9  41 -99
SPO 2026 07 22 11   98   5.2  -9  672.91  -70.1  -68.1  -63.9  40 -99
SPO 2026 07 22 12   92   5.6  -9  672.68  -70.1  -68.7  -64.3  40 -99
SPO 2026 07 22 13   83   4.7  -9  672.54  -70.2  -68.5  -64.7  40 -99
SPO 2026 07 22 14   84   4.6  -9  672.28  -70.5  -68.9  -64.4  40 -99
SPO 2026 07 22 15   81   4.9  -9  671.83  -68.8  -67.9  -64.1  41 -99
SPO 2026 07 22 16   68   5.4  -9  671.46  -65.7  -65.5  -64.1  43 -99
SPO 2026 07 22 17   58   5.4  -9  671.36  -64.8  -64.1  -62.5  43 -99
SPO 2026 07 22 18   48   5.8  -9  671.30  -64.5  -63.6  -61.8  43 -99
SPO 2026 07 22 19   52   4.9  -9  671.26  -65.3  -64.0  -61.9  43 -99
SPO 2026 07 22 20   53   5.7  -9  671.28  -65.3  -64.2  -62.1  43 -99
SPO 2026 07 22 21   44   6.7  -9  670.99  -63.2  -62.4  -61.3  44 -99
SPO 2026 07 22 22   40   6.2  -9  671.34  -62.1  -61.4  -60.5  45 -99
SPO 2026 07 22 23   45   5.9  -9  671.62  -62.0  -61.2  -60.0  45 -99
SPO 2026 07 23 00   35   7.4  -9  671.58  -60.2  -59.5  -59.1  46 -99
SPO 2026 07 23 01   24   8.3  -9  671.67  -59.3  -59.2  -59.1  46 -99
SPO 2026 07 23 02   24   8.7  -9  671.96  -58.6  -58.6  -58.4  46 -99
SPO 2026 07 23 03   15  10.7  -9  671.79  -57.9  -57.9  -57.7  48 -99
SPO 2026 07 23 04   15  10.4  -9  671.91  -57.2  -57.2  -57.2  48 -99
SPO 2026 07 23 05   13  10.2  -9  672.09  -56.9  -56.9  -56.9  49 -99
SPO 2026 07 23 06   14  10.0  -9  672.50  -56.9  -57.0  -57.0  49 -99
SPO 2026 07 23 07   19   9.3  -9  672.90  -57.2  -57.4  -57.3  48 -99
SPO 2026 07 23 08   24   7.2  -9  673.57  -57.6  -57.5  -57.5  47 -99
SPO 2026 07 23 09   28   5.8  -9  673.95  -57.5  -57.4  -57.4  48 -99
SPO 2026 07 23 10   33   5.8  -9  674.39  -58.0  -57.7  -57.7  48 -99
SPO 2026 07 23 11   35   6.0  -9  674.82  -58.3  -58.0  -57.9  48 -99
SPO 2026 07 23 12   35   6.1  -9  674.96  -58.3  -58.0  -57.9  48 -99
SPO 2026 07 23 13   34   6.5  -9  675.02  -58.1  -57.8  -57.7  48 -99
SPO 2026 07 23 14   51   4.1  -9  675.47  -57.9  -57.8  -57.8  49 -99
SPO 2026 07 23 15   55   3.8  -9  675.74  -58.5  -58.4  -58.3  48 -99
SPO 2026 07 23 16   56   4.0  -9  675.91  -59.2  -59.0  -58.7  48 -99
SPO 2026 07 23 17   67   4.3  -9  675.99  -60.5  -60.1  -59.0  47 -99
SPO 2026 07 23 18   70   4.1  -9  676.09  -61.8  -61.1  -59.1  46 -99
SPO 2026 07 23 19   84   4.3  -9  676.20  -62.6  -61.4  -59.0  45 -99
SPO 2026 07 23 20   97   4.8  -9  676.30  -63.0  -61.5  -59.2  45 -99
SPO 2026 07 23 21   88   5.5  -9  676.16  -64.0  -61.7  -57.0  44 -99
SPO 2026 07 23 22   76   5.5  -9  675.83  -63.4  -61.4  -54.0  45 -99
SPO 2026 07 23 23   99   4.8  -9  675.72  -65.2  -61.8  -56.3  44 -99
SPO 2026 07 24 00   99   4.6  -9  675.45  -64.9  -60.9  -56.4  44 -99
SPO 2026 07 24 01  109   5.2  -9  675.22  -65.1  -61.6  -57.8  43 -99
SPO 2026 07 24 02  104   5.8  -9  674.92  -63.8  -60.5  -57.2  44 -99
SPO 2026 07 24 03   99   5.8  -9  674.71  -63.7  -59.6  -55.9  44 -99
SPO 2026 07 24 04  106   5.5  -9  674.45  -63.6  -59.6  -56.2  44 -99
SPO 2026 07 24 05   92   5.4  -9  674.35  -62.7  -59.3  -55.9  44 -99
SPO 2026 07 24 06   88   5.7  -9  674.10  -63.2  -60.3  -57.3  45 -99
SPO 2026 07 24 07   88   5.8  -9  673.83  -62.9  -60.6  -58.0  45 -99
SPO 2026 07 24 08   88   6.0  -9  673.50  -63.0  -61.2  -57.8  45 -99
SPO 2026 07 24 09   96   5.6  -9  673.50  -62.6  -60.9  -59.0  45 -99
SPO 2026 07 24 10   96   5.4  -9  673.48  -62.5  -60.2  -58.5  45 -99
SPO 2026 07 24 11   95   5.5  -9  673.59  -62.0  -60.6  -58.9  45 -99
SPO 2026 07 24 12   94   5.0  -9  673.59  -61.1  -60.4  -59.2  46 -99
SPO 2026 07 24 13   91   5.2  -9  673.57  -62.0  -61.1  -59.6  46 -99
SPO 2026 07 24 14   95   5.0  -9  673.58  -63.2  -61.8  -60.3  45 -99
SPO 2026 07 24 15   92   5.0  -9  673.43  -63.2  -62.0  -60.4  45 -99
SPO 2026 07 24 16   99   4.7  -9  673.42  -63.7  -62.1  -60.8  45 -99
SPO 2026 07 24 17  108   4.7  -9  673.06  -64.4  -62.4  -61.0  44 -99
SPO 2026 07 24 18  113   4.5  -9  673.04  -65.3  -63.4  -62.1  44 -99
SPO 2026 07 24 19  112   4.4  -9  672.81  -65.8  -63.8  -62.6  43 -99
SPO 2026 07 24 20  115   4.1  -9  672.44  -66.3  -64.4  -62.8  43 -99
SPO 2026 07 24 21  120   3.7  -9  672.03  -67.0  -65.1  -63.6  42 -99
SPO 2026 07 24 22  118   3.8  -9  671.78  -67.4  -66.3  -64.5  42 -99
SPO 2026 07 24 23  130   5.2  -9  671.33  -68.4  -67.3  -63.0  42 -99
SPO 2026 07 25 00  130   4.8  -9  670.64  -68.8  -67.5  -63.0  41 -99
SPO 2026 07 25 01  129   4.6  -9  670.01  -69.1  -68.4  -65.9  41 -99
SPO 2026 07 25 02  112   4.5  -9  669.61  -68.4  -67.8  -66.1  41 -99
SPO 2026 07 25 03  116   4.2  -9  669.10  -68.8  -67.3  -65.2  41 -99
SPO 2026 07 25 04  116   4.8  -9  668.62  -69.0  -67.0  -63.9  41 -99
SPO 2026 07 25 05  117   4.7  -9  668.09  -69.1  -67.4  -63.8  41 -99
SPO 2026 07 25 06  111   3.1  -9  667.80  -68.6  -66.4  -63.5  41 -99
SPO 2026 07 25 07  122   3.9  -9  667.50  -69.2  -66.7  -63.8  41 -99
SPO 2026 07 25 08  110   4.3  -9  667.15  -68.7  -66.2  -63.0  41 -99
SPO 2026 07 25 09  102   4.2  -9  666.90  -68.3  -66.1  -62.1  41 -99
SPO 2026 07 25 10   99   3.2  -9  666.98  -68.8  -65.6  -63.7  41 -99
SPO 2026 07 25 11   95   3.6  -9  666.85  -68.1  -65.1  -62.3  41 -99
SPO 2026 07 25 12  111   3.8  -9  667.21  -68.2  -65.1  -63.2  41 -99
SPO 2026 07 25 13  110   3.5  -9  667.20  -68.5  -65.2  -62.9  41 -99
SPO 2026 07 25 14  106   3.5  -9  667.15  -69.1  -65.6  -62.3  41 -99
SPO 2026 07 25 15   97   3.3  -9  667.21  -69.2  -65.5  -62.4  40 -99
SPO 2026 07 25 16   97   2.9  -9  667.44  -70.0  -66.5  -63.3  40 -99
SPO 2026 07 25 17   96   3.7  -9  667.58  -68.5  -66.7  -63.5  41 -99
SPO 2026 07 25 18   96   4.4  -9  667.74  -69.4  -67.4  -64.2  41 -99
SPO 2026 07 25 19  100   4.8  -9  668.05  -69.8  -67.9  -64.4  41 -99
SPO 2026 07 25 20   99   5.2  -9  668.18  -69.5  -68.1  -64.3  41 -99
SPO 2026 07 25 21  101   2.5  -9  668.69  -69.7  -68.5  -66.2  40 -99
SPO 2026 07 25 22  106   3.2  -9  668.91  -70.4  -68.9  -67.6  40 -99
SPO 2026 07 25 23  108   4.4  -9  668.98  -70.5  -69.4  -67.5  40 -99
SPO 2026 07 26 00  109   5.0  -9  669.22  -70.4  -69.4  -67.3  40 -99
SPO 2026 07 26 01  110   5.0  -9  669.51  -71.1  -69.7  -68.1  40 -99
SPO 2026 07 26 02  103   4.9  -9  669.50  -71.1  -70.0  -68.3  40 -99
SPO 2026 07 26 03  105   3.9  -9  669.48  -71.7  -70.7  -68.7  39 -99
SPO 2026 07 26 04  104   3.4  -9  669.33  -71.1  -70.7  -69.2  39 -99
SPO 2026 07 26 05  102   3.6  -9  669.62  -71.3  -70.3  -68.9  39 -99
SPO 2026 07 26 06  105   4.2  -9  669.73  -71.6  -69.7  -68.8  39 -99
SPO 2026 07 26 07  103   4.8  -9  670.10  -71.7  -69.8  -68.4  39 -99
SPO 2026 07 26 08   99   4.4  -9  670.48  -71.9  -69.7  -68.7  39 -99
SPO 2026 07 26 09  105   5.0  -9  670.64  -72.0  -70.1  -68.8  39 -99
SPO 2026 07 26 10  107   5.6  -9  670.67  -71.9  -71.0  -69.4  39 -99
SPO 2026 07 26 11  105   5.6  -9  670.75  -71.8  -71.0  -69.2  39 -99
SPO 2026 07 26 12   99   5.3  -9  670.94  -72.3  -70.9  -68.6  39 -99
SPO 2026 07 26 13  113   3.4  -9  671.25  -72.7  -71.9  -69.4  39 -99
SPO 2026 07 26 14  118   4.2  -9  671.65  -73.1  -72.5  -70.2  38 -99
SPO 2026 07 26 15  100   5.4  -9  671.54  -72.5  -71.5  -69.5  39 -99
SPO 2026 07 26 16   94   5.2  -9  671.77  -72.6  -71.3  -68.8  39 -99
SPO 2026 07 26 17  101   5.3  -9  671.70  -72.8  -71.6  -68.3  38 -99
SPO 2026 07 26 18  111   3.6  -9  671.99  -73.2  -72.3  -69.2  38 -99
SPO 2026 07 26 19  112   2.9  -9  672.32  -73.4  -71.7  -69.6  38 -99
SPO 2026 07 26 20  103   3.5  -9  672.14  -74.3  -71.9  -68.4  37 -99
SPO 2026 07 26 21   91   3.3  -9  672.15  -74.3  -72.1  -69.0  37 -99
SPO 2026 07 26 22   91   2.4  -9  672.31  -73.1  -71.8  -69.2  37 -99
SPO 2026 07 26 23   96   3.4  -9  672.40  -73.1  -70.7  -68.9  37 -99
SPO 2026 07 27 00  106   3.4  -9  672.58  -73.5  -70.2  -68.6  37 -99
SPO 2026 07 27 01  101   3.4  -9  672.60  -74.0  -70.7  -68.5  37 -99
SPO 2026 07 27 02   94   2.9  -9  672.43  -72.7  -70.5  -68.1  37 -99
SPO 2026 07 27 03   78   4.7  -9  672.26  -72.6  -70.6  -67.0  38 -99
SPO 2026 07 27 04   82   4.5  -9  672.25  -73.0  -70.5  -67.4  38 -99
SPO 2026 07 27 05   88   4.6  -9  672.11  -73.3  -70.3  -67.7  38 -99
SPO 2026 07 27 06   98   4.2  -9  672.17  -73.4  -70.2  -67.9  38 -99
SPO 2026 07 27 07   87   4.7  -9  672.05  -72.8  -70.3  -66.9  38 -99
SPO 2026 07 27 08   78   4.8  -9  672.10  -72.3  -70.3  -66.2  38 -99
SPO 2026 07 27 09   80   4.6  -9  672.31  -73.4  -70.6  -66.5  38 -99
SPO 2026 07 27 10   78   4.8  -9  672.25  -72.7  -69.8  -66.4  38 -99
SPO 2026 07 27 11   71   4.9  -9  672.05  -72.6  -70.0  -65.6  38 -99
SPO 2026 07 27 12   90   3.9  -9  672.15  -73.2  -69.9  -66.4  38 -99
SPO 2026 07 27 13   84   4.5  -9  672.04  -72.8  -69.5  -65.9  38 -99
SPO 2026 07 27 14   80   4.6  -9  672.07  -72.4  -69.2  -65.4  38 -99
SPO 2026 07 27 15   74   4.9  -9  671.92  -72.2  -69.5  -64.4  38 -99
SPO 2026 07 27 16   61   4.7  -9  671.80  -70.8  -69.3  -63.9  39 -99
SPO 2026 07 27 17   77   4.6  -9  671.89  -72.0  -70.1  -65.1  39 -99
SPO 2026 07 27 18   69   4.5  -9  671.82  -70.5  -69.5  -64.3  39 -99
SPO 2026 07 27 19   63   4.2  -9  671.77  -69.4  -68.5  -64.3  40 -99
SPO 2026 07 27 20   67   4.1  -9  671.65  -69.8  -68.8  -64.6  40 -99
SPO 2026 07 27 21   63   4.6  -9  671.60  -69.5  -68.0  -63.6  40 -99
SPO 2026 07 27 22   64   5.2  -9  671.62  -70.0  -67.5  -62.9  40 -99
SPO 2026 07 27 23   73   4.8  -9  671.63  -70.7  -68.5  -63.5  40 -99
SPO 2026 07 28 00   66   5.5  -9  671.48  -70.5  -68.3  -62.4  40 -99
SPO 2026 07 28 01   62   5.2  -9  671.34  -70.3  -68.5  -62.9  40 -99
SPO 2026 07 28 02   67   5.4  -9  671.26  -70.1  -68.1  -63.1  40 -99
SPO 2026 07 28 03   64   5.5  -9  670.99  -69.8  -67.4  -62.8  40 -99
SPO 2026 07 28 04   68   5.4  -9  670.92  -69.2  -67.4  -62.9  40 -99
SPO 2026 07 28 05   60   5.1  -9  670.66  -68.2  -66.8  -62.7  41 -99
SPO 2026 07 28 06   77   4.4  -9  670.68  -70.4  -66.8  -63.4  40 -99
SPO 2026 07 28 07   81   4.6  -9  670.62  -69.7  -66.8  -63.7  40 -99
SPO 2026 07 28 08   79   4.8  -9  670.49  -68.4  -67.0  -63.6  41 -99
SPO 2026 07 28 09   77   4.8  -9  670.41  -68.9  -66.5  -63.7  41 -99
SPO 2026 07 28 10   74   4.6  -9  670.41  -67.3  -66.1  -63.9  42 -99
SPO 2026 07 28 11   73   4.2  -9  670.25  -66.2  -65.2  -63.4  42 -99
SPO 2026 07 28 12   75   4.3  -9  670.22  -65.8  -65.1  -63.7  43 -99
SPO 2026 07 28 13   82   4.4  -9  670.19  -67.2  -65.8  -64.0  42 -99
SPO 2026 07 28 14   76   4.8  -9  670.23  -65.9  -65.2  -63.5  42 -99
SPO 2026 07 28 15   73   4.3  -9  670.25  -65.9  -65.0  -63.7  43 -99
SPO 2026 07 28 16   86   4.8  -9  670.43  -66.9  -65.3  -63.5  42 -99
SPO 2026 07 28 17   83   4.6  -9  670.44  -66.7  -65.4  -63.7  42 -99
SPO 2026 07 28 18   89   4.5  -9  670.45  -67.2  -65.3  -63.6  42 -99
SPO 2026 07 28 19   91   5.0  -9  670.59  -66.4  -65.1  -63.2  42 -99
SPO 2026 07 28 20   88   5.2  -9  670.79  -66.3  -64.8  -62.7  42 -99
SPO 2026 07 28 21   88   5.0  -9  671.32  -66.2  -64.9  -62.9  42 -99
SPO 2026 07 28 22   83   5.4  -9  671.57  -65.9  -65.0  -62.5  43 -99
SPO 2026 07 28 23   86   5.2  -9  671.70  -65.9  -65.0  -62.3  43 -99
SPO 2026 07 29 00   93   4.9  -9  671.90  -66.5  -65.2  -62.3  42 -99
SPO 2026 07 29 01   95   5.0  -9  672.38  -66.0  -64.8  -62.3  42 -99
SPO 2026 07 29 02   85   5.1  -9  672.83  -66.2  -65.0  -62.1  42 -99
SPO 2026 07 29 03   94   4.8  -9  673.18  -67.0  -65.4  -62.9  42 -99
SPO 2026 07 29 04   92   5.1  -9  673.36  -67.1  -65.5  -62.3  42 -99
SPO 2026 07 29 05   90   5.4  -9  673.67  -66.6  -65.2  -63.0  42 -99
SPO 2026 07 29 06   89   5.7  -9  673.99  -67.5  -65.3  -62.9  42 -99
SPO 2026 07 29 07   96   5.5  -9  674.30  -68.0  -65.9  -64.0  41 -99
SPO 2026 07 29 08   95   5.5  -9  674.60  -67.6  -65.4  -63.3  41 -99
SPO 2026 07 29 09   86   5.6  -9  674.73  -67.8  -66.4  -63.5  42 -99
SPO 2026 07 29 10   98   5.2  -9  675.17  -68.4  -66.2  -64.3  41 -99
SPO 2026 07 29 11   93   5.5  -9  675.22  -68.0  -65.9  -63.7  41 -99
SPO 2026 07 29 12   85   5.4  -9  675.38  -68.0  -66.5  -63.5  41 -99
SPO 2026 07 29 13   86   5.4  -9  675.67  -68.3  -66.6  -63.3  41 -99
SPO 2026 07 29 14   91   5.4  -9  675.95  -68.5  -65.6  -63.0  41 -99
SPO 2026 07 29 15   92   5.3  -9  675.96  -68.5  -65.9  -63.8  41 -99
SPO 2026 07 29 16   89   5.2  -9  676.02  -69.0  -65.9  -63.2  41 -99
SPO 2026 07 29 17   92   4.8  -9  676.22  -69.0  -65.6  -63.8  40 -99
SPO 2026 07 29 18   88   5.1  -9  676.26  -68.6  -65.8  -63.4  41 -99
SPO 2026 07 29 19   92   4.9  -9  676.52  -68.8  -65.9  -64.0  41 -99
SPO 2026 07 29 20   87   4.3  -9  676.66  -68.8  -65.9  -63.7  41 -99
SPO 2026 07 29 21  104   4.0  -9  676.93  -69.1  -66.0  -64.5  40 -99
SPO 2026 07 29 22   98   4.3  -9  677.00  -69.5  -66.3  -64.5  40 -99
SPO 2026 07 29 23   91   4.2  -9  677.00  -69.8  -66.4  -63.9  40 -99
SPO 2026 07 30 00   91   3.5  -9  677.14  -70.0  -67.2  -64.9  40 -99
SPO 2026 07 30 01   95   2.0  -9  677.23  -69.8  -68.4  -65.9  40 -99
SPO 2026 07 30 02  100   3.2  -9  677.13  -71.0  -68.1  -65.0  39 -99
SPO 2026 07 30 03   98   4.0  -9  677.04  -71.4  -68.1  -64.2  39 -99
SPO 2026 07 30 04   98   4.4  -9  676.88  -71.1  -67.3  -64.3  39 -99
SPO 2026 07 30 05   98   4.2  -9  676.83  -70.2  -67.6  -65.4  40 -99
SPO 2026 07 30 06   90   4.9  -9  676.82  -70.0  -68.0  -65.6  40 -99
SPO 2026 07 30 07   87   5.2  -9  676.78  -70.2  -68.4  -65.4  40 -99
SPO 2026 07 30 08   92   4.8  -9  676.98  -70.0  -67.5  -65.7  40 -99
SPO 2026 07 30 09   93   4.7  -9  677.02  -69.6  -67.6  -65.8  40 -99
SPO 2026 07 30 10   93   5.4  -9  676.84  -69.0  -67.0  -65.4  40 -99
SPO 2026 07 30 11   92   5.7  -9  676.47  -69.2  -67.6  -65.4  40 -99
SPO 2026 07 30 12   86   6.0  -9  676.37  -68.7  -67.7  -65.5  41 -99
SPO 2026 07 30 13   89   6.2  -9  676.19  -68.7  -67.8  -65.6  41 -99
SPO 2026 07 30 14   92   3.6  -9  676.53  -69.4  -68.2  -66.3  40 -99
SPO 2026 07 30 15   97   5.2  -9  676.69  -69.0  -67.0  -65.3  40 -99
SPO 2026 07 30 16   89   5.2  -9  676.75  -69.5  -67.6  -65.5  40 -99
SPO 2026 07 30 17   88   5.5  -9  676.64  -69.0  -67.0  -65.3  40 -99
SPO 2026 07 30 18   86   5.2  -9  676.59  -68.8  -67.1  -65.5  40 -99
SPO 2026 07 30 19   86   4.4  -9  676.47  -69.0  -67.7  -65.9  40 -99
SPO 2026 07 30 20   88   4.1  -9  676.63  -69.4  -67.8  -65.7  40 -99
SPO 2026 07 30 21   88   4.9  -9  676.72  -69.0  -67.1  -65.2  40 -99
SPO 2026 07 30 22   85   4.5  -9  676.68  -67.8  -66.7  -65.3  41 -99
SPO 2026 07 30 23   91   5.1  -9  676.74  -68.4  -66.7  -64.9  41 -99
SPO 2026 07 31 00   90   4.9  -9  676.66  -68.5  -66.9  -65.0  41 -99
SPO 2026 07 31 01   87   3.4  -9  676.74  -68.5  -67.5  -65.8  41 -99
SPO 2026 07 31 02   87   4.2  -9  676.78  -67.8  -66.7  -65.6  41 -99
SPO 2026 07 31 03   89   3.6  -9  676.67  -67.4  -66.6  -65.4  42 -99
SPO 2026 07 31 04  100   2.9  -9  676.69  -68.0  -66.5  -65.3  41 -99
SPO 2026 07 31 05  107   4.4  -9  676.64  -69.1  -66.7  -65.6  41 -99
SPO 2026 07 31 06  102   4.8  -9  676.69  -69.6  -67.8  -65.9  41 -99
SPO 2026 07 31 07   98   4.3  -9  676.77  -69.8  -67.5  -65.7  40 -99
SPO 2026 07 31 08   96   3.9  -9  676.70  -69.9  -67.5  -66.0  40 -99
SPO 2026 07 31 09   93   4.5  -9  676.74  -69.9  -67.6  -65.5  40 -99
SPO 2026 07 31 10  100   4.2  -9  676.83  -69.4  -67.2  -65.9  40 -99
SPO 2026 07 31 11  112   4.0  -9  676.78  -70.4  -67.9  -66.8  40 -99
SPO 2026 07 31 12  112   4.1  -9  676.81  -70.7  -68.8  -67.6  40 -99
SPO 2026 07 31 13  103   4.0  -9  676.88  -71.0  -68.7  -67.6  39 -99
SPO 2026 07 31 14  101   4.4  -9  676.87  -71.4  -69.3  -67.8  39 -99
SPO 2026 07 31 15   95   4.6  -9  676.85  -71.7  -69.2  -67.1  39 -99
SPO 2026 07 31 16   97   4.3  -9  676.90  -71.7  -69.1  -67.6  39 -99
SPO 2026 07 31 17   97   3.4  -9  676.79  -72.4  -69.5  -68.0  38 -99
SPO 2026 07 31 18   94   4.2  -9  676.80  -72.4  -69.8  -67.4  38 -99
SPO 2026 07 31 19   94   4.1  -9  676.79  -71.8  -69.6  -67.2  38 -99
SPO 2026 07 31 20   94   4.2  -9  676.79  -71.7  -69.4  -67.5  39 -99
SPO 2026 07 31 21   95   3.9  -9  676.72  -71.8  -69.1  -67.7  39 -99
SPO 2026 07 31 22   94   4.1  -9  676.85  -72.2  -69.8  -68.2  39 -99
SPO 2026 07 31 23   94   4.3  -9  676.88  -72.2  -70.5  -68.1  38 -99
SPO 2026 08 01 00   93   3.9  -9  676.65  -72.2  -70.2  -68.5  38 -99
SPO 2026 08 01 01   93   3.9  -9  676.57  -72.1  -70.1  -68.1  38 -99
SPO 2026 08 01 02   92   3.6  -9  676.59  -71.9  -69.9  -68.5  38 -99
SPO 2026 08 01 03   92   3.8  -9  676.49  -72.0  -70.7  -68.5  39 -99
SPO 2026 08 01 04   92   3.5  -9  676.44  -71.6  -70.7  -68.5  39 -99
SPO 2026 08 01 05   92   3.6  -9  676.34  -70.6  -70.1  -68.8  39 -99
SPO 2026 08 01 06   91   4.0  -9  676.12  -70.7  -70.1  -68.8  40 -99
SPO 2026 08 01 07   89   4.1  -9  676.16  -70.8  -70.3  -68.4  40 -99
SPO 2026 08 01 08   90   4.0  -9  676.27  -71.1  -70.4  -67.4  39 -99
SPO 2026 08 01 09   89   3.7  -9  676.22  -70.3  -69.9  -68.4  40 -99
SPO 2026 08 01 10   88   4.6  -9  676.11  -70.8  -70.2  -67.7  40 -99
SPO 2026 08 01 11   88   5.6  -9  675.97  -70.9  -70.2  -67.0  40 -99
SPO 2026 08 01 12   89   4.3  -9  676.00  -71.3  -70.8  -67.4  39 -99
SPO 2026 08 01 13   88   3.8  -9  676.06  -72.1  -71.1  -67.1  39 -99
SPO 2026 08 01 14   88   4.3  -9  675.99  -71.9  -70.7  -67.3  39 -99
SPO 2026 08 01 15   88   5.2  -9  675.94  -71.3  -70.3  -66.3  39 -99
SPO 2026 08 01 16   88   5.1  -9  676.00  -71.8  -70.1  -66.1  39 -99
SPO 2026 08 01 17   87   5.5  -9  675.83  -70.9  -69.8  -65.7  39 -99
SPO 2026 08 01 18   88   3.8  -9  676.08  -71.5  -70.4  -66.5  40 -99
SPO 2026 08 01 19   95   3.8  -9  676.16  -72.3  -70.1  -66.2  38 -99
SPO 2026 08 01 20   90   4.5  -9  676.17  -71.6  -69.1  -65.4  39 -99
SPO 2026 08 01 21   89   4.9  -9  676.26  -71.5  -68.5  -64.7  39 -99
SPO 2026 08 01 22   87   5.0  -9  676.15  -70.6  -68.7  -63.6  39 -99
SPO 2026 08 01 23   85   4.4  -9  676.10  -70.4  -68.8  -62.7  40 -99
SPO 2026 08 02 00   73   4.2  -9  676.18  -70.2  -68.4  -59.6  39 -99
SPO 2026 08 02 01   68   4.7  -9  676.18  -69.7  -67.9  -57.7  40 -99
SPO 2026 08 02 02   67   5.0  -9  676.00  -69.1  -67.4  -57.3  40 -99
SPO 2026 08 02 03   62   5.1  -9  675.85  -68.9  -67.2  -56.5  41 -99
SPO 2026 08 02 04   64   4.7  -9  675.87  -70.2  -67.1  -57.0  40 -99
SPO 2026 08 02 05   63   4.8  -9  675.73  -69.5  -67.2  -57.9  39 -99
SPO 2026 08 02 06   47   5.3  -9  675.79  -66.6  -63.8  -57.0  40 -99
SPO 2026 08 02 07   37   5.2  -9  675.71  -65.3  -62.6  -57.2  42 -99
SPO 2026 08 02 08   39   4.9  -9  675.58  -66.6  -62.3  -58.2  41 -99
SPO 2026 08 02 09   40   4.7  -9  675.46  -67.5  -62.7  -59.2  42 -99
SPO 2026 08 02 10   33   5.8  -9  675.41  -63.4  -61.7  -59.5  41 -99
SPO 2026 08 02 11   29   6.6  -9  675.36  -61.9  -61.0  -59.4  44 -99
SPO 2026 08 02 12   34   6.1  -9  675.28  -62.5  -61.5  -60.3  44 -99
SPO 2026 08 02 13   31   6.5  -9  675.01  -62.6  -61.8  -60.7  44 -99
SPO 2026 08 02 14   33   6.2  -9  675.10  -62.6  -61.8  -60.8  44 -99
SPO 2026 08 02 15   30   6.1  -9  675.08  -62.6  -61.9  -61.1  44 -99
SPO 2026 08 02 16   29   6.7  -9  674.89  -62.0  -61.6  -60.7  44 -99
SPO 2026 08 02 17   35   6.4  -9  674.88  -61.9  -61.3  -60.4  45 -99
SPO 2026 08 02 18   34   6.2  -9  674.92  -61.2  -60.7  -60.3  45 -99
SPO 2026 08 02 19   33   6.0  -9  675.00  -60.8  -60.5  -60.4  46 -99
SPO 2026 08 02 20   29   6.5  -9  675.14  -60.2  -60.1  -60.0  45 -99
SPO 2026 08 02 21   26   6.4  -9  675.13  -59.3  -59.4  -59.5  46 -99
SPO 2026 08 02 22   26   6.2  -9  675.38  -59.2  -59.2  -59.3  46 -99
SPO 2026 08 02 23   24   6.3  -9  675.40  -58.1  -58.3  -58.5  46 -99
SPO 2026 08 03 00   23   5.8  -9  675.68  -56.9  -57.2  -57.4  47 -99
SPO 2026 08 03 01   22   6.9  -9  675.73  -56.2  -56.5  -56.7  47 -99
SPO 2026 08 03 02   20   6.9  -9  675.73  -55.4  -55.8  -55.9  48 -99
SPO 2026 08 03 03   17   7.5  -9  675.92  -54.9  -55.2  -55.4  49 -99
SPO 2026 08 03 04   10   8.0  -9  676.00  -54.4  -54.5  -54.6  51 -99
SPO 2026 08 03 05   20   5.8  -9  676.40  -53.9  -54.2  -54.3  50 -99
SPO 2026 08 03 06   11   5.6  -9  676.60  -53.7  -54.0  -54.1  51 -99
SPO 2026 08 03 07   13   3.9  -9  676.89  -53.7  -54.0  -54.1  52 -99
SPO 2026 08 03 08   26   3.2  -9  677.27  -53.8  -53.9  -54.0  51 -99
SPO 2026 08 03 09   25   3.1  -9  677.64  -54.0  -54.0  -54.0  50 -99
SPO 2026 08 03 10   32   3.1  -9  677.84  -54.3  -54.2  -54.3  51 -99
SPO 2026 08 03 11   50   2.4  -9  678.07  -54.9  -54.7  -54.7  51 -99
SPO 2026 08 03 12   64   2.3  -9  678.11  -56.0  -55.3  -55.1  51 -99
SPO 2026 08 03 13   74   2.9  -9  678.20  -56.8  -56.0  -55.1  50 -99
SPO 2026 08 03 14   74   3.0  -9  678.21  -57.1  -56.2  -55.2  50 -99
SPO 2026 08 03 15   86   2.5  -9  678.41  -57.1  -56.7  -55.4  50 -99
SPO 2026 08 03 16   81   2.7  -9  678.50  -56.5  -56.5  -56.0  50 -99
SPO 2026 08 03 17   77   2.6  -9  678.52  -56.8  -56.4  -56.3  50 -99
SPO 2026 08 03 18   78   2.8  -9  678.70  -58.2  -56.6  -56.3  49 -99
SPO 2026 08 03 19  102   3.3  -9  678.85  -59.8  -57.7  -56.4  48 -99
SPO 2026 08 03 20  106   2.4  -9  679.15  -59.0  -58.3  -56.2  48 -99
SPO 2026 08 03 21   93   3.1  -9  679.07  -59.1  -58.4  -56.5  48 -99
SPO 2026 08 03 22   64   2.7  -9  679.28  -59.1  -58.7  -57.2  48 -99
SPO 2026 08 03 23   89   3.4  -9  679.32  -60.7  -58.8  -57.6  48 -99
SPO 2026 08 04 00   73   3.9  -9  679.53  -62.3  -58.7  -57.3  46 -99
SPO 2026 08 04 01   78   3.9  -9  679.66  -63.9  -60.2  -57.0  45 -99
SPO 2026 08 04 02   76   4.1  -9  679.78  -64.8  -61.2  -56.3  44 -99
SPO 2026 08 04 03   76   3.9  -9  680.04  -66.1  -62.2  -56.2  44 -99
SPO 2026 08 04 04   70   3.8  -9  680.27  -65.4  -63.2  -56.4  43 -99
SPO 2026 08 04 05   55   4.6  -9  680.42  -63.5  -62.2  -55.0  43 -99
SPO 2026 08 04 06   26   5.3  -9  680.53  -60.1  -59.4  -56.1  45 -99
SPO 2026 08 04 07   19   5.0  -9  680.69  -58.6  -58.7  -57.1  46 -99
SPO 2026 08 04 08   15   4.8  -9  680.87  -57.2  -57.6  -57.2  48 -99
SPO 2026 08 04 09    7   4.5  -9  681.13  -56.6  -56.8  -56.7  51 -99
SPO 2026 08 04 10  358   6.7  -9  681.16  -55.4  -55.5  -55.2  51 -99
SPO 2026 08 04 11  354   6.5  -9  681.26  -54.6  -54.8  -54.8  51 -99
SPO 2026 08 04 12  355   6.2  -9  681.53  -53.7  -53.9  -53.9  51 -99
SPO 2026 08 04 13  356   7.4  -9  681.56  -52.9  -53.1  -53.0  52 -99
SPO 2026 08 04 14  358   7.0  -9  681.62  -51.7  -51.8  -51.8  53 -99
SPO 2026 08 04 15  356   7.5  -9  681.56  -51.0  -51.2  -51.2  53 -99
SPO 2026 08 04 16  347   7.4  -9  681.40  -50.1  -50.2  -50.1  54 -99
SPO 2026 08 04 17  347   7.6  -9  681.33  -49.3  -49.4  -49.2  54 -99
SPO 2026 08 04 18  347   7.7  -9  681.35  -48.6  -48.7  -48.6  55 -99
SPO 2026 08 04 19  347   8.0  -9  681.30  -47.8  -47.9  -47.7  55 -99
SPO 2026 08 04 20  347   8.5  -9  681.09  -47.2  -47.3  -47.1  56 -99
SPO 2026 08 04 21  346   8.0  -9  681.39  -46.7  -46.7  -46.6  56 -99
SPO 2026 08 04 22  350   8.7  -9  681.27  -46.6  -46.6  -46.6  56 -99
SPO 2026 08 04 23  352   7.7  -9  681.36  -46.5  -46.6  -46.6  56 -99
SPO 2026 08 05 00  351   7.4  -9  681.10  -46.7  -46.8  -46.8  56 -99
SPO 2026 08 05 01  356   7.1  -9  681.19  -46.7  -46.8  -46.8  56 -99
SPO 2026 08 05 02  356   7.4  -9  680.99  -47.1  -47.0  -47.0  56 -99
SPO 2026 08 05 03    2   7.8  -9  680.89  -47.6  -47.6  -47.5  56 -99
SPO 2026 08 05 04    4   8.1  -9  680.83  -48.2  -48.1  -47.9  56 -99
SPO 2026 08 05 05    3   7.8  -9  680.63  -48.5  -48.5  -48.3  56 -99
SPO 2026 08 05 06   11   7.7  -9  680.60  -49.1  -49.1  -48.9  55 -99
SPO 2026 08 05 07   19   7.9  -9  680.56  -48.8  -49.0  -48.9  54 -99
SPO 2026 08 05 08   23   7.7  -9  680.63  -48.7  -49.0  -49.0  53 -99
SPO 2026 08 05 09   23   8.4  -9  680.44  -49.0  -49.3  -49.3  53 -99
SPO 2026 08 05 10   27   8.2  -9  680.42  -49.7  -49.7  -49.8  53 -99
SPO 2026 08 05 11   31   8.0  -9  680.42  -50.0  -49.9  -49.9  54 -99
SPO 2026 08 05 12   37   7.4  -9  680.18  -50.2  -50.1  -50.2  54 -99
SPO 2026 08 05 13   41   6.8  -9  679.78  -50.6  -50.5  -50.5  54 -99
SPO 2026 08 05 14   48   6.2  -9  679.67  -50.9  -50.8  -50.7  54 -99
SPO 2026 08 05 15   61   6.8  -9  679.43  -51.4  -51.3  -51.1  53 -99
SPO 2026 08 05 16   66   7.2  -9  679.10  -51.8  -51.7  -51.4  53 -99
SPO 2026 08 05 17   77   6.6  -9  678.69  -53.8  -53.4  -52.1  53 -99
SPO 2026 08 05 18   82   7.0  -9  678.42  -55.9  -55.2  -53.2  51 -99
SPO 2026 08 05 19   89   6.4  -9  677.86  -56.9  -56.0  -53.8  50 -99
SPO 2026 08 05 20   95   6.4  -9  677.03  -57.8  -56.2  -54.0  49 -99
SPO 2026 08 05 21   99   6.7  -9  676.13  -58.3  -57.1  -55.3  49 -99
SPO 2026 08 05 22   95   7.3  -9  675.52  -58.7  -57.8  -56.2  48 -99
SPO 2026 08 05 23  101   7.0  -9  674.60  -58.3  -57.3  -55.9  48 -99
SPO 2026 08 06 00  105   7.1  -9  673.67  -57.6  -57.0  -56.2  49 -99
SPO 2026 08 06 01  101   7.8  -9  672.85  -58.6  -58.3  -58.0  49 -99
SPO 2026 08 06 02   99   7.9  -9  672.14  -58.7  -58.5  -58.1  48 -99
SPO 2026 08 06 03  100   9.6  -9  671.17  -58.9  -58.7  -58.5  48 -99
SPO 2026 08 06 04   99   9.2  -9  670.53  -58.7  -58.5  -58.3  48 -99
SPO 2026 08 06 05   91   6.6  -9  670.11  -58.9  -58.6  -58.5  48 -99
SPO 2026 08 06 06   89   7.5  -9  669.58  -59.1  -58.7  -58.2  48 -99
SPO 2026 08 06 07   96   7.5  -9  669.35  -59.3  -58.8  -58.2  48 -99
SPO 2026 08 06 08   93   7.2  -9  669.04  -59.5  -59.0  -58.3  48 -99
SPO 2026 08 06 09   91   6.8  -9  669.00  -60.0  -59.4  -58.5  48 -99
SPO 2026 08 06 10   90   6.9  -9  669.02  -60.7  -59.7  -58.2  47 -99
SPO 2026 08 06 11   91   6.9  -9  669.03  -61.3  -59.7  -57.5  46 -99
SPO 2026 08 06 12   82   6.3  -9  669.26  -61.4  -59.8  -57.2  46 -99
SPO 2026 08 06 13   74   8.6  -9  669.44  -58.5  -57.4  -56.1  47 -99
SPO 2026 08 06 14   71   8.8  -9  669.92  -57.6  -56.9  -55.8  49 -99
SPO 2026 08 06 15   66   8.7  -9  670.40  -57.2  -56.4  -55.2  49 -99
SPO 2026 08 06 16   69   8.0  -9  670.81  -56.9  -56.0  -54.9  49 -99
SPO 2026 08 06 17   73   7.6  -9  671.18  -57.6  -56.5  -55.0  49 -99
SPO 2026 08 06 18   73   7.0  -9  671.71  -57.3  -56.1  -54.8  49 -99
SPO 2026 08 06 19   75   6.9  -9  672.25  -57.1  -56.0  -54.3  49 -99
SPO 2026 08 06 20   74   8.0  -9  672.80  -57.0  -55.7  -53.7  49 -99
SPO 2026 08 06 21   75   8.5  -9  673.04  -56.7  -55.6  -53.9  49 -99
SPO 2026 08 06 22   74   9.0  -9  673.37  -56.0  -55.1  -53.3  50 -99
SPO 2026 08 06 23   75   8.8  -9  673.72  -56.3  -55.4  -53.4  50 -99
SPO 2026 08 07 00   73   8.1  -9  674.23  -55.9  -54.9  -53.6  50 -99
SPO 2026 08 07 01   74   7.8  -9  674.29  -56.1  -55.3  -54.1  50 -99
SPO 2026 08 07 02   77   7.8  -9  674.50  -56.1  -55.4  -54.2  50 -99
SPO 2026 08 07 03   80   8.3  -9  675.03  -56.6  -55.9  -54.5  50 -99
SPO 2026 08 07 04   74   8.6  -9  675.52  -56.9  -56.1  -54.7  49 -99
SPO 2026 08 07 05   74   7.1  -9  676.15  -57.3  -56.5  -55.7  49 -99
SPO 2026 08 07 06   77   7.7  -9  676.49  -58.5  -57.8  -56.6  49 -99
SPO 2026 08 07 07   82   7.3  -9  676.55  -59.7  -58.9  -57.6  48 -99
SPO 2026 08 07 08   81   6.5  -9  676.90  -60.1  -59.0  -57.0  48 -99
SPO 2026 08 07 09   83   6.5  -9  677.25  -61.4  -59.8  -57.4  47 -99
SPO 2026 08 07 10   81   6.8  -9  677.45  -61.7  -59.9  -57.6  46 -99
SPO 2026 08 07 11   85   7.1  -9  678.14  -61.4  -60.5  -58.8  46 -99
SPO 2026 08 07 12   89   6.5  -9  678.41  -62.1  -60.8  -58.9  46 -99
SPO 2026 08 07 13   93   6.3  -9  678.58  -62.6  -60.8  -59.1  45 -99
SPO 2026 08 07 14   92   6.2  -9  679.09  -62.6  -61.4  -59.8  45 -99
SPO 2026 08 07 15   87   6.8  -9  679.18  -62.8  -61.5  -59.9  45 -99
SPO 2026 08 07 16   87   7.2  -9  679.26  -63.0  -61.9  -60.6  45 -99
SPO 2026 08 07 17   91   7.4  -9  679.64  -62.9  -61.7  -60.2  45 -99
SPO 2026 08 07 18   91   6.7  -9  679.67  -63.2  -61.8  -59.4  45 -99
SPO 2026 08 07 19   93   6.3  -9  679.95  -63.7  -61.4  -60.0  44 -99
SPO 2026 08 07 20   83   6.7  -9  680.16  -63.1  -61.8  -60.3  45 -99
SPO 2026 08 07 21   85   5.5  -9  680.33  -63.0  -61.8  -60.4  45 -99
SPO 2026 08 07 22   91   7.9  -9  680.21  -62.4  -61.5  -59.5  45 -99
SPO 2026 08 07 23   91   8.2  -9  680.34  -62.4  -61.2  -57.8  45 -99
SPO 2026 08 08 00  103   7.4  -9  680.53  -62.0  -59.4  -57.0  45 -99
SPO 2026 08 08 01   99   7.7  -9  680.48  -61.2  -59.2  -57.5  46 -99
SPO 2026 08 08 02   98   7.6  -9  680.58  -61.1  -59.2  -57.2  46 -99
SPO 2026 08 08 03  104   8.1  -9  680.57  -60.0  -58.0  -56.4  46 -99
SPO 2026 08 08 04   99   7.6  -9  680.49  -59.3  -57.7  -56.0  48 -99
SPO 2026 08 08 05  101   7.9  -9  680.23  -59.2  -56.9  -55.0  47 -99
SPO 2026 08 08 06   98   7.5  -9  680.50  -58.3  -56.5  -55.0  48 -99
SPO 2026 08 08 07  105   7.2  -9  680.55  -58.8  -57.0  -55.4  48 -99
SPO 2026 08 08 08  106   6.8  -9  680.69  -59.4  -58.2  -57.1  47 -99
SPO 2026 08 08 09  106   6.8  -9  680.52  -59.0  -58.1  -57.0  47 -99
SPO 2026 08 08 10   98   6.1  -9  680.40  -57.9  -56.9  -55.9  48 -99
SPO 2026 08 08 11   94   7.0  -9  680.47  -58.0  -56.8  -55.9  49 -99
SPO 2026 08 08 12   95   7.0  -9  680.91  -58.9  -57.6  -56.6  48 -99
SPO 2026 08 08 13  101   6.5  -9  680.90  -59.2  -57.3  -56.1  47 -99
SPO 2026 08 08 14  100   7.5  -9  680.92  -58.0  -56.5  -55.4  48 -99
SPO 2026 08 08 15  102   7.7  -9  681.08  -58.4  -56.6  -55.5  48 -99
SPO 2026 08 08 16  105   7.6  -9  681.15  -58.9  -56.6  -55.2  48 -99
SPO 2026 08 08 17   99   7.9  -9  681.02  -58.2  -56.8  -55.2  48 -99
SPO 2026 08 08 18   99   7.0  -9  681.01  -58.5  -57.3  -54.9  49 -99
SPO 2026 08 08 19  105   8.5  -9  680.92  -58.9  -57.5  -53.4  48 -99
SPO 2026 08 08 20  110   7.1  -9  681.12  -60.4  -57.9  -54.4  47 -99
SPO 2026 08 08 21  114   6.8  -9  680.99  -59.5  -57.6  -54.8  47 -99
SPO 2026 08 08 22  109   7.2  -9  680.93  -59.5  -57.3  -55.2  47 -99
SPO 2026 08 08 23   92   7.4  -9  680.70  -58.1  -56.0  -53.9  48 -99
SPO 2026 08 09 00  108   6.1  -9  680.89  -58.8  -56.3  -54.2  48 -99
SPO 2026 08 09 01  113   6.3  -9  680.76  -58.9  -56.9  -54.2  47 -99
SPO 2026 08 09 02  114   7.3  -9  680.44  -58.0  -55.4  -52.7  48 -99
SPO 2026 08 09 03  105   6.9  -9  680.11  -58.9  -56.0  -52.6  48 -99
SPO 2026 08 09 04  111   7.1  -9  679.78  -59.8  -56.6  -52.0  47 -99
SPO 2026 08 09 05  118   7.0  -9  679.64  -59.2  -56.6  -52.4  47 -99
SPO 2026 08 09 06  118   7.6  -9  679.59  -58.8  -56.9  -52.3  48 -99
SPO 2026 08 09 07  116   7.1  -9  679.13  -59.4  -56.9  -52.5  47 -99
SPO 2026 08 09 08  115   5.5  -9  679.19  -59.7  -57.1  -53.5  47 -99
SPO 2026 08 09 09  104   7.2  -9  678.85  -58.2  -56.5  -54.7  47 -99
SPO 2026 08 09 10   99   7.4  -9  678.58  -58.6  -57.7  -56.3  48 -99
SPO 2026 08 09 11  100   6.1  -9  678.66  -59.6  -58.4  -57.3  48 -99
SPO 2026 08 09 12   96   5.9  -9  678.59  -61.0  -59.0  -57.5  47 -99
SPO 2026 08 09 13   97   6.0  -9  678.67  -62.0  -60.3  -59.4  46 -99
SPO 2026 08 09 14   98   6.5  -9  678.47  -62.7  -61.5  -60.5  46 -99
SPO 2026 08 09 15   99   6.1  -9  678.60  -63.8  -62.6  -61.7  45 -99
SPO 2026 08 09 16   95   6.4  -9  678.35  -64.7  -63.5  -62.1  44 -99
SPO 2026 08 09 17   92   5.6  -9  678.43  -65.4  -64.2  -63.2  44 -99
SPO 2026 08 09 18   86   5.8  -9  678.56  -65.6  -64.7  -63.8  44 -99
SPO 2026 08 09 19   95   5.5  -9  678.60  -66.7  -65.5  -64.4  43 -99
SPO 2026 08 09 20   90   5.4  -9  678.75  -67.0  -65.9  -64.6  43 -99
SPO 2026 08 09 21   88   6.1  -9  678.66  -67.4  -66.5  -64.9  43 -99
SPO 2026 08 09 22   85   5.6  -9  678.56  -67.4  -66.6  -65.3  42 -99
SPO 2026 08 09 23   86   5.5  -9  678.67  -67.6  -66.6  -64.9  42 -99
SPO 2026 08 10 00   86   6.4  -9  678.68  -67.8  -66.2  -63.6  42 -99
SPO 2026 08 10 01   82   6.5  -9  678.80  -68.0  -65.9  -62.9  42 -99
SPO 2026 08 10 02   77   6.8  -9  678.98  -67.7  -65.8  -62.1  42 -99
SPO 2026 08 10 03   73   6.2  -9  679.07  -67.4  -65.9  -62.1  42 -99
SPO 2026 08 10 04   82   5.2  -9  679.26  -68.4  -65.9  -62.9  42 -99
SPO 2026 08 10 05   71   6.5  -9  679.27  -68.1  -65.6  -62.2  41 -99
SPO 2026 08 10 06   62   7.1  -9  679.27  -66.7  -65.2  -61.7  42 -99
SPO 2026 08 10 07   64   6.9  -9  679.26  -67.3  -65.9  -61.7  42 -99
SPO 2026 08 10 08   59   6.6  -9  679.42  -67.5  -65.9  -61.7  42 -99
SPO 2026 08 10 09   62   5.2  -9  679.78  -68.4  -66.4  -62.4  42 -99
SPO 2026 08 10 10   60   6.6  -9  679.77  -68.1  -66.6  -62.1  42 -99
SPO 2026 08 10 11   59   6.0  -9  679.90  -68.6  -67.0  -62.6  42 -99
SPO 2026 08 10 12   53   6.4  -9  680.12  -67.8  -66.0  -62.0  41 -99
SPO 2026 08 10 13   47   6.6  -9  680.26  -66.9  -65.3  -61.4  42 -99
SPO 2026 08 10 14   48   6.0  -9  680.30  -66.7  -65.4  -62.0  42 -99
SPO 2026 08 10 15   52   5.9  -9  680.55  -67.4  -66.1  -62.1  42 -99
SPO 2026 08 10 16   47   6.6  -9  680.51  -66.7  -65.5  -61.8  42 -99
SPO 2026 08 10 17   45   6.5  -9  680.61  -66.2  -65.0  -62.2  43 -99
SPO 2026 08 10 18   43   6.6  -9  680.72  -65.3  -64.2  -62.1  43 -99
SPO 2026 08 10 19   47   5.9  -9  680.84  -67.4  -65.4  -62.4  43 -99
SPO 2026 08 10 20   42   6.2  -9  681.00  -67.2  -65.0  -62.3  42 -99
SPO 2026 08 10 21   37   6.5  -9  680.99  -64.7  -63.6  -62.2  43 -99
SPO 2026 08 10 22   37   5.8  -9  681.22  -65.2  -63.6  -62.0  44 -99
SPO 2026 08 10 23   37   6.3  -9  681.33  -65.8  -64.4  -62.1  42 -99
SPO 2026 08 11 00   33   6.6  -9  681.25  -65.3  -64.1  -62.3  43 -99
SPO 2026 08 11 01   33   6.6  -9  681.01  -65.7  -64.1  -61.9  43 -99
SPO 2026 08 11 02   29   7.2  -9  680.68  -64.0  -63.1  -61.8  43 -99
SPO 2026 08 11 03   31   6.0  -9  680.89  -63.5  -62.7  -62.1  44 -99
SPO 2026 08 11 04   28   6.2  -9  680.72  -62.9  -62.4  -61.9  44 -99
SPO 2026 08 11 05   26   6.5  -9  680.55  -61.4  -61.3  -61.2  45 -99
SPO 2026 08 11 06   22   5.9  -9  680.63  -60.1  -60.4  -60.5  46 -99
SPO 2026 08 11 07   19   5.3  -9  680.60  -58.3  -58.7  -58.8  46 -99
SPO 2026 08 11 08   16   5.4  -9  680.23  -57.3  -57.7  -57.9  48 -99
SPO 2026 08 11 09   16   5.4  -9  680.09  -56.6  -57.1  -57.2  48 -99
SPO 2026 08 11 10   18   5.2  -9  679.87  -56.2  -56.6  -56.7  48 -99
SPO 2026 08 11 11   15   5.1  -9  679.52  -55.8  -56.2  -56.3  49 -99
SPO 2026 08 11 12    5   5.3  -9  679.09  -55.4  -55.6  -55.6  51 -99
SPO 2026 08 11 13  356   6.1  -9  678.55  -55.0  -55.0  -54.9  51 -99
SPO 2026 08 11 14    9   5.1  -9  678.64  -54.5  -54.7  -54.6  51 -99
SPO 2026 08 11 15   13   4.8  -9  678.60  -53.7  -53.9  -54.0  51 -99
SPO 2026 08 11 16  354   5.5  -9  678.13  -53.3  -53.5  -53.5  52 -99
SPO 2026 08 11 17  358   4.5  -9  677.55  -53.1  -53.2  -53.2  53 -99
SPO 2026 08 11 18  355   3.8  -9  677.11  -53.6  -53.5  -53.3  53 -99
SPO 2026 08 11 19    8   3.6  -9  676.82  -54.0  -54.0  -53.7  51 -99
SPO 2026 08 11 20   33   3.3  -9  676.64  -53.8  -53.7  -53.4  51 -99
SPO 2026 08 11 21  352   4.0  -9  676.30  -53.3  -53.2  -53.2  53 -99
SPO 2026 08 11 22   10   3.7  -9  676.12  -53.1  -53.2  -53.0  52 -99
SPO 2026 08 11 23   16   3.2  -9  676.01  -52.8  -53.1  -53.1  51 -99
SPO 2026 08 12 00   31   2.7  -9  675.60  -52.6  -52.5  -52.6  53 -99
SPO 2026 08 12 01    1   2.2  -9  675.29  -52.9  -52.7  -52.4  53 -99
SPO 2026 08 12 02   44   2.5  -9  674.99  -52.5  -52.5  -52.4  53 -99
SPO 2026 08 12 03   30   2.1  -9  674.82  -52.1  -52.1  -52.3  52 -99
SPO 2026 08 12 04   42   2.6  -9  674.71  -52.2  -52.2  -52.3  53 -99
SPO 2026 08 12 05   64   3.0  -9  674.56  -53.2  -53.0  -53.0  53 -99
SPO 2026 08 12 06   73   3.1  -9  674.60  -54.6  -54.2  -53.9  52 -99
SPO 2026 08 12 07   72   3.5  -9  674.52  -54.6  -54.1  -52.9  52 -99
SPO 2026 08 12 08   74   5.3  -9  674.23  -56.4  -54.5  -53.2  51 -99
SPO 2026 08 12 09   72   5.3  -9  674.09  -58.4  -56.2  -53.1  49 -99
SPO 2026 08 12 10   75   5.6  -9  674.08  -59.7  -57.8  -53.5  48 -99
SPO 2026 08 12 11   71   4.7  -9  673.90  -60.1  -58.5  -53.8  48 -99
SPO 2026 08 12 12   77   3.2  -9  674.01  -60.7  -59.8  -56.8  48 -99
SPO 2026 08 12 13   64   4.6  -9  673.64  -60.0  -59.1  -56.4  47 -99
SPO 2026 08 12 14   69   3.9  -9  673.50  -59.8  -59.3  -57.8  48 -99
SPO 2026 08 12 15   78   4.1  -9  673.47  -60.3  -59.6  -58.0  48 -99
SPO 2026 08 12 16   84   4.5  -9  673.27  -61.3  -60.4  -58.1  47 -99
SPO 2026 08 12 17   88   4.6  -9  673.21  -62.2  -60.5  -58.3  46 -99
SPO 2026 08 12 18   87   4.8  -9  673.09  -62.4  -60.7  -59.0  46 -99
SPO 2026 08 12 19   89   5.1  -9  673.01  -63.0  -61.9  -60.1  46 -99
SPO 2026 08 12 20   88   5.1  -9  672.75  -63.1  -61.9  -60.8  45 -99
SPO 2026 08 12 21   92   4.5  -9  672.52  -62.7  -61.8  -61.1  45 -99
SPO 2026 08 12 22   99   3.8  -9  672.38  -63.6  -62.5  -61.7  45 -99
SPO 2026 08 12 23   98   5.0  -9  672.20  -64.7  -62.8  -61.7  44 -99
SPO 2026 08 13 00  105   5.3  -9  671.92  -65.0  -63.0  -61.7  44 -99
SPO 2026 08 13 01  103   7.0  -9  671.41  -64.8  -63.5  -61.0  44 -99
SPO 2026 08 13 02  103   6.8  -9  670.96  -65.0  -63.8  -62.0  44 -99
SPO 2026 08 13 03   99   7.7  -9  670.37  -64.8  -63.9  -62.3  44 -99
SPO 2026 08 13 04  100   7.6  -9  669.98  -65.1  -64.5  -63.1  44 -99
SPO 2026 08 13 05  102   7.2  -9  669.48  -65.0  -64.5  -63.7  44 -99
SPO 2026 08 13 06  100   6.8  -9  668.69  -64.5  -64.0  -62.8  44 -99
SPO 2026 08 13 07  100   7.5  -9  668.20  -63.2  -62.6  -61.6  45 -99
SPO 2026 08 13 08   97   5.7  -9  667.84  -62.7  -62.2  -61.6  45 -99
SPO 2026 08 13 09   93   6.6  -9  667.44  -63.1  -62.6  -62.0  45 -99
SPO 2026 08 13 10   98   7.0  -9  667.50  -63.6  -63.1  -62.4  45 -99
SPO 2026 08 13 11   90   8.7  -9  667.05  -63.9  -63.5  -63.0  44 -99
SPO 2026 08 13 12   91   8.0  -9  666.83  -64.7  -64.3  -63.7  44 -99
SPO 2026 08 13 13   90   8.3  -9  666.43  -65.1  -64.6  -63.7  44 -99
SPO 2026 08 13 14   90   7.6  -9  666.41  -65.1  -64.4  -63.5  44 -99
SPO 2026 08 13 15   93   7.7  -9  666.34  -64.9  -64.3  -63.3  44 -99
SPO 2026 08 13 16   90   8.2  -9  666.18  -64.3  -63.7  -62.9  44 -99
SPO 2026 08 13 17   88   8.0  -9  666.12  -63.0  -62.5  -61.9  45 -99
SPO 2026 08 13 18   87   8.2  -9  666.13  -62.6  -62.1  -61.6  45 -99
SPO 2026 08 13 19   86   8.2  -9  666.35  -62.5  -62.1  -61.5  45 -99
SPO 2026 08 13 20   87   7.7  -9  666.66  -62.3  -61.8  -61.1  45 -99
SPO 2026 08 13 21   81   7.3  -9  666.91  -61.8  -61.1  -60.1  46 -99
SPO 2026 08 13 22   79   7.5  -9  667.13  -61.9  -61.0  -59.6  45 -99
SPO 2026 08 13 23   77   8.0  -9  667.39  -60.7  -60.0  -59.1  46 -99
SPO 2026 08 14 00   76   8.0  -9  667.67  -59.9  -59.3  -58.6  47 -99
SPO 2026 08 14 01   76   8.4  -9  668.06  -59.7  -59.1  -58.2  47 -99
SPO 2026 08 14 02   67   9.2  -9  668.25  -59.3  -58.8  -57.9  47 -99
SPO 2026 08 14 03   64   8.6  -9  668.64  -59.2  -58.5  -57.5  47 -99
SPO 2026 08 14 04   70   8.0  -9  669.12  -58.3  -57.8  -57.0  48 -99
SPO 2026 08 14 05   62   8.7  -9  669.56  -56.8  -56.4  -55.9  49 -99
SPO 2026 08 14 06   55   9.2  -9  669.97  -56.0  -55.5  -55.0  49 -99
SPO 2026 08 14 07   47  10.6  -9  670.28  -55.2  -54.8  -54.5  50 -99
SPO 2026 08 14 08   44  10.2  -9  670.79  -55.3  -54.9  -54.7  50 -99
SPO 2026 08 14 09   40  10.3  -9  671.26  -54.8  -54.5  -54.2  50 -99
SPO 2026 08 14 10   43   8.5  -9  671.94  -54.9  -54.7  -54.5  50 -99
SPO 2026 08 14 11   45   8.1  -9  672.49  -55.3  -55.0  -54.7  50 -99
SPO 2026 08 14 12   39   8.5  -9  672.94  -55.0  -54.6  -54.3  50 -99
SPO 2026 08 14 13   44   7.3  -9  673.58  -55.6  -55.1  -54.8  50 -99
SPO 2026 08 14 14   42   6.7  -9  674.10  -56.2  -55.5  -55.0  49 -99
SPO 2026 08 14 15   39   7.8  -9  674.30  -56.4  -55.6  -54.9  49 -99
SPO 2026 08 14 16   29   9.9  -9  674.30  -55.4  -54.6  -54.0  49 -99
SPO 2026 08 14 17   29  10.0  -9  674.39  -54.5  -53.9  -53.4  50 -99
SPO 2026 08 14 18   31  10.1  -9  674.41  -53.3  -52.8  -52.4  51 -99
SPO 2026 08 14 19   42   9.5  -9  674.43  -53.3  -52.9  -52.5  51 -99
SPO 2026 08 14 20   59   6.8  -9  674.35  -55.1  -54.5  -54.0  50 -99
SPO 2026 08 14 21   63   6.6  -9  673.96  -55.2  -54.4  -53.9  50 -99
SPO 2026 08 14 22   56   8.5  -9  673.31  -55.3  -54.6  -53.6  50 -99
SPO 2026 08 14 23   62   8.0  -9  672.72  -55.5  -54.8  -53.5  50 -99
SPO 2026 08 15 00   63   6.5  -9  672.15  -54.2  -53.3  -52.6  50 -99
SPO 2026 08 15 01   52   8.1  -9  671.59  -53.4  -52.6  -51.9  51 -99
SPO 2026 08 15 02   55   8.7  -9  671.09  -53.6  -52.8  -52.0  51 -99
SPO 2026 08 15 03   63   8.2  -9  670.54  -54.0  -53.2  -52.3  51 -99
SPO 2026 08 15 04   67   9.1  -9  669.68  -54.4  -53.7  -52.8  51 -99
SPO 2026 08 15 05   63   9.0  -9  669.12  -54.5  -53.7  -52.3  51 -99
SPO 2026 08 15 06   63   7.8  -9  668.84  -54.2  -53.2  -51.6  50 -99
SPO 2026 08 15 07   61   8.3  -9  668.64  -51.8  -51.0  -49.5  52 -99
SPO 2026 08 15 08   49   8.9  -9  668.32  -48.8  -47.9  -46.7  53 -99
SPO 2026 08 15 09   26  11.2  -9  668.30  -45.0  -44.3  -43.6  55 -99
SPO 2026 08 15 10   20  11.3  -9  668.74  -44.0  -43.5  -43.0  56 -99
SPO 2026 08 15 11   31  10.1  -9  669.18  -44.6  -43.8  -43.2  57 -99
SPO 2026 08 15 12   28  10.3  -9  669.56  -43.7  -43.0  -42.5  56 -99
SPO 2026 08 15 13   17   9.9  -9  670.23  -42.4  -42.1  -41.6  57 -99
SPO 2026 08 15 14   18   9.8  -9  670.74  -43.2  -42.8  -42.0  57 -99
SPO 2026 08 15 15   14   9.5  -9  671.43  -43.9  -43.3  -42.4  57 -99
SPO 2026 08 15 16    6   9.3  -9  672.22  -44.1  -43.5  -42.9  58 -99
SPO 2026 08 15 17  357   9.6  -9  672.95  -43.0  -42.6  -42.5  58 -99
SPO 2026 08 15 18  351   7.7  -9  674.01  -43.3  -42.9  -42.7  58 -99
SPO 2026 08 15 19  357   7.8  -9  674.96  -44.1  -43.6  -43.3  58 -99
SPO 2026 08 15 20    1   8.1  -9  675.95  -45.4  -44.8  -44.2  58 -99
SPO 2026 08 15 21    7   9.0  -9  676.60  -46.8  -46.2  -45.2  57 -99
SPO 2026 08 15 22    7   8.2  -9  677.20  -47.7  -47.2  -46.2  57 -99
SPO 2026 08 15 23    7   8.3  -9  677.82  -48.1  -47.6  -46.7  56 -99
SPO 2026 08 16 00    9   8.3  -9  678.20  -48.6  -48.2  -47.5  56 -99
SPO 2026 08 16 01   13   7.5  -9  678.44  -49.8  -49.3  -48.3  55 -99
SPO 2026 08 16 02   31   6.5  -9  678.52  -50.8  -50.0  -48.3  53 -99
SPO 2026 08 16 03   49   6.4  -9  678.58  -53.3  -52.4  -49.9  53 -99
SPO 2026 08 16 04   42   7.1  -9  678.41  -52.9  -51.8  -49.9  52 -99
SPO 2026 08 16 05   43   7.5  -9  678.02  -53.3  -52.4  -50.3  52 -99
SPO 2026 08 16 06   49   6.2  -9  677.77  -54.5  -53.6  -52.0  51 -99
SPO 2026 08 16 07   44   6.3  -9  677.80  -55.0  -53.8  -51.9  51 -99
SPO 2026 08 16 08   41   7.1  -9  677.48  -55.7  -54.2  -51.6  50 -99
SPO 2026 08 16 09   36   7.3  -9  677.25  -54.6  -53.4  -51.7  50 -99
SPO 2026 08 16 10   32   7.7  -9  676.99  -54.6  -53.5  -52.1  50 -99
SPO 2026 08 16 11   26   7.7  -9  676.95  -54.5  -53.6  -52.0  49 -99
SPO 2026 08 16 12   27   8.4  -9  676.65  -54.8  -53.9  -52.1  49 -99
SPO 2026 08 16 13   25   8.8  -9  676.32  -55.2  -54.6  -52.5  49 -99
SPO 2026 08 16 14   21   8.8  -9  675.94  -55.4  -54.9  -52.8  48 -99
SPO 2026 08 16 15   19   8.6  -9  675.83  -55.5  -55.2  -53.8  49 -99
SPO 2026 08 16 16   19   7.6  -9  675.79  -55.8  -55.4  -54.2  49 -99
SPO 2026 08 16 17   15   8.6  -9  675.64  -56.4  -55.9  -54.3  49 -99
SPO 2026 08 16 18   19   7.8  -9  675.87  -56.6  -56.2  -54.6  48 -99
SPO 2026 08 16 19   16   7.7  -9  675.73  -57.2  -56.6  -54.6  48 -99
SPO 2026 08 16 20   18   8.6  -9  675.39  -57.3  -56.8  -54.6  48 -99
SPO 2026 08 16 21   10   8.7  -9  675.40  -57.7  -57.1  -55.8  49 -99
SPO 2026 08 16 22   13   8.8  -9  675.37  -57.7  -57.3  -55.7  49 -99
SPO 2026 08 16 23   15   9.0  -9  675.23  -57.3  -56.9  -55.8  48 -99
SPO 2026 08 17 00   12   8.4  -9  675.40  -58.0  -57.6  -56.5  49 -99
SPO 2026 08 17 01   10   8.2  -9  675.36  -58.8  -58.4  -57.4  49 -99
SPO 2026 08 17 02   15   8.3  -9  675.30  -59.2  -58.9  -57.8  47 -99
SPO 2026 08 17 03   16   9.0  -9  675.00  -59.4  -59.1  -58.2  47 -99
SPO 2026 08 17 04   16   8.5  -9  674.91  -60.0  -59.7  -58.9  47 -99
SPO 2026 08 17 05   15   8.8  -9  674.83  -59.7  -59.6  -59.0  47 -99
SPO 2026 08 17 06   17   8.3  -9  674.75  -59.8  -59.7  -59.1  47 -99
SPO 2026 08 17 07   19   8.0  -9  674.59  -60.0  -59.9  -59.1  46 -99
SPO 2026 08 17 08   17   8.0  -9  674.36  -60.3  -60.2  -59.1  46 -99
SPO 2026 08 17 09   24   7.8  -9  674.15  -60.4  -60.2  -59.2  45 -99
SPO 2026 08 17 10   21   8.4  -9  673.74  -60.3  -60.2  -59.2  45 -99
SPO 2026 08 17 11   21   8.2  -9  673.52  -60.2  -60.2  -59.6  45 -99
SPO 2026 08 17 12   19   8.4  -9  673.29  -60.0  -60.1  -59.4  46 -99
SPO 2026 08 17 13   22   8.1  -9  673.24  -60.2  -60.1  -59.4  46 -99
SPO 2026 08 17 14   23   7.4  -9  673.15  -59.9  -59.8  -59.3  46 -99
SPO 2026 08 17 15   31   6.8  -9  672.94  -60.3  -59.8  -59.4  47 -99
SPO 2026 08 17 16   37   6.7  -9  672.57  -60.8  -60.3  -59.2  47 -99
SPO 2026 08 17 17   36   7.0  -9  672.29  -60.8  -60.3  -59.2  47 -99
SPO 2026 08 17 18   35   6.9  -9  672.12  -60.6  -59.9  -58.8  47 -99
SPO 2026 08 17 19   38   6.4  -9  672.05  -60.3  -59.8  -58.5  47 -99
SPO 2026 08 17 20   43   6.2  -9  671.90  -59.7  -59.2  -57.9  48 -99
SPO 2026 08 17 21   56   5.1  -9  671.81  -60.5  -60.1  -58.1  48 -99
SPO 2026 08 17 22   61   4.8  -9  671.71  -61.3  -61.0  -57.8  47 -99
SPO 2026 08 17 23   57   5.4  -9  671.42  -60.9  -60.2  -56.0  47 -99
SPO 2026 08 18 00   47   4.1  -9  671.24  -59.5  -58.6  -56.9  47 -99
SPO 2026 08 18 01   53   3.8  -9  671.33  -60.3  -59.1  -56.4  49 -99
SPO 2026 08 18 02   62   3.7  -9  671.23  -60.9  -60.5  -57.8  47 -99
SPO 2026 08 18 03   69   4.1  -9  671.24  -61.2  -61.0  -59.5  47 -99
SPO 2026 08 18 04   62   5.2  -9  671.01  -61.0  -60.6  -58.5  47 -99
SPO 2026 08 18 05   60   5.6  -9  671.00  -61.3  -60.8  -58.3  47 -99
SPO 2026 08 18 06   53   5.2  -9  671.27  -61.3  -60.8  -59.1  47 -99
SPO 2026 08 18 07   60   4.2  -9  671.53  -61.8  -61.3  -59.2  47 -99
SPO 2026 08 18 08   58   3.6  -9  671.52  -62.2  -61.6  -60.1  47 -99
SPO 2026 08 18 09   64   4.0  -9  671.48  -63.1  -62.2  -59.8  46 -99
SPO 2026 08 18 10   67   4.1  -9  671.51  -63.7  -62.6  -60.2  46 -99
SPO 2026 08 18 11   69   4.1  -9  671.69  -64.3  -63.3  -60.2  45 -99
SPO 2026 08 18 12   70   5.0  -9  671.77  -64.5  -63.6  -60.5  45 -99
SPO 2026 08 18 13   69   4.8  -9  671.77  -64.1  -63.3  -60.5  45 -99
SPO 2026 08 18 14   66   5.6  -9  671.76  -63.4  -62.7  -59.3  45 -99
SPO 2026 08 18 15   67   5.7  -9  671.74  -63.2  -62.7  -60.4  45 -99
SPO 2026 08 18 16   64   5.4  -9  671.75  -62.7  -62.3  -60.4  45 -99
SPO 2026 08 18 17   67   5.1  -9  671.85  -63.1  -62.5  -59.5  46 -99
SPO 2026 08 18 18   66   4.9  -9  671.91  -63.7  -62.7  -58.4  45 -99
SPO 2026 08 18 19   61   5.4  -9  671.55  -63.3  -62.2  -56.9  45 -99
SPO 2026 08 18 20   66   4.8  -9  671.72  -63.7  -62.1  -57.1  45 -99
SPO 2026 08 18 21   74   4.7  -9  671.82  -64.2  -62.2  -58.2  45 -99
SPO 2026 08 18 22   71   4.7  -9  671.69  -64.4  -62.1  -57.8  45 -99
SPO 2026 08 18 23   69   5.1  -9  671.45  -63.8  -62.1  -57.3  45 -99
SPO 2026 08 19 00   66   5.1  -9  671.38  -64.9  -62.6  -57.7  45 -99
SPO 2026 08 19 01   68   5.2  -9  671.24  -65.0  -62.3  -58.3  44 -99
SPO 2026 08 19 02   74   4.8  -9  671.12  -65.3  -61.9  -58.3  44 -99
SPO 2026 08 19 03   78   5.3  -9  670.93  -65.1  -61.7  -58.0  44 -99
SPO 2026 08 19 04   81   4.1  -9  670.69  -65.5  -63.5  -58.9  44 -99
SPO 2026 08 19 05   82   5.2  -9  670.43  -65.4  -63.4  -58.8  44 -99
SPO 2026 08 19 06   80   5.1  -9  670.17  -65.8  -64.0  -59.1  43 -99
SPO 2026 08 19 07   83   4.1  -9  670.13  -66.0  -64.5  -59.3  44 -99
SPO 2026 08 19 08   85   5.1  -9  669.78  -65.9  -64.2  -59.1  43 -99
SPO 2026 08 19 09   85   5.0  -9  669.54  -66.3  -64.0  -59.2  44 -99
SPO 2026 08 19 10   85   5.1  -9  669.29  -66.7  -64.1  -58.2  43 -99
SPO 2026 08 19 11   88   4.7  -9  669.09  -66.7  -63.3  -59.2  43 -99
SPO 2026 08 19 12   91   4.3  -9  668.58  -67.2  -63.3  -60.2  42 -99
SPO 2026 08 19 13   96   4.2  -9  668.03  -67.2  -64.0  -61.8  43 -99
SPO 2026 08 19 14  116   5.4  -9  667.52  -67.6  -64.8  -59.5  42 -99
SPO 2026 08 19 15  114   5.6  -9  667.05  -66.3  -62.9  -57.1  42 -99
SPO 2026 08 19 16  104   5.6  -9  666.70  -65.6  -62.5  -58.1  43 -99
SPO 2026 08 19 17  102   5.2  -9  666.44  -65.7  -62.5  -57.9  44 -99
SPO 2026 08 19 18  100   5.8  -9  666.18  -65.0  -62.1  -57.8  43 -99
SPO 2026 08 19 19  104   6.0  -9  665.82  -64.7  -62.1  -57.9  44 -99
SPO 2026 08 19 20  109   6.2  -9  665.63  -64.4  -62.2  -58.5  44 -99
SPO 2026 08 19 21  113   6.2  -9  665.48  -64.4  -62.0  -59.7  44 -99
SPO 2026 08 19 22  116   6.1  -9  665.38  -65.2  -63.4  -61.1  44 -99
SPO 2026 08 19 23  114   6.0  -9  665.12  -65.4  -63.1  -61.2  44 -99
SPO 2026 08 20 00  117   5.7  -9  665.02  -66.1  -64.3  -62.2  43 -99
SPO 2026 08 20 01  110   5.7  -9  664.87  -66.4  -64.3  -62.2  43 -99
SPO 2026 08 20 02  111   5.6  -9  664.59  -65.8  -64.2  -62.5  43 -99
SPO 2026 08 20 03  118   6.0  -9  664.56  -66.5  -65.3  -63.1  43 -99
SPO 2026 08 20 04  120   5.4  -9  664.45  -67.0  -65.7  -63.3  43 -99
SPO 2026 08 20 05  121   4.4  -9  664.31  -67.8  -66.7  -64.6  43 -99
SPO 2026 08 20 06  128   4.8  -9  664.31  -67.7  -67.0  -65.3  42 -99
SPO 2026 08 20 07  113   6.6  -9  664.13  -67.5  -66.4  -64.5  42 -99
SPO 2026 08 20 08  114   5.9  -9  663.89  -67.4  -66.9  -65.9  43 -99
SPO 2026 08 20 09  133   5.6  -9  663.85  -68.8  -68.2  -66.5  42 -99
SPO 2026 08 20 10  123   4.5  -9  663.93  -69.2  -68.7  -67.3  41 -99
SPO 2026 08 20 11  105   4.4  -9  663.87  -68.9  -68.5  -67.8  41 -99
SPO 2026 08 20 12  113   3.6  -9  663.77  -69.8  -68.7  -67.6  41 -99
SPO 2026 08 20 13  105   4.9  -9  663.44  -69.6  -68.6  -67.2  41 -99
SPO 2026 08 20 14  117   4.0  -9  663.62  -69.4  -68.1  -67.0  41 -99
SPO 2026 08 20 15  124   5.0  -9  663.88  -70.1  -68.4  -66.8  41 -99
SPO 2026 08 20 16  111   4.8  -9  663.95  -69.7  -67.9  -66.4  41 -99
SPO 2026 08 20 17  125   4.3  -9  664.27  -70.0  -68.6  -67.0  41 -99
SPO 2026 08 20 18  116   3.8  -9  664.39  -70.1  -68.8  -67.2  40 -99
SPO 2026 08 20 19  107   3.7  -9  664.65  -70.3  -69.1  -67.2  41 -99
SPO 2026 08 20 20  108   3.8  -9  665.04  -70.7  -69.1  -67.9  40 -99
SPO 2026 08 20 21  118   3.5  -9  665.33  -71.1  -69.8  -68.6  40 -99
SPO 2026 08 20 22  133   3.8  -9  665.64  -71.7  -70.7  -68.7  40 -99
SPO 2026 08 20 23  124   5.2  -9  665.77  -71.4  -70.5  -67.6  40 -99
SPO 2026 08 21 00  121   6.4  -9  665.91  -70.6  -69.7  -67.4  40 -99
SPO 2026 08 21 01  111   5.6  -9  666.01  -70.0  -69.3  -67.6  40 -99
SPO 2026 08 21 02  112   4.4  -9  666.35  -70.3  -69.6  -68.4  41 -99
SPO 2026 08 21 03  105   3.9  -9  666.47  -70.2  -69.5  -68.1  40 -99
SPO 2026 08 21 04  111   4.2  -9  666.47  -69.6  -69.0  -68.0  41 -99
SPO 2026 08 21 05  132   5.4  -9  666.71  -70.1  -69.8  -68.6  41 -99
SPO 2026 08 21 06  133   5.7  -9  667.02  -69.8  -69.5  -68.8  40 -99
SPO 2026 08 21 07  118   7.5  -9  667.15  -69.5  -69.2  -67.8  41 -99
SPO 2026 08 21 08  119   7.1  -9  667.34  -69.3  -69.0  -67.2  41 -99
SPO 2026 08 21 09  128   5.0  -9  667.61  -69.9  -69.5  -67.8  41 -99
SPO 2026 08 21 10  121   5.4  -9  667.62  -70.7  -70.3  -68.8  40 -99
SPO 2026 08 21 11  118   5.0  -9  667.83  -70.8  -70.3  -68.8  40 -99
SPO 2026 08 21 12  116   3.7  -9  667.78  -70.5  -69.9  -69.3  40 -99
SPO 2026 08 21 13  111   3.8  -9  667.93  -70.8  -70.0  -69.4  40 -99
SPO 2026 08 21 14  107   4.3  -9  668.04  -71.0  -69.9  -69.1  40 -99
SPO 2026 08 21 15  128   4.8  -9  668.27  -71.5  -70.7  -69.0  40 -99
SPO 2026 08 21 16  119   3.6  -9  668.60  -72.0  -71.0  -69.1  39 -99
SPO 2026 08 21 17  107   5.0  -9  668.32  -71.8  -70.3  -68.7  39 -99
SPO 2026 08 21 18   97   4.3  -9  668.16  -71.6  -70.6  -68.6  40 -99
SPO 2026 08 21 19   98   3.6  -9  668.38  -71.6  -69.8  -67.8  39 -99
SPO 2026 08 21 20   94   5.1  -9  668.43  -71.3  -69.4  -67.4  39 -99
SPO 2026 08 21 21   88   4.2  -9  668.22  -71.7  -69.9  -67.0  40 -99
SPO 2026 08 21 22   88   4.5  -9  668.00  -71.9  -69.7  -66.0  39 -99
SPO 2026 08 21 23   84   5.0  -9  667.60  -71.8  -69.5  -65.7  40 -99
SPO 2026 08 22 00   79   5.3  -9  667.61  -71.3  -68.7  -64.4  39 -99
SPO 2026 08 22 01   71   5.4  -9  666.99  -70.3  -69.1  -65.2  40 -99
SPO 2026 08 22 02   67   4.9  -9  666.87  -70.8  -68.8  -65.1  40 -99
SPO 2026 08 22 03   55   5.0  -9  666.40  -68.9  -67.8  -65.3  40 -99
SPO 2026 08 22 04   38   5.1  -9  666.41  -66.3  -65.5  -64.5  41 -99
SPO 2026 08 22 05   25   6.9  -9  666.21  -63.9  -63.9  -63.8  42 -99
SPO 2026 08 22 06   19   8.8  -9  665.91  -63.1  -63.3  -63.3  43 -99
SPO 2026 08 22 07   19   8.8  -9  665.92  -63.1  -63.3  -63.4  44 -99
SPO 2026 08 22 08   16   8.4  -9  666.01  -62.7  -63.0  -63.1  44 -99
SPO 2026 08 22 09   12   8.9  -9  665.98  -62.1  -62.3  -62.4  45 -99
SPO 2026 08 22 10   13   9.3  -9  665.93  -61.7  -61.9  -62.0  45 -99
SPO 2026 08 22 11   11   7.8  -9  666.20  -61.9  -61.9  -61.9  46 -99
SPO 2026 08 22 12    9   9.3  -9  665.92  -62.2  -62.1  -62.1  46 -99
SPO 2026 08 22 13   10  10.2  -9  665.49  -62.4  -62.3  -62.3  46 -99
SPO 2026 08 22 14   10  10.4  -9  665.24  -62.8  -62.6  -62.5  45 -99
SPO 2026 08 22 15    5  10.5  -9  665.66  -62.8  -62.6  -62.6  45 -99
SPO 2026 08 22 16   11  10.9  -9  665.59  -62.5  -62.4  -62.4  45 -99
SPO 2026 08 22 17   14  11.4  -9  665.10  -61.8  -61.9  -61.9  45 -99
SPO 2026 08 22 18   10   9.9  -9  665.45  -61.2  -61.2  -61.2  46 -99
SPO 2026 08 22 19   11  10.4  -9  665.31  -60.8  -60.8  -60.8  46 -99
SPO 2026 08 22 20   17  10.1  -9  665.16  -60.4  -60.4  -60.4  46 -99
SPO 2026 08 22 21   22  10.1  -9  665.15  -60.1  -60.2  -60.2  45 -99
SPO 2026 08 22 22   24   9.0  -9  664.91  -59.9  -59.9  -59.9  46 -99
SPO 2026 08 22 23   25   9.1  -9  664.61  -59.8  -59.7  -59.6  46 -99
SPO 2026 08 23 00   27   9.8  -9  664.07  -60.0  -59.8  -59.6  46 -99
SPO 2026 08 23 01   33   9.7  -9  663.72  -60.2  -59.9  -59.8  46 -99
SPO 2026 08 23 02   33   9.4  -9  663.66  -60.1  -59.8  -59.7  47 -99
SPO 2026 08 23 03   33   8.9  -9  663.57  -59.7  -59.4  -59.4  47 -99
SPO 2026 08 23 04   40   8.0  -9  663.48  -59.8  -59.5  -59.3  47 -99
SPO 2026 08 23 05   54   6.9  -9  663.40  -60.0  -59.9  -59.8  47 -99
SPO 2026 08 23 06   50   7.1  -9  663.23  -60.0  -59.9  -59.9  47 -99
SPO 2026 08 23 07   64   7.5  -9  662.87  -60.5  -60.3  -60.1  47 -99
SPO 2026 08 23 08   76   7.5  -9  662.64  -61.3  -61.1  -60.8  46 -99
SPO 2026 08 23 09   82   7.3  -9  661.98  -62.4  -62.1  -61.3  46 -99
SPO 2026 08 23 10   90   6.9  -9  661.59  -63.7  -63.3  -62.1  45 -99
SPO 2026 08 23 11   92   6.2  -9  661.36  -64.4  -63.9  -63.1  45 -99
SPO 2026 08 23 12   90   5.2  -9  660.94  -65.5  -65.1  -64.5  44 -99
SPO 2026 08 23 13   90   5.1  -9  660.43  -66.8  -66.1  -65.2  43 -99
SPO 2026 08 23 14   94   5.2  -9  660.19  -67.7  -66.8  -65.8  43 -99
SPO 2026 08 23 15   98   5.0  -9  659.83  -68.6  -67.7  -66.6  42 -99
SPO 2026 08 23 16   98   5.2  -9  659.29  -69.7  -68.7  -67.1  41 -99
SPO 2026 08 23 17   98   5.3  -9  658.89  -70.0  -68.8  -67.2  41 -99
SPO 2026 08 23 18   99   5.1  -9  658.65  -70.3  -69.1  -67.6  41 -99
SPO 2026 08 23 19   98   5.4  -9  658.50  -70.3  -69.1  -67.4  40 -99
SPO 2026 08 23 20   93   5.6  -9  657.92  -70.8  -69.4  -67.7  40 -99
SPO 2026 08 23 21   92   5.7  -9  657.68  -71.1  -69.4  -67.8  40 -99
SPO 2026 08 23 22   91   5.8  -9  657.54  -71.3  -69.6  -68.0  40 -99
SPO 2026 08 23 23   93   5.6  -9  657.43  -71.6  -69.9  -68.3  40 -99
SPO 2026 08 24 00   94   5.6  -9  657.43  -71.4  -69.9  -68.3  39 -99
SPO 2026 08 24 01   91   5.8  -9  657.48  -71.3  -70.0  -68.1  40 -99
SPO 2026 08 24 02   94   5.6  -9  657.41  -71.4  -69.9  -68.3  39 -99
SPO 2026 08 24 03   91   5.9  -9  657.35  -71.3  -69.9  -68.2  40 -99
SPO 2026 08 24 04   90   5.9  -9  657.41  -71.9  -69.9  -68.0  39 -99
SPO 2026 08 24 05   94   5.9  -9  657.64  -71.7  -69.7  -68.1  39 -99
SPO 2026 08 24 06   91   6.0  -9  657.65  -71.8  -70.1  -68.0  39 -99
SPO 2026 08 24 07   89   5.8  -9  657.97  -71.9  -70.1  -68.3  39 -99
SPO 2026 08 24 08   89   5.8  -9  658.12  -72.2  -70.3  -68.6  39 -99
SPO 2026 08 24 09   91   6.1  -9  658.36  -72.5  -70.3  -68.6  39 -99
SPO 2026 08 24 10   94   6.2  -9  658.71  -72.2  -69.8  -68.1  39 -99
SPO 2026 08 24 11   90   6.8  -9  658.78  -71.8  -69.7  -67.4  39 -99
SPO 2026 08 24 12   92   5.9  -9  658.94  -72.2  -69.8  -67.6  39 -99
SPO 2026 08 24 13   92   6.2  -9  659.25  -71.6  -69.7  -67.6  39 -99
SPO 2026 08 24 14   91   6.2  -9  659.43  -71.4  -69.4  -67.4  39 -99
SPO 2026 08 24 15   95   5.6  -9  659.55  -71.9  -70.0  -68.3  39 -99
SPO 2026 08 24 16   94   5.0  -9  659.48  -71.5  -70.2  -68.9  39 -99
SPO 2026 08 24 17   93   4.8  -9  659.72  -71.1  -70.0  -68.9  39 -99
SPO 2026 08 24 18   95   5.4  -9  659.87  -71.2  -70.4  -69.2  40 -99
SPO 2026 08 24 19   99   4.3  -9  660.08  -71.7  -70.7  -69.7  39 -99
SPO 2026 08 24 20   95   3.4  -9  660.18  -71.8  -70.9  -70.0  39 -99
SPO 2026 08 24 21  102   5.5  -9  660.24  -71.9  -70.3  -68.8  39 -99
SPO 2026 08 24 22  104   6.0  -9  660.28  -71.3  -69.9  -67.4  39 -99
SPO 2026 08 24 23   95   5.4  -9  660.50  -71.1  -69.6  -67.8  40 -99
SPO 2026 08 25 00   97   5.5  -9  660.77  -71.1  -68.3  -66.1  39 -99
SPO 2026 08 25 01   97   6.2  -9  661.07  -70.0  -66.9  -64.6  39 -99
SPO 2026 08 25 02   96   6.4  -9  661.31  -69.3  -66.5  -64.4  40 -99
SPO 2026 08 25 03  103   6.3  -9  661.51  -68.9  -66.4  -64.6  40 -99
SPO 2026 08 25 04   99   5.9  -9  661.64  -68.8  -66.9  -65.1  41 -99
SPO 2026 08 25 05  100   5.3  -9  661.84  -69.3  -67.0  -65.6  40 -99
SPO 2026 08 25 06  109   4.5  -9  662.11  -69.2  -67.8  -66.4  41 -99
SPO 2026 08 25 07  113   4.5  -9  662.13  -70.3  -69.3  -67.5  40 -99
SPO 2026 08 25 08  113   4.8  -9  662.43  -70.3  -69.3  -67.9  40 -99
SPO 2026 08 25 09  114   5.1  -9  662.46  -70.9  -70.1  -68.3  40 -99
SPO 2026 08 25 10  115   6.6  -9  662.28  -70.7  -70.0  -66.6  40 -99
SPO 2026 08 25 11  116   5.7  -9  662.51  -71.1  -69.7  -67.3  40 -99
SPO 2026 08 25 12  113   6.2  -9  662.83  -70.5  -69.0  -65.1  40 -99
SPO 2026 08 25 13  108   5.2  -9  663.29  -71.0  -68.8  -65.9  40 -99
SPO 2026 08 25 14  111   5.2  -9  663.83  -71.3  -68.9  -64.7  40 -99
SPO 2026 08 25 15  107   4.6  -9  664.19  -72.1  -68.9  -61.2  39 -99
SPO 2026 08 25 16  102   3.9  -9  664.49  -72.6  -68.7  -59.4  39 -99
SPO 2026 08 25 17   91   4.4  -9  664.70  -72.6  -66.9  -56.2  38 -99
SPO 2026 08 25 18   67   5.2  -9  665.28  -71.2  -64.0  -55.1  39 -99
SPO 2026 08 25 19   48   5.5  -9  665.75  -70.2  -64.4  -57.3  39 -99
SPO 2026 08 25 20   37   3.1  -9  666.53  -70.0  -63.4  -58.3  42 -99
SPO 2026 08 25 21   35   3.5  -9  666.71  -67.1  -61.6  -59.0  42 -99
SPO 2026 08 25 22   25   4.0  -9  667.12  -60.8  -60.2  -60.1  43 -99
SPO 2026 08 25 23   29   2.7  -9  667.41  -59.7  -59.6  -59.6  47 -99
SPO 2026 08 26 00   32   3.7  -9  667.15  -59.6  -59.4  -59.4  47 -99
SPO 2026 08 26 01   22   4.5  -9  667.20  -59.0  -59.3  -59.4  46 -99
SPO 2026 08 26 02   21   4.4  -9  667.21  -58.6  -59.0  -59.1  47 -99
SPO 2026 08 26 03   23   3.8  -9  667.65  -58.3  -58.5  -58.6  47 -99
SPO 2026 08 26 04   21   4.2  -9  668.10  -58.1  -58.4  -58.6  47 -99
SPO 2026 08 26 05   36   4.0  -9  668.29  -58.5  -58.3  -58.2  48 -99
SPO 2026 08 26 06   57   3.1  -9  668.80  -60.3  -59.7  -59.0  48 -99
SPO 2026 08 26 07   62   3.2  -9  669.39  -61.6  -60.6  -58.6  47 -99
SPO 2026 08 26 08   78   3.4  -9  669.92  -63.0  -60.9  -58.8  46 -99
SPO 2026 08 26 09  103   2.9  -9  670.61  -63.0  -61.8  -59.7  46 -99
SPO 2026 08 26 10  109   3.2  -9  671.04  -62.8  -62.0  -59.4  46 -99
SPO 2026 08 26 11  111   3.5  -9  671.35  -62.9  -62.3  -58.6  46 -99
SPO 2026 08 26 12  134   4.7  -9  671.85  -61.5  -61.1  -58.6  46 -99
SPO 2026 08 26 13  134   6.5  -9  672.85  -59.2  -59.0  -58.1  47 -99
SPO 2026 08 26 14  124   9.1  -9  673.70  -58.1  -57.8  -57.3  48 -99
SPO 2026 08 26 15  122   9.0  -9  674.55  -56.8  -56.3  -55.9  49 -99
SPO 2026 08 26 16  131   5.8  -9  675.58  -58.3  -57.8  -57.6  48 -99
SPO 2026 08 26 17  117   7.1  -9  676.03  -59.6  -59.2  -58.8  47 -99
SPO 2026 08 26 18  112   6.1  -9  677.02  -60.2  -59.5  -59.1  47 -99
SPO 2026 08 26 19  113   6.7  -9  677.61  -59.2  -58.4  -58.1  47 -99
SPO 2026 08 26 20  123   9.1  -9  677.78  -59.0  -58.5  -57.7  48 -99
SPO 2026 08 26 21  126  10.1  -9  678.03  -58.1  -57.6  -56.8  48 -99
SPO 2026 08 26 22  120   9.0  -9  678.34  -57.0  -56.3  -55.4  49 -99
SPO 2026 08 26 23  114   9.2  -9  678.61  -56.4  -55.7  -54.9  49 -99
SPO 2026 08 27 00  113   7.8  -9  679.10  -56.2  -55.5  -55.0  49 -99
SPO 2026 08 27 01  122   7.7  -9  679.54  -56.6  -56.1  -55.6  49 -99
SPO 2026 08 27 02  127  10.3  -9  679.62  -57.6  -57.1  -56.3  48 -99
SPO 2026 08 27 03  117   9.7  -9  679.51  -56.9  -56.3  -55.6  49 -99
SPO 2026 08 27 04  118   9.0  -9  679.31  -56.6  -55.8  -54.8  49 -99
SPO 2026 08 27 05  121   7.8  -9  679.21  -56.6  -56.0  -55.3  49 -99
SPO 2026 08 27 06  113   7.9  -9  679.42  -57.0  -56.4  -56.0  49 -99
SPO 2026 08 27 07  103   8.1  -9  678.98  -56.5  -55.8  -55.3  49 -99
SPO 2026 08 27 08  125   7.9  -9  679.37  -56.0  -55.2  -54.4  50 -99
SPO 2026 08 27 09  119   8.8  -9  679.43  -56.9  -55.9  -55.1  49 -99
SPO 2026 08 27 10  122   9.4  -9  679.48  -57.8  -57.1  -56.5  48 -99
SPO 2026 08 27 11  120   9.1  -9  679.49  -59.0  -58.3  -57.5  48 -99
SPO 2026 08 27 12  104   7.2  -9  679.48  -59.1  -58.7  -58.0  48 -99
SPO 2026 08 27 13  108   7.1  -9  679.52  -60.3  -59.9  -59.5  47 -99
SPO 2026 08 27 14  131   4.4  -9  679.80  -62.4  -61.9  -61.2  46 -99
SPO 2026 08 27 15  112   6.7  -9  679.61  -63.5  -62.8  -61.8  45 -99
SPO 2026 08 27 16  105   5.7  -9  679.61  -64.5  -63.9  -63.1  45 -99
SPO 2026 08 27 17  115   5.1  -9  679.62  -65.0  -64.4  -63.4  44 -99
SPO 2026 08 27 18  119   5.8  -9  679.70  -65.4  -64.9  -64.3  44 -99
SPO 2026 08 27 19  109   5.2  -9  679.64  -65.3  -64.8  -64.0  44 -99
SPO 2026 08 27 20  103   4.6  -9  679.94  -65.2  -64.6  -63.9  44 -99
SPO 2026 08 27 21  116   3.9  -9  680.26  -65.7  -65.0  -64.1  44 -99
SPO 2026 08 27 22  117   4.0  -9  680.14  -66.7  -65.8  -64.4  43 -99
SPO 2026 08 27 23  118   4.3  -9  680.24  -66.4  -65.3  -64.0  43 -99
SPO 2026 08 28 00  113   4.5  -9  680.28  -66.9  -65.4  -64.0  42 -99
SPO 2026 08 28 01  126   4.5  -9  680.55  -66.5  -65.5  -64.8  43 -99
SPO 2026 08 28 02  109   5.4  -9  680.37  -66.2  -65.0  -63.9  43 -99
SPO 2026 08 28 03  102   5.4  -9  680.35  -66.2  -65.1  -63.0  43 -99
SPO 2026 08 28 04   99   4.9  -9  680.49  -66.0  -64.8  -63.0  43 -99
SPO 2026 08 28 05  106   3.9  -9  680.55  -65.6  -64.6  -63.2  44 -99
SPO 2026 08 28 06  105   4.7  -9  680.64  -65.2  -64.4  -63.3  44 -99
SPO 2026 08 28 07  109   4.8  -9  681.09  -64.6  -64.0  -63.2  44 -99
SPO 2026 08 28 08  105   4.5  -9  681.28  -64.5  -63.7  -63.1  44 -99
SPO 2026 08 28 09   93   4.5  -9  681.29  -64.4  -63.5  -62.7  44 -99
SPO 2026 08 28 10   95   4.7  -9  681.36  -65.3  -63.8  -62.8  44 -99
SPO 2026 08 28 11  109   4.6  -9  681.57  -66.2  -64.7  -63.3  43 -99
SPO 2026 08 28 12  103   4.9  -9  681.44  -65.3  -64.1  -62.5  43 -99
SPO 2026 08 28 13   97   5.2  -9  681.38  -65.7  -64.5  -62.1  43 -99
SPO 2026 08 28 14  106   5.1  -9  681.48  -66.1  -64.7  -62.1  43 -99
SPO 2026 08 28 15  114   5.0  -9  681.51  -66.7  -65.8  -62.3  43 -99
SPO 2026 08 28 16  111   4.9  -9  681.55  -67.1  -65.4  -62.4  42 -99
SPO 2026 08 28 17  108   4.8  -9  681.49  -67.8  -65.5  -60.7  42 -99
SPO 2026 08 28 18  112   5.6  -9  681.27  -67.7  -65.5  -61.1  42 -99
SPO 2026 08 28 19  122   5.7  -9  681.21  -68.6  -67.3  -60.1  41 -99
SPO 2026 08 28 20  106   5.4  -9  681.15  -67.7  -65.8  -60.1  42 -99
SPO 2026 08 28 21   99   3.9  -9  681.24  -68.3  -66.0  -61.0  41 -99
SPO 2026 08 28 22  114   6.4  -9  680.96  -68.3  -65.5  -60.6  41 -99
SPO 2026 08 28 23  102   6.1  -9  680.47  -67.8  -64.9  -59.8  41 -99
SPO 2026 08 29 00  103   4.8  -9  680.53  -67.1  -63.9  -59.9  42 -99
SPO 2026 08 29 01  121   5.4  -9  680.38  -68.4  -65.7  -61.6  41 -99
SPO 2026 08 29 02  109   6.3  -9  679.96  -67.5  -65.3  -60.8  42 -99
SPO 2026 08 29 03  110   5.3  -9  679.42  -66.8  -64.9  -61.6  42 -99
SPO 2026 08 29 04  103   4.3  -9  679.10  -66.6  -64.4  -60.6  42 -99
SPO 2026 08 29 05   97   5.6  -9  678.55  -67.0  -63.7  -60.4  42 -99
SPO 2026 08 29 06   96   5.2  -9  677.80  -66.2  -64.3  -62.2  42 -99
SPO 2026 08 29 07   95   5.2  -9  677.91  -65.9  -63.7  -61.4  43 -99
SPO 2026 08 29 08   90   6.5  -9  677.39  -65.5  -63.0  -60.3  43 -99
SPO 2026 08 29 09   88   6.9  -9  676.83  -64.9  -62.9  -60.0  43 -99
SPO 2026 08 29 10   84   6.9  -9  676.40  -63.8  -62.6  -58.8  44 -99
SPO 2026 08 29 11  100   6.0  -9  676.26  -63.4  -61.5  -58.1  44 -99
SPO 2026 08 29 12   96   6.1  -9  675.85  -62.8  -60.0  -55.9  45 -99
SPO 2026 08 29 13   88   5.5  -9  675.81  -62.7  -58.2  -54.0  45 -99
SPO 2026 08 29 14   72   6.7  -9  675.54  -61.1  -56.9  -51.1  46 -99
SPO 2026 08 29 15   59   6.6  -9  675.39  -56.2  -54.6  -50.6  49 -99
SPO 2026 08 29 16   55   7.5  -9  675.07  -53.3  -52.5  -50.0  51 -99
SPO 2026 08 29 17   62   6.3  -9  675.29  -55.0  -53.6  -51.2  50 -99
SPO 2026 08 29 18   60   6.1  -9  675.42  -55.3  -54.2  -51.5  50 -99
SPO 2026 08 29 19   66   5.5  -9  675.79  -56.7  -54.9  -51.6  49 -99
SPO 2026 08 29 20   66   5.4  -9  676.06  -57.0  -54.7  -51.5  49 -99
SPO 2026 08 29 21   60   6.6  -9  676.04  -57.3  -55.4  -52.7  49 -99
SPO 2026 08 29 22   44   6.4  -9  676.30  -55.3  -54.3  -53.0  50 -99
SPO 2026 08 29 23   44   5.2  -9  676.63  -55.3  -53.9  -52.7  51 -99
SPO 2026 08 30 00   45   4.9  -9  676.74  -57.2  -54.5  -52.8  49 -99
SPO 2026 08 30 01   22  10.3  -9  676.69  -52.7  -52.1  -51.5  50 -99
SPO 2026 08 30 02   26   9.0  -9  677.24  -53.0  -52.5  -51.9  50 -99
SPO 2026 08 30 03   32   8.5  -9  677.78  -53.7  -52.9  -52.3  51 -99
SPO 2026 08 30 04   51   6.0  -9  678.43  -55.7  -54.8  -53.6  50 -99
SPO 2026 08 30 05   46   7.0  -9  678.83  -56.4  -55.4  -54.1  49 -99
SPO 2026 08 30 06   41   9.4  -9  678.91  -55.3  -54.5  -53.2  50 -99
SPO 2026 08 30 07   64   7.2  -9  679.64  -56.6  -56.0  -55.0  49 -99
SPO 2026 08 30 08   60   7.5  -9  680.56  -57.5  -56.7  -55.6  49 -99
SPO 2026 08 30 09   70   7.0  -9  681.45  -58.1  -57.1  -55.0  48 -99
SPO 2026 08 30 10   82   6.6  -9  682.08  -60.1  -58.7  -55.3  47 -99
SPO 2026 08 30 11   86   6.8  -9  682.81  -60.8  -59.3  -56.4  47 -99
SPO 2026 08 30 12   86   7.8  -9  683.59  -60.5  -59.5  -56.8  47 -99
SPO 2026 08 30 13   90   6.7  -9  684.29  -60.6  -59.6  -57.1  47 -99
SPO 2026 08 30 14   94   7.0  -9  685.05  -60.4  -58.9  -56.9  47 -99
SPO 2026 08 30 15  102   6.9  -9  685.46  -61.3  -59.3  -57.5  46 -99
SPO 2026 08 30 16  105   7.5  -9  685.90  -61.4  -60.2  -58.3  46 -99
SPO 2026 08 30 17   98   7.7  -9  686.32  -61.4  -60.0  -57.5  46 -99
SPO 2026 08 30 18   95   7.9  -9  686.71  -61.3  -59.2  -56.2  46 -99
SPO 2026 08 30 19   99   7.7  -9  687.06  -60.5  -59.0  -56.8  47 -99
SPO 2026 08 30 20  106   8.3  -9  687.28  -59.3  -57.4  -55.0  47 -99
SPO 2026 08 30 21   99   8.2  -9  687.62  -57.7  -55.8  -54.0  48 -99
SPO 2026 08 30 22   95   8.0  -9  688.00  -57.3  -55.7  -54.0  49 -99
SPO 2026 08 30 23   99   7.1  -9  688.54  -57.6  -56.2  -54.7  49 -99
SPO 2026 08 31 00   96   8.8  -9  688.61  -57.9  -56.9  -54.8  48 -99
SPO 2026 08 31 01   94   8.8  -9  688.97  -57.0  -56.1  -54.8  49 -99
SPO 2026 08 31 02   93   9.0  -9  689.35  -56.3  -55.6  -54.6  49 -99
SPO 2026 08 31 03   95   9.0  -9  689.43  -56.0  -55.4  -54.5  49 -99
SPO 2026 08 31 04   98   8.8  -9  689.80  -56.4  -55.9  -55.2  49 -99
SPO 2026 08 31 05  102   8.0  -9  690.06  -57.1  -56.2  -55.3  49 -99
SPO 2026 08 31 06   98   7.9  -9  690.22  -56.9  -56.0  -55.1  49 -99
SPO 2026 08 31 07   99   8.4  -9  690.36  -56.5  -55.7  -54.9  49 -99
SPO 2026 08 31 08   99   8.5  -9  690.43  -56.3  -55.6  -54.7  49 -99
SPO 2026 08 31 09   98   8.6  -9  690.55  -56.3  -55.6  -54.7  49 -99
SPO 2026 08 31 10  102   8.7  -9  690.75  -56.3  -55.6  -54.7  49 -99
SPO 2026 08 31 11  101   8.9  -9  690.83  -55.9  -55.1  -54.0  50 -99
SPO 2026 08 31 12   99   8.2  -9  690.81  -55.6  -54.4  -53.1  50 -99
SPO 2026 08 31 13   98   8.9  -9  690.81  -54.7  -53.8  -52.8  50 -99
SPO 2026 08 31 14   95   9.2  -9  690.96  -54.6  -54.1  -53.3  50 -99
SPO 2026 08 31 15  100   9.1  -9  690.95  -55.4  -54.7  -53.7  50 -99
SPO 2026 08 31 16  100   8.7  -9  691.02  -55.5  -54.7  -53.4  50 -99
SPO 2026 08 31 17  102   8.8  -9  691.17  -55.4  -54.3  -52.7  50 -99
SPO 2026 08 31 18   98   8.5  -9  691.29  -54.6  -53.4  -52.3  50 -99
SPO 2026 08 31 19   96   6.7  -9  691.15  -54.9  -53.9  -53.0  50 -99
SPO 2026 08 31 20   97   7.6  -9  690.83  -54.3  -53.3  -52.2  51 -99
SPO 2026 08 31 21   98   7.9  -9  690.86  -54.3  -52.9  -51.2  51 -99
SPO 2026 08 31 22  103   6.9  -9  690.80  -55.2  -52.3  -50.2  50 -99
SPO 2026 08 31 23  109   6.4  -9  690.46  -56.7  -53.6  -51.1  49 -99
SPO 2026 09 01 00  116   5.2  -9  690.26  -56.9  -54.6  -53.0  49 -99
SPO 2026 09 01 01  122   5.0  -9  689.59  -55.9  -54.0  -52.2  50 -99
SPO 2026 09 01 02  114   7.4  -9  689.18  -55.6  -54.5  -51.4  50 -99
SPO 2026 09 01 03  114   7.2  -9  688.67  -54.5  -53.7  -51.9  51 -99
SPO 2026 09 01 04  117   7.2  -9  687.98  -53.7  -53.1  -51.3  51 -99
SPO 2026 09 01 05  122   5.1  -9  687.20  -52.3  -51.9  -50.1  52 -99
SPO 2026 09 01 06  119   6.9  -9  686.16  -50.3  -49.7  -48.2  54 -99
SPO 2026 09 01 07  116   6.2  -9  685.23  -49.6  -48.6  -47.5  54 -99
SPO 2026 09 01 08  121   6.5  -9  684.18  -51.0  -50.2  -48.2  53 -99
SPO 2026 09 01 09  126   5.1  -9  682.88  -54.1  -52.5  -49.6  52 -99
SPO 2026 09 01 10  125   4.5  -9  681.72  -56.6  -54.1  -52.2  50 -99
SPO 2026 09 01 11  123   7.5  -9  680.37  -57.3  -54.1  -51.7  49 -99
SPO 2026 09 01 12  124   7.5  -9  679.31  -57.3  -54.4  -52.9  49 -99
SPO 2026 09 01 13  120   7.5  -9  678.30  -56.9  -54.8  -53.6  49 -99
SPO 2026 09 01 14  117   6.3  -9  677.20  -57.7  -55.2  -54.1  49 -99
SPO 2026 09 01 15  121   6.0  -9  676.23  -58.5  -55.8  -54.7  48 -99
SPO 2026 09 01 16  135   6.5  -9  675.05  -59.0  -57.6  -54.8  48 -99
SPO 2026 09 01 17  134   7.3  -9  674.00  -59.2  -57.5  -54.7  48 -99
SPO 2026 09 01 18  128   6.6  -9  672.81  -59.6  -58.6  -56.8  48 -99
SPO 2026 09 01 19  112   5.6  -9  671.95  -61.5  -59.8  -58.7  46 -99
SPO 2026 09 01 20  118   7.0  -9  671.20  -62.6  -61.1  -60.0  45 -99
SPO 2026 09 01 21  113   6.2  -9  670.55  -63.9  -62.8  -61.9  45 -99
SPO 2026 09 01 22  106   6.0  -9  670.09  -65.5  -64.0  -62.7  44 -99
SPO 2026 09 01 23   97   5.1  -9  669.52  -66.9  -65.2  -63.4  43 -99
SPO 2026 09 02 00   89   5.1  -9  668.87  -67.9  -65.9  -64.1  42 -99
SPO 2026 09 02 01   91   6.0  -9  668.39  -68.4  -66.0  -64.1  42 -99
SPO 2026 09 02 02   83   5.9  -9  667.90  -68.4  -66.1  -62.9  42 -99
SPO 2026 09 02 03   79   5.7  -9  667.53  -68.9  -66.1  -62.0  42 -99
SPO 2026 09 02 04   81   5.2  -9  667.24  -69.7  -65.2  -61.7  41 -99
SPO 2026 09 02 05   86   5.8  -9  666.84  -68.6  -64.9  -61.0  41 -99
SPO 2026 09 02 06   82   6.1  -9  666.44  -67.9  -64.3  -60.5  41 -99
SPO 2026 09 02 07   74   5.8  -9  666.38  -67.9  -63.6  -59.0  42 -99
SPO 2026 09 02 08   76   6.0  -9  666.18  -67.9  -63.5  -59.2  42 -99
SPO 2026 09 02 09   65   6.5  -9  665.92  -66.2  -63.7  -58.5  42 -99
SPO 2026 09 02 10   50   5.4  -9  665.99  -65.4  -62.7  -58.6  43 -99
SPO 2026 09 02 11   35   5.6  -9  665.96  -64.8  -61.2  -58.6  42 -99
SPO 2026 09 02 12   17   6.8  -9  665.96  -59.3  -58.8  -58.0  45 -99
SPO 2026 09 02 13   19   6.9  -9  666.22  -59.2  -58.6  -57.9  46 -99
SPO 2026 09 02 14   15   7.6  -9  666.33  -58.9  -58.6  -58.0  46 -99
SPO 2026 09 02 15   14   8.0  -9  666.55  -58.3  -58.0  -57.5  47 -99
SPO 2026 09 02 16   12   8.5  -9  666.54  -57.1  -56.8  -56.5  48 -99
SPO 2026 09 02 17    6   9.7  -9  666.73  -55.6  -55.1  -54.9  50 -99
SPO 2026 09 02 18    4  10.4  -9  667.13  -54.9  -54.5  -54.5  51 -99
SPO 2026 09 02 19    6  10.3  -9  667.29  -55.2  -54.7  -54.7  50 -99
SPO 2026 09 02 20    1  10.0  -9  667.58  -54.8  -54.3  -54.3  51 -99
SPO 2026 09 02 21    3   9.4  -9  667.95  -54.6  -54.2  -54.2  51 -99
SPO 2026 09 02 22    0   9.6  -9  668.06  -54.8  -54.3  -54.3  51 -99
SPO 2026 09 02 23    2  10.1  -9  668.35  -55.2  -54.6  -54.5  50 -99
SPO 2026 09 03 00    4  10.1  -9  668.55  -55.7  -55.1  -55.0  50 -99
SPO 2026 09 03 01    4   9.4  -9  668.72  -56.0  -55.5  -55.4  50 -99
SPO 2026 09 03 02  360   8.6  -9  668.79  -55.9  -55.5  -55.3  50 -99
SPO 2026 09 03 03    1   8.7  -9  669.00  -56.2  -55.7  -55.6  50 -99
SPO 2026 09 03 04    2   9.1  -9  668.96  -56.3  -55.8  -55.8  50 -99
SPO 2026 09 03 05    3   9.2  -9  669.06  -56.4  -56.0  -55.9  50 -99
SPO 2026 09 03 06    5   9.1  -9  669.10  -56.2  -55.8  -55.7  50 -99
SPO 2026 09 03 07    6   8.4  -9  669.26  -56.7  -56.3  -56.2  50 -99
SPO 2026 09 03 08   13   9.4  -9  669.09  -57.2  -56.8  -56.6  49 -99
SPO 2026 09 03 09   10   9.9  -9  668.94  -56.7  -56.4  -56.4  49 -99
SPO 2026 09 03 10    7   9.4  -9  669.12  -56.9  -56.6  -56.7  49 -99
SPO 2026 09 03 11    6   9.2  -9  669.01  -57.2  -56.9  -56.9  49 -99
SPO 2026 09 03 12   12   9.8  -9  668.78  -57.3  -57.0  -57.0  49 -99
SPO 2026 09 03 13   12   9.6  -9  668.77  -57.9  -57.6  -57.4  48 -99
SPO 2026 09 03 14   10  10.0  -9  668.61  -58.5  -58.1  -57.8  48 -99
SPO 2026 09 03 15   11  10.0  -9  668.52  -58.4  -58.0  -57.8  48 -99
SPO 2026 09 03 16   11  10.1  -9  668.45  -58.1  -57.6  -57.5  48 -99
SPO 2026 09 03 17   13   9.6  -9  668.54  -57.8  -57.5  -57.4  48 -99
SPO 2026 09 03 18    9   9.6  -9  668.48  -57.7  -57.3  -57.3  49 -99
SPO 2026 09 03 19    9  10.2  -9  668.38  -57.4  -57.0  -57.0  49 -99
SPO 2026 09 03 20    9  10.5  -9  668.11  -56.9  -56.6  -56.7  49 -99
SPO 2026 09 03 21    6   9.6  -9  668.23  -57.1  -56.7  -56.7  49 -99
SPO 2026 09 03 22    3   9.4  -9  668.34  -57.2  -56.8  -56.8  49 -99
SPO 2026 09 03 23    6  10.5  -9  668.18  -57.3  -56.9  -56.8  49 -99
SPO 2026 09 04 00  359   9.3  -9  668.61  -57.2  -56.8  -56.8  49 -99
SPO 2026 09 04 01  360   9.4  -9  668.61  -57.2  -56.8  -56.8  49 -99
SPO 2026 09 04 02    2   9.7  -9  668.68  -56.7  -56.4  -56.5  50 -99
SPO 2026 09 04 03    3   9.7  -9  668.73  -56.9  -56.4  -56.5  49 -99
SPO 2026 09 04 04    5   9.7  -9  668.72  -57.6  -57.1  -56.9  49 -99
SPO 2026 09 04 05    6   9.4  -9  668.69  -57.6  -57.1  -56.8  49 -99
SPO 2026 09 04 06    3   8.6  -9  669.12  -57.6  -57.1  -56.7  49 -99
SPO 2026 09 04 07    0   9.8  -9  669.05  -57.3  -56.8  -56.6  49 -99
SPO 2026 09 04 08    4   9.7  -9  669.15  -56.9  -56.4  -56.3  50 -99
SPO 2026 09 04 09    0   9.0  -9  669.35  -57.0  -56.5  -56.0  49 -99
SPO 2026 09 04 10    3   8.9  -9  669.30  -57.0  -56.4  -55.6  49 -99
SPO 2026 09 04 11  358   8.1  -9  669.25  -56.0  -55.5  -55.0  50 -99
SPO 2026 09 04 12  359   8.3  -9  669.20  -55.7  -55.1  -54.6  50 -99
SPO 2026 09 04 13    0   8.0  -9  669.46  -56.1  -55.3  -54.4  50 -99
SPO 2026 09 04 14    0   8.0  -9  669.59  -55.8  -54.8  -53.7  50 -99
SPO 2026 09 04 15  359   7.4  -9  669.78  -55.2  -54.2  -53.0  51 -99
SPO 2026 09 04 16  354   7.7  -9  669.80  -54.1  -53.3  -52.4  51 -99
SPO 2026 09 04 17  349   8.2  -9  669.73  -53.4  -52.7  -51.5  51 -99
SPO 2026 09 04 18  349   7.8  -9  669.87  -53.1  -52.4  -51.6  52 -99
SPO 2026 09 04 19  343   8.9  -9  669.88  -51.7  -51.1  -50.7  53 -99
SPO 2026 09 04 20  348   8.1  -9  670.37  -51.6  -51.0  -50.5  53 -99
SPO 2026 09 04 21  351   8.0  -9  670.60  -50.7  -50.2  -49.9  53 -99
SPO 2026 09 04 22  340   8.0  -9  670.79  -49.4  -48.9  -48.7  54 -99
SPO 2026 09 04 23  336   8.0  -9  671.13  -48.7  -48.2  -48.1  55 -99
SPO 2026 09 05 00  326   9.0  -9  671.50  -48.2  -47.6  -47.5  55 -99
SPO 2026 09 05 01  324   9.7  -9  671.51  -47.8  -47.1  -47.0  55 -99
SPO 2026 09 05 02  326   9.2  -9  671.74  -47.6  -47.0  -46.9  55 -99
SPO 2026 09 05 03  328   9.1  -9  672.19  -47.5  -47.0  -46.9  55 -99
SPO 2026 09 05 04  330   8.1  -9  672.53  -47.7  -47.2  -47.1  55 -99
SPO 2026 09 05 05  330   7.7  -9  672.80  -47.6  -47.1  -46.9  55 -99
SPO 2026 09 05 06  332   7.8  -9  672.89  -47.6  -47.1  -46.8  55 -99
SPO 2026 09 05 07  336   7.9  -9  672.94  -47.6  -47.1  -46.8  55 -99
SPO 2026 09 05 08  328   9.0  -9  672.80  -46.5  -46.0  -45.9  56 -99
SPO 2026 09 05 09  325   9.3  -9  673.05  -45.8  -45.3  -45.2  57 -99
SPO 2026 09 05 10  326   8.1  -9  673.28  -45.4  -44.9  -44.9  57 -99
SPO 2026 09 05 11  320   8.5  -9  673.05  -44.8  -44.3  -44.2  57 -99
SPO 2026 09 05 12  311   9.3  -9  673.02  -44.1  -43.7  -43.6  58 -99
SPO 2026 09 05 13  309  10.4  -9  673.01  -43.5  -43.1  -43.1  58 -99
SPO 2026 09 05 14  310  10.5  -9  673.24  -43.0  -42.6  -42.6  58 -99
SPO 2026 09 05 15  313  10.5  -9  673.23  -42.7  -42.2  -42.2  58 -99
SPO 2026 09 05 16  318  11.1  -9  672.92  -42.6  -42.2  -42.1  59 -99
SPO 2026 09 05 17  312  10.6  -9  672.88  -42.3  -41.9  -41.8  59 -99
SPO 2026 09 05 18  306   9.1  -9  673.01  -42.0  -41.6  -41.5  59 -99
SPO 2026 09 05 19  308   9.1  -9  673.02  -41.8  -41.3  -41.2  59 -99
SPO 2026 09 05 20  313   8.5  -9  673.04  -42.1  -41.7  -41.6  59 -99
SPO 2026 09 05 21  315   7.9  -9  672.93  -42.5  -42.2  -42.1  59 -99
SPO 2026 09 05 22  316   8.5  -9  672.88  -43.2  -42.8  -42.6  58 -99
SPO 2026 09 05 23  318   7.8  -9  673.01  -43.6  -43.1  -42.6  58 -99
SPO 2026 09 06 00  320   7.4  -9  672.87  -44.0  -43.5  -43.0  58 -99
SPO 2026 09 06 01  316   7.1  -9  672.74  -44.9  -44.4  -43.7  57 -99
SPO 2026 09 06 02  319   6.7  -9  672.71  -46.0  -45.3  -44.4  57 -99
SPO 2026 09 06 03  319   7.0  -9  672.48  -46.0  -45.4  -44.7  57 -99
SPO 2026 09 06 04  313   6.6  -9  672.40  -45.5  -45.0  -44.5  57 -99
SPO 2026 09 06 05  315   5.8  -9  672.13  -46.5  -45.7  -44.6  57 -99
SPO 2026 09 06 06  333   5.1  -9  671.88  -48.9  -47.4  -45.6  55 -99
SPO 2026 09 06 07  336   4.9  -9  671.64  -49.8  -48.5  -46.8  54 -99
SPO 2026 09 06 08  329   4.7  -9  671.39  -49.5  -48.2  -46.6  55 -99
SPO 2026 09 06 09  333   4.8  -9  671.10  -50.3  -47.8  -46.2  54 -99
SPO 2026 09 06 10  349   5.6  -9  670.71  -50.8  -47.7  -45.9  54 -99
SPO 2026 09 06 11  356   5.4  -9  670.52  -52.3  -48.0  -46.7  53 -99
SPO 2026 09 06 12  360   5.2  -9  670.23  -52.0  -49.0  -47.1  53 -99
SPO 2026 09 06 13  357   5.3  -9  670.01  -52.1  -49.0  -47.0  53 -99
SPO 2026 09 06 14    1   5.2  -9  669.80  -52.1  -50.1  -47.2  53 -99
SPO 2026 09 06 15    0   5.8  -9  669.79  -53.3  -50.4  -47.2  52 -99
SPO 2026 09 06 16  358   5.4  -9  670.19  -54.4  -50.8  -47.3  51 -99
SPO 2026 09 06 17  354   5.0  -9  670.65  -54.9  -51.1  -47.4  51 -99
SPO 2026 09 06 18    0   4.2  -9  671.16  -56.3  -51.9  -48.3  50 -99
SPO 2026 09 06 19   10   4.1  -9  671.75  -58.7  -52.3  -48.3  47 -99
SPO 2026 09 06 20   12   4.6  -9  672.47  -61.7  -52.8  -48.8  45 -99
SPO 2026 09 06 21   12   4.6  -9  673.28  -59.2  -53.9  -48.9  45 -99
SPO 2026 09 06 22   10   4.4  -9  674.02  -60.1  -54.1  -49.1  47 -99
SPO 2026 09 06 23   13   4.4  -9  674.62  -63.4  -54.6  -49.5  44 -99
